TIMESTAMP,ContextTokens,GeneratedTokens
2024-05-10 00:00:00.262229+00:00,1243,14
2024-05-10 00:00:00.340976+00:00,1483,71
2024-05-10 00:00:00.384485+00:00,1265,4
2024-05-10 00:00:00.509464+00:00,1602,13
2024-05-10 00:00:00.509897+00:00,1401,3
2024-05-10 00:00:00.517554+00:00,1760,70
2024-05-10 00:00:00.767126+00:00,1196,18
2024-05-10 00:00:01.083434+00:00,1803,20
2024-05-10 00:00:01.508869+00:00,1603,21
2024-05-10 00:00:01.517479+00:00,2041,1
2024-05-10 00:00:01.759946+00:00,1604,49
2024-05-10 00:00:01.787135+00:00,1434,14
2024-05-10 00:00:02.262176+00:00,1603,12
2024-05-10 00:00:02.268705+00:00,1775,97
2024-05-10 00:00:02.338011+00:00,1476,4
2024-05-10 00:00:02.547246+00:00,1125,26
2024-05-10 00:00:02.768403+00:00,1188,3
2024-05-10 00:00:02.892679+00:00,1960,3
2024-05-10 00:00:03.389841+00:00,1983,3
2024-05-10 00:00:03.517675+00:00,1823,54
2024-05-10 00:00:03.537763+00:00,1539,6
2024-05-10 00:00:03.761723+00:00,1604,33
2024-05-10 00:00:03.788452+00:00,1437,10
2024-05-10 00:00:03.789665+00:00,1539,11
2024-05-10 00:00:03.792404+00:00,1728,5
2024-05-10 00:00:03.889064+00:00,1983,3
2024-05-10 00:00:04.037935+00:00,1728,5
2024-05-10 00:00:04.085475+00:00,1477,7
2024-05-10 00:00:04.086808+00:00,1403,28
2024-05-10 00:00:04.155504+00:00,1922,7
2024-05-10 00:00:04.156058+00:00,1291,14
2024-05-10 00:00:04.286875+00:00,1728,3
2024-05-10 00:00:04.514734+00:00,1403,1
2024-05-10 00:00:04.517554+00:00,1390,27
2024-05-10 00:00:04.584244+00:00,1146,73
2024-05-10 00:00:04.635212+00:00,1508,508
2024-05-10 00:00:05.082309+00:00,1857,1
2024-05-10 00:00:05.084557+00:00,1406,14
2024-05-10 00:00:05.333956+00:00,1857,1
2024-05-10 00:00:05.335520+00:00,1479,1
2024-05-10 00:00:05.335829+00:00,1406,12
2024-05-10 00:00:05.650703+00:00,1207,30
2024-05-10 00:00:05.835872+00:00,1857,2
2024-05-10 00:00:05.837454+00:00,1480,3
2024-05-10 00:00:05.837659+00:00,1407,1
2024-05-10 00:00:06.085438+00:00,1408,17
2024-05-10 00:00:06.521942+00:00,1310,8
2024-05-10 00:00:06.755557+00:00,1032,222
2024-05-10 00:00:06.838894+00:00,1478,3
2024-05-10 00:00:07.401739+00:00,1211,5
2024-05-10 00:00:07.901360+00:00,1213,1
2024-05-10 00:00:07.903586+00:00,1294,3
2024-05-10 00:00:08.400565+00:00,1212,5
2024-05-10 00:00:08.504535+00:00,1150,27
2024-05-10 00:00:08.589874+00:00,1856,2
2024-05-10 00:00:08.590435+00:00,1479,1
2024-05-10 00:00:08.651349+00:00,1225,3
2024-05-10 00:00:08.791584+00:00,1729,4
2024-05-10 00:00:08.836111+00:00,1388,39
2024-05-10 00:00:08.836452+00:00,1479,13
2024-05-10 00:00:09.256788+00:00,1098,3
2024-05-10 00:00:09.257273+00:00,1150,10
2024-05-10 00:00:09.334925+00:00,1480,12
2024-05-10 00:00:09.404382+00:00,1532,127
2024-05-10 00:00:09.404928+00:00,1295,8
2024-05-10 00:00:09.653451+00:00,1296,3
2024-05-10 00:00:09.755595+00:00,1507,3
2024-05-10 00:00:09.902277+00:00,1298,18
2024-05-10 00:00:10.082743+00:00,1858,5
2024-05-10 00:00:10.788655+00:00,1728,2
2024-05-10 00:00:11.016125+00:00,1706,277
2024-05-10 00:00:11.257255+00:00,1032,106
2024-05-10 00:00:11.331767+00:00,1026,6
2024-05-10 00:00:11.537954+00:00,1103,54
2024-05-10 00:00:11.584888+00:00,1862,16
2024-05-10 00:00:11.756558+00:00,1034,61
2024-05-10 00:00:11.787213+00:00,1103,8
2024-05-10 00:00:11.881238+00:00,1390,9
2024-05-10 00:00:12.005722+00:00,1035,9
2024-05-10 00:00:12.082032+00:00,1482,7
2024-05-10 00:00:12.082928+00:00,1391,4
2024-05-10 00:00:12.289024+00:00,1103,61
2024-05-10 00:00:13.009549+00:00,1246,1
2024-05-10 00:00:13.038334+00:00,1135,16
2024-05-10 00:00:13.132748+00:00,1393,59
2024-05-10 00:00:13.509196+00:00,1633,17
2024-05-10 00:00:13.509916+00:00,1246,25
2024-05-10 00:00:13.832923+00:00,1062,18
2024-05-10 00:00:13.901751+00:00,1296,16
2024-05-10 00:00:14.007861+00:00,1037,59
2024-05-10 00:00:14.036875+00:00,1098,51
2024-05-10 00:00:14.085383+00:00,1483,1
2024-05-10 00:00:14.131541+00:00,1630,10
2024-05-10 00:00:14.133178+00:00,1509,3
2024-05-10 00:00:14.257475+00:00,1247,1
2024-05-10 00:00:14.287717+00:00,1104,17
2024-05-10 00:00:14.402053+00:00,1298,17
2024-05-10 00:00:14.583466+00:00,1483,1
2024-05-10 00:00:14.767664+00:00,1820,9
2024-05-10 00:00:14.787275+00:00,1103,12
2024-05-10 00:00:14.832447+00:00,1877,3
2024-05-10 00:00:14.834271+00:00,1395,9
2024-05-10 00:00:15.023000+00:00,1838,9
2024-05-10 00:00:15.152153+00:00,1299,6
2024-05-10 00:00:15.259725+00:00,1247,53
2024-05-10 00:00:15.759442+00:00,1248,34
2024-05-10 00:00:15.883945+00:00,1783,15
2024-05-10 00:00:16.082161+00:00,1254,11
2024-05-10 00:00:16.511689+00:00,1247,41
2024-05-10 00:00:16.652028+00:00,1299,9
2024-05-10 00:00:16.832376+00:00,1069,11
2024-05-10 00:00:16.836191+00:00,1397,10
2024-05-10 00:00:17.010402+00:00,1248,23
2024-05-10 00:00:17.038926+00:00,1106,16
2024-05-10 00:00:17.258061+00:00,1248,22
2024-05-10 00:00:17.583355+00:00,1254,17
2024-05-10 00:00:17.652661+00:00,1300,8
2024-05-10 00:00:17.832221+00:00,1439,10
2024-05-10 00:00:18.151524+00:00,1225,2
2024-05-10 00:00:18.260477+00:00,1232,31
2024-05-10 00:00:18.333165+00:00,1070,11
2024-05-10 00:00:18.542170+00:00,1109,13
2024-05-10 00:00:18.585899+00:00,1440,19
2024-05-10 00:00:18.652237+00:00,1301,26
2024-05-10 00:00:18.761188+00:00,1233,19
2024-05-10 00:00:18.833885+00:00,1486,15
2024-05-10 00:00:19.155241+00:00,1302,22
2024-05-10 00:00:19.400452+00:00,1214,9
2024-05-10 00:00:19.759926+00:00,1236,26
2024-05-10 00:00:19.901094+00:00,1305,1
2024-05-10 00:00:20.020085+00:00,1357,23
2024-05-10 00:00:20.083247+00:00,1908,38
2024-05-10 00:00:20.152043+00:00,1214,9
2024-05-10 00:00:20.153363+00:00,1305,25
2024-05-10 00:00:20.260220+00:00,1117,78
2024-05-10 00:00:20.269882+00:00,1358,1
2024-05-10 00:00:20.293180+00:00,1110,12
2024-05-10 00:00:20.335397+00:00,1487,1
2024-05-10 00:00:20.402120+00:00,1305,1
2024-05-10 00:00:20.583996+00:00,1908,27
2024-05-10 00:00:20.833809+00:00,1908,14
2024-05-10 00:00:20.833992+00:00,1255,18
2024-05-10 00:00:20.901961+00:00,1306,1
2024-05-10 00:00:21.044173+00:00,1110,12
2024-05-10 00:00:21.086029+00:00,1034,20
2024-05-10 00:00:21.292308+00:00,1525,9
2024-05-10 00:00:21.401954+00:00,1218,22
2024-05-10 00:00:21.403983+00:00,1308,1
2024-05-10 00:00:21.404967+00:00,1309,1
2024-05-10 00:00:21.543184+00:00,1889,5
2024-05-10 00:00:21.584475+00:00,1489,1
2024-05-10 00:00:21.767010+00:00,1037,29
2024-05-10 00:00:21.803919+00:00,1110,18
2024-05-10 00:00:21.832592+00:00,1077,4
2024-05-10 00:00:22.004409+00:00,1589,4
2024-05-10 00:00:22.017432+00:00,1037,14
2024-05-10 00:00:22.043959+00:00,1891,9
2024-05-10 00:00:22.081780+00:00,1490,1
2024-05-10 00:00:22.266993+00:00,1037,5
2024-05-10 00:00:22.592390+00:00,1486,7
2024-05-10 00:00:22.651596+00:00,1414,1
2024-05-10 00:00:22.792540+00:00,1893,3
2024-05-10 00:00:22.831951+00:00,1255,17
2024-05-10 00:00:22.901185+00:00,1219,20
2024-05-10 00:00:22.903033+00:00,1315,1
2024-05-10 00:00:22.903721+00:00,1414,2
2024-05-10 00:00:23.017911+00:00,1037,71
2024-05-10 00:00:23.040179+00:00,1893,3
2024-05-10 00:00:23.381628+00:00,1045,3
2024-05-10 00:00:23.400304+00:00,1315,28
2024-05-10 00:00:23.582156+00:00,1489,4
2024-05-10 00:00:23.651145+00:00,1415,2
2024-05-10 00:00:24.517067+00:00,1119,25
2024-05-10 00:00:24.541048+00:00,1890,27
2024-05-10 00:00:24.787491+00:00,1108,12
2024-05-10 00:00:24.833905+00:00,1489,3
2024-05-10 00:00:25.006077+00:00,1173,2
2024-05-10 00:00:25.042887+00:00,1108,14
2024-05-10 00:00:25.155440+00:00,1133,9
2024-05-10 00:00:25.293251+00:00,1890,4
2024-05-10 00:00:25.333138+00:00,1492,1
2024-05-10 00:00:25.633964+00:00,1401,1
2024-05-10 00:00:25.777309+00:00,1120,21
2024-05-10 00:00:25.780210+00:00,1038,30
2024-05-10 00:00:25.790107+00:00,1890,4
2024-05-10 00:00:26.287455+00:00,1337,6
2024-05-10 00:00:26.337170+00:00,1489,14
2024-05-10 00:00:26.388540+00:00,1402,15
2024-05-10 00:00:26.588285+00:00,1455,4
2024-05-10 00:00:26.890594+00:00,1404,13
2024-05-10 00:00:26.913293+00:00,1567,19
2024-05-10 00:00:27.037731+00:00,1338,1
2024-05-10 00:00:27.277242+00:00,1122,128
2024-05-10 00:00:27.537979+00:00,1762,4
2024-05-10 00:00:27.538105+00:00,1338,12
2024-05-10 00:00:27.583150+00:00,1047,264
2024-05-10 00:00:27.583658+00:00,1353,11
2024-05-10 00:00:27.776072+00:00,1942,9
2024-05-10 00:00:27.787185+00:00,1536,19
2024-05-10 00:00:27.833968+00:00,1078,3
2024-05-10 00:00:28.051260+00:00,1536,13
2024-05-10 00:00:28.084383+00:00,1353,3
2024-05-10 00:00:28.088135+00:00,1491,12
2024-05-10 00:00:28.333006+00:00,1079,14
2024-05-10 00:00:28.528214+00:00,1114,6
2024-05-10 00:00:28.530691+00:00,1080,15
2024-05-10 00:00:28.537985+00:00,1336,16
2024-05-10 00:00:28.584268+00:00,1353,11
2024-05-10 00:00:28.586526+00:00,1494,9
2024-05-10 00:00:28.587271+00:00,1763,4
2024-05-10 00:00:28.756971+00:00,1593,20
2024-05-10 00:00:29.028640+00:00,1081,16
2024-05-10 00:00:29.279850+00:00,1114,6
2024-05-10 00:00:29.297133+00:00,1336,31
2024-05-10 00:00:29.332240+00:00,1353,9
2024-05-10 00:00:29.334665+00:00,1495,10
2024-05-10 00:00:29.537731+00:00,1426,19
2024-05-10 00:00:29.588787+00:00,1353,3
2024-05-10 00:00:29.590239+00:00,1254,10
2024-05-10 00:00:29.592690+00:00,1766,1
2024-05-10 00:00:29.834851+00:00,1355,9
2024-05-10 00:00:29.880872+00:00,1402,1
2024-05-10 00:00:29.902142+00:00,1233,2
2024-05-10 00:00:30.027658+00:00,1942,16
2024-05-10 00:00:30.037805+00:00,1425,14
2024-05-10 00:00:30.340857+00:00,1803,2
2024-05-10 00:00:30.633739+00:00,1402,12
2024-05-10 00:00:31.337111+00:00,1504,18
2024-05-10 00:00:31.405312+00:00,1315,13
2024-05-10 00:00:32.021381+00:00,1388,3
2024-05-10 00:00:32.513808+00:00,1246,20
2024-05-10 00:00:32.592146+00:00,1357,1
2024-05-10 00:00:32.592338+00:00,1252,4
2024-05-10 00:00:32.592451+00:00,1579,11
2024-05-10 00:00:32.771790+00:00,1945,19
2024-05-10 00:00:32.772549+00:00,1388,3
2024-05-10 00:00:33.024981+00:00,1388,3
2024-05-10 00:00:33.264660+00:00,1592,24
2024-05-10 00:00:33.337573+00:00,1357,8
2024-05-10 00:00:33.407550+00:00,1604,8
2024-05-10 00:00:33.524853+00:00,1948,3
2024-05-10 00:00:33.525336+00:00,1390,4
2024-05-10 00:00:33.526055+00:00,1188,16
2024-05-10 00:00:33.586169+00:00,1495,1
2024-05-10 00:00:33.657649+00:00,1316,153
2024-05-10 00:00:33.660036+00:00,1604,20
2024-05-10 00:00:33.834730+00:00,1494,9
2024-05-10 00:00:33.882223+00:00,1503,15
2024-05-10 00:00:33.885005+00:00,1402,49
2024-05-10 00:00:34.023860+00:00,1391,2
2024-05-10 00:00:34.274248+00:00,1187,1
2024-05-10 00:00:34.275567+00:00,1187,1
2024-05-10 00:00:34.510993+00:00,1425,50
2024-05-10 00:00:34.524882+00:00,1187,9
2024-05-10 00:00:34.536513+00:00,1338,203
2024-05-10 00:00:34.755651+00:00,1650,11
2024-05-10 00:00:34.790482+00:00,1337,31
2024-05-10 00:00:34.880674+00:00,1504,1
2024-05-10 00:00:34.906035+00:00,1608,10
2024-05-10 00:00:34.906677+00:00,1608,1
2024-05-10 00:00:35.024812+00:00,1187,19
2024-05-10 00:00:35.151874+00:00,1609,1
2024-05-10 00:00:35.271748+00:00,1649,60
2024-05-10 00:00:35.272113+00:00,1184,2
2024-05-10 00:00:35.536764+00:00,1731,3
2024-05-10 00:00:35.633583+00:00,1405,75
2024-05-10 00:00:36.151547+00:00,1096,12
2024-05-10 00:00:36.153469+00:00,1611,4
2024-05-10 00:00:36.154132+00:00,1611,1
2024-05-10 00:00:36.259585+00:00,1269,6
2024-05-10 00:00:36.392742+00:00,1504,127
2024-05-10 00:00:36.517211+00:00,1391,2
2024-05-10 00:00:36.526768+00:00,1537,28
2024-05-10 00:00:36.652000+00:00,1612,1
2024-05-10 00:00:36.789502+00:00,1338,18
2024-05-10 00:00:36.900591+00:00,1612,1
2024-05-10 00:00:37.017425+00:00,1393,2
2024-05-10 00:00:37.022269+00:00,1538,3
2024-05-10 00:00:37.268115+00:00,1538,1
2024-05-10 00:00:37.403444+00:00,1315,1
2024-05-10 00:00:37.404653+00:00,1613,20
2024-05-10 00:00:37.509889+00:00,1269,6
2024-05-10 00:00:37.522398+00:00,1538,3
2024-05-10 00:00:37.522927+00:00,1764,17
2024-05-10 00:00:37.635480+00:00,1504,42
2024-05-10 00:00:37.653509+00:00,1316,22
2024-05-10 00:00:37.767455+00:00,1189,14
2024-05-10 00:00:38.019770+00:00,1182,71
2024-05-10 00:00:38.028425+00:00,1539,2
2024-05-10 00:00:38.087115+00:00,1252,4
2024-05-10 00:00:38.337632+00:00,1507,13
2024-05-10 00:00:38.401668+00:00,1615,19
2024-05-10 00:00:38.900477+00:00,1615,3
2024-05-10 00:00:39.157531+00:00,1615,12
2024-05-10 00:00:39.267733+00:00,1261,25
2024-05-10 00:00:39.404082+00:00,1616,27
2024-05-10 00:00:39.519468+00:00,1767,11
2024-05-10 00:00:39.546517+00:00,1554,17
2024-05-10 00:00:39.754243+00:00,1248,20
2024-05-10 00:00:40.042859+00:00,1554,13
2024-05-10 00:00:40.087753+00:00,1517,3
2024-05-10 00:00:40.139510+00:00,1638,11
2024-05-10 00:00:40.153203+00:00,1315,14
2024-05-10 00:00:40.334171+00:00,1187,13
2024-05-10 00:00:41.025249+00:00,1540,15
2024-05-10 00:00:41.087862+00:00,1254,6
2024-05-10 00:00:41.269329+00:00,1541,2
2024-05-10 00:00:41.345399+00:00,1409,2
2024-05-10 00:00:41.520805+00:00,1542,1
2024-05-10 00:00:42.009125+00:00,1457,121
2024-05-10 00:00:42.258602+00:00,1410,28
2024-05-10 00:00:43.037733+00:00,1152,12
2024-05-10 00:00:43.090698+00:00,1253,4
2024-05-10 00:00:43.266254+00:00,1274,30
2024-05-10 00:00:44.153126+00:00,1920,10
2024-05-10 00:00:44.156408+00:00,1317,21
2024-05-10 00:00:44.288954+00:00,1154,7
2024-05-10 00:00:44.520785+00:00,1768,13
2024-05-10 00:00:44.542236+00:00,1154,9
2024-05-10 00:00:44.651942+00:00,1315,24
2024-05-10 00:00:45.031972+00:00,1768,13
2024-05-10 00:00:45.163215+00:00,1315,14
2024-05-10 00:00:45.276291+00:00,1768,5
2024-05-10 00:00:45.521593+00:00,1768,13
2024-05-10 00:00:45.766842+00:00,1258,13
2024-05-10 00:00:46.153470+00:00,1315,13
2024-05-10 00:00:46.267259+00:00,1768,13
2024-05-10 00:00:46.345300+00:00,1047,4
2024-05-10 00:00:46.654043+00:00,1235,4
2024-05-10 00:00:46.655161+00:00,1923,4
2024-05-10 00:00:46.766732+00:00,1921,9
2024-05-10 00:00:46.786993+00:00,1158,17
2024-05-10 00:00:46.835624+00:00,2033,6
2024-05-10 00:00:47.003111+00:00,1248,1
2024-05-10 00:00:47.131238+00:00,1549,4
2024-05-10 00:00:47.381803+00:00,1548,4
2024-05-10 00:00:47.754105+00:00,1330,2
2024-05-10 00:00:47.882176+00:00,1548,4
2024-05-10 00:00:48.089243+00:00,1050,24
2024-05-10 00:00:48.381915+00:00,1917,21
2024-05-10 00:00:48.405775+00:00,1237,3
2024-05-10 00:00:49.005452+00:00,1127,25
2024-05-10 00:00:49.038622+00:00,1891,9
2024-05-10 00:00:49.165120+00:00,1926,1
2024-05-10 00:00:49.252849+00:00,1330,1
2024-05-10 00:00:49.271517+00:00,1917,72
2024-05-10 00:00:49.382479+00:00,1851,12
2024-05-10 00:00:49.503019+00:00,1331,1
2024-05-10 00:00:49.537858+00:00,1425,8
2024-05-10 00:00:49.585288+00:00,1050,1
2024-05-10 00:00:49.787661+00:00,1898,3
2024-05-10 00:00:50.041889+00:00,1426,15
2024-05-10 00:00:50.088582+00:00,1051,6
2024-05-10 00:00:50.160031+00:00,1928,12
2024-05-10 00:00:50.271718+00:00,1929,95
2024-05-10 00:00:50.546304+00:00,1494,1
2024-05-10 00:00:50.772520+00:00,1388,5
2024-05-10 00:00:50.798666+00:00,1424,13
2024-05-10 00:00:51.024303+00:00,1388,2
2024-05-10 00:00:51.024420+00:00,1535,1
2024-05-10 00:00:51.275992+00:00,1388,60
2024-05-10 00:00:51.282180+00:00,1535,4
2024-05-10 00:00:51.336245+00:00,2036,3
2024-05-10 00:00:51.405285+00:00,1314,5
2024-05-10 00:00:51.406227+00:00,1927,1
2024-05-10 00:00:51.526387+00:00,1535,5
2024-05-10 00:00:51.527423+00:00,1771,11
2024-05-10 00:00:51.548156+00:00,1314,13
2024-05-10 00:00:51.657702+00:00,1315,5
2024-05-10 00:00:51.913289+00:00,1926,13
2024-05-10 00:00:52.336052+00:00,1052,11
2024-05-10 00:00:52.337202+00:00,2038,1
2024-05-10 00:00:52.382294+00:00,1629,1
2024-05-10 00:00:52.411119+00:00,1316,2
2024-05-10 00:00:52.788673+00:00,1535,1
2024-05-10 00:00:52.790703+00:00,1535,4
2024-05-10 00:00:53.008748+00:00,1249,14
2024-05-10 00:00:53.253436+00:00,1333,2
2024-05-10 00:00:53.280120+00:00,1542,1
2024-05-10 00:00:53.783362+00:00,1541,14
2024-05-10 00:00:54.288228+00:00,1217,2
2024-05-10 00:00:54.410155+00:00,1320,1
2024-05-10 00:00:54.410465+00:00,1319,1
2024-05-10 00:00:54.410772+00:00,1319,1
2024-05-10 00:00:54.524699+00:00,1396,259
2024-05-10 00:00:54.586965+00:00,1058,3
2024-05-10 00:00:54.660963+00:00,1927,9
2024-05-10 00:00:54.880865+00:00,1632,1
2024-05-10 00:00:54.907318+00:00,1320,1
2024-05-10 00:00:54.908718+00:00,1929,9
2024-05-10 00:00:55.029268+00:00,1396,45
2024-05-10 00:00:55.657412+00:00,1929,9
2024-05-10 00:00:55.844411+00:00,1056,3
2024-05-10 00:00:55.912088+00:00,1085,3
2024-05-10 00:00:55.915692+00:00,1320,1
2024-05-10 00:00:56.157909+00:00,1236,4
2024-05-10 00:00:56.287267+00:00,1156,2
2024-05-10 00:00:56.287449+00:00,1111,22
2024-05-10 00:00:56.339745+00:00,1249,13
2024-05-10 00:00:56.410258+00:00,1319,9
2024-05-10 00:00:56.667079+00:00,1236,4
2024-05-10 00:00:56.671386+00:00,1319,9
2024-05-10 00:00:56.838524+00:00,1058,1
2024-05-10 00:00:57.036422+00:00,1111,33
2024-05-10 00:00:57.037558+00:00,1155,9
2024-05-10 00:00:57.088855+00:00,1249,6
2024-05-10 00:00:57.153500+00:00,1320,4
2024-05-10 00:00:57.273224+00:00,1404,15
2024-05-10 00:00:57.338782+00:00,1060,1
2024-05-10 00:00:57.539492+00:00,1153,3
2024-05-10 00:00:57.586265+00:00,1765,4
2024-05-10 00:00:57.671704+00:00,1932,3
2024-05-10 00:00:57.673645+00:00,1320,19
2024-05-10 00:00:57.834646+00:00,1365,4
2024-05-10 00:00:57.901561+00:00,1932,6
2024-05-10 00:00:58.088670+00:00,1766,1
2024-05-10 00:00:58.159896+00:00,1931,6
2024-05-10 00:00:58.263110+00:00,1970,9
2024-05-10 00:00:58.270148+00:00,1918,9
2024-05-10 00:00:58.770344+00:00,1920,1
2024-05-10 00:00:58.907622+00:00,1931,8
2024-05-10 00:00:59.023624+00:00,1920,5
2024-05-10 00:00:59.520639+00:00,1918,9
2024-05-10 00:00:59.791499+00:00,1113,28
2024-05-10 00:00:59.903997+00:00,1932,3
2024-05-10 00:01:00.019335+00:00,1920,5
2024-05-10 00:01:00.270340+00:00,1920,5
2024-05-10 00:01:00.288763+00:00,1114,27
2024-05-10 00:01:00.407555+00:00,1932,7
2024-05-10 00:01:00.518673+00:00,1152,12
2024-05-10 00:01:00.540804+00:00,1114,16
2024-05-10 00:01:00.753672+00:00,1518,3
2024-05-10 00:01:00.768814+00:00,1920,5
2024-05-10 00:01:01.023531+00:00,1840,1
2024-05-10 00:01:01.252887+00:00,1977,2
2024-05-10 00:01:01.270770+00:00,1841,9
2024-05-10 00:01:01.338620+00:00,1986,22
2024-05-10 00:01:01.409224+00:00,1933,7
2024-05-10 00:01:01.774360+00:00,1924,18
2024-05-10 00:01:01.790544+00:00,1117,22
2024-05-10 00:01:02.052150+00:00,1795,15
2024-05-10 00:01:02.270579+00:00,1924,18
2024-05-10 00:01:02.342010+00:00,1603,12
2024-05-10 00:01:02.405292+00:00,1707,18
2024-05-10 00:01:02.904831+00:00,1237,3
2024-05-10 00:01:03.293905+00:00,1117,16
2024-05-10 00:01:03.296243+00:00,1398,11
2024-05-10 00:01:03.589373+00:00,1059,12
2024-05-10 00:01:03.771274+00:00,1926,1
2024-05-10 00:01:03.881857+00:00,1915,13
2024-05-10 00:01:04.021852+00:00,1192,7
2024-05-10 00:01:04.022131+00:00,1926,12
2024-05-10 00:01:04.294000+00:00,1117,24
2024-05-10 00:01:04.383382+00:00,1917,1
2024-05-10 00:01:04.517498+00:00,1188,43
2024-05-10 00:01:04.631834+00:00,1917,15
2024-05-10 00:01:04.789685+00:00,1398,8
2024-05-10 00:01:05.006956+00:00,1418,14
2024-05-10 00:01:05.259291+00:00,1470,3
2024-05-10 00:01:05.406861+00:00,1089,2
2024-05-10 00:01:05.590806+00:00,1766,2
2024-05-10 00:01:05.846738+00:00,1765,3
2024-05-10 00:01:05.904957+00:00,1881,74
2024-05-10 00:01:06.388525+00:00,1559,4
2024-05-10 00:01:06.588184+00:00,1766,3
2024-05-10 00:01:06.661984+00:00,1629,9
2024-05-10 00:01:06.773046+00:00,1186,46
2024-05-10 00:01:06.841918+00:00,1766,1
2024-05-10 00:01:06.842549+00:00,1766,1
2024-05-10 00:01:07.025485+00:00,1916,82
2024-05-10 00:01:07.094568+00:00,1766,1
2024-05-10 00:01:07.166602+00:00,1629,4
2024-05-10 00:01:07.277076+00:00,1406,1
2024-05-10 00:01:07.292145+00:00,1121,18
2024-05-10 00:01:07.418144+00:00,1630,14
2024-05-10 00:01:07.590358+00:00,1767,5
2024-05-10 00:01:07.773163+00:00,1406,4
2024-05-10 00:01:07.792353+00:00,1123,12
2024-05-10 00:01:07.839631+00:00,1405,1
2024-05-10 00:01:08.018420+00:00,1406,4
2024-05-10 00:01:08.024731+00:00,1784,14
2024-05-10 00:01:08.540384+00:00,1123,12
2024-05-10 00:01:08.914739+00:00,1293,3
2024-05-10 00:01:09.137337+00:00,1504,68
2024-05-10 00:01:10.517811+00:00,1406,4
2024-05-10 00:01:10.758016+00:00,1615,1
2024-05-10 00:01:10.887089+00:00,1880,3
2024-05-10 00:01:11.041695+00:00,1154,3
2024-05-10 00:01:11.338901+00:00,1365,25
2024-05-10 00:01:11.594618+00:00,1061,21
2024-05-10 00:01:11.599511+00:00,1728,7
2024-05-10 00:01:12.090312+00:00,1728,14
2024-05-10 00:01:12.835742+00:00,1516,3
2024-05-10 00:01:13.018888+00:00,2029,2
2024-05-10 00:01:13.258344+00:00,1425,13
2024-05-10 00:01:13.415266+00:00,1159,21
2024-05-10 00:01:13.521285+00:00,2029,2
2024-05-10 00:01:13.538049+00:00,1157,18
2024-05-10 00:01:13.592791+00:00,1521,4
2024-05-10 00:01:15.040213+00:00,1858,17
2024-05-10 00:01:15.085605+00:00,1982,1
2024-05-10 00:01:15.587762+00:00,1982,16
2024-05-10 00:01:16.091520+00:00,1983,1
2024-05-10 00:01:16.584302+00:00,1983,15
2024-05-10 00:01:17.019580+00:00,2012,8
2024-05-10 00:01:17.082941+00:00,1956,15
2024-05-10 00:01:17.582918+00:00,2018,8
2024-05-10 00:01:18.333468+00:00,2016,15
2024-05-10 00:01:18.834406+00:00,1606,1
2024-05-10 00:01:19.786844+00:00,1530,12
2024-05-10 00:01:20.541711+00:00,1305,16
2024-05-10 00:01:20.655603+00:00,1707,13
2024-05-10 00:01:20.788523+00:00,1162,60
2024-05-10 00:01:21.538185+00:00,1531,35
2024-05-10 00:01:21.584558+00:00,2016,3
2024-05-10 00:01:21.786891+00:00,1531,4
2024-05-10 00:01:21.906070+00:00,1708,1
2024-05-10 00:01:22.042660+00:00,1532,5
2024-05-10 00:01:22.135280+00:00,1527,13
2024-05-10 00:01:22.154792+00:00,1630,14
2024-05-10 00:01:22.288234+00:00,1300,75
2024-05-10 00:01:22.537288+00:00,1533,9
2024-05-10 00:01:22.656979+00:00,1708,58
2024-05-10 00:01:23.157997+00:00,1631,15
2024-05-10 00:01:23.542431+00:00,1534,6
2024-05-10 00:01:23.544356+00:00,1214,11
2024-05-10 00:01:23.638110+00:00,1528,10
2024-05-10 00:01:23.789031+00:00,1534,1
2024-05-10 00:01:24.289628+00:00,1534,8
2024-05-10 00:01:24.400285+00:00,1083,8
2024-05-10 00:01:24.791678+00:00,1535,6
2024-05-10 00:01:25.288238+00:00,1449,1
2024-05-10 00:01:25.545351+00:00,1536,6
2024-05-10 00:01:25.546259+00:00,1165,13
2024-05-10 00:01:26.294738+00:00,1166,14
2024-05-10 00:01:26.337493+00:00,1163,6
2024-05-10 00:01:26.774760+00:00,1449,1
2024-05-10 00:01:26.833250+00:00,2016,17
2024-05-10 00:01:27.160223+00:00,1084,9
2024-05-10 00:01:27.333719+00:00,1552,17
2024-05-10 00:01:29.022838+00:00,1449,1
2024-05-10 00:01:29.582449+00:00,1168,100
2024-05-10 00:01:29.631188+00:00,1764,9
2024-05-10 00:01:30.291094+00:00,1171,3
2024-05-10 00:01:30.331863+00:00,2017,14
2024-05-10 00:01:30.406949+00:00,1714,7
2024-05-10 00:01:31.021528+00:00,1650,9
2024-05-10 00:01:31.044555+00:00,1168,12
2024-05-10 00:01:31.153745+00:00,1086,2
2024-05-10 00:01:31.253768+00:00,1236,15
2024-05-10 00:01:31.631516+00:00,2034,6
2024-05-10 00:01:31.771686+00:00,1652,7
2024-05-10 00:01:32.253442+00:00,1247,12
2024-05-10 00:01:32.507453+00:00,1177,2
2024-05-10 00:01:32.521082+00:00,1653,13
2024-05-10 00:01:32.587735+00:00,1878,3
2024-05-10 00:01:32.832280+00:00,1877,4
2024-05-10 00:01:33.381987+00:00,1820,1
2024-05-10 00:01:33.583084+00:00,1059,1
2024-05-10 00:01:33.793786+00:00,1169,19
2024-05-10 00:01:34.021323+00:00,1653,1
2024-05-10 00:01:34.082389+00:00,1058,2
2024-05-10 00:01:34.255488+00:00,1178,6
2024-05-10 00:01:34.524669+00:00,1411,4
2024-05-10 00:01:34.769582+00:00,1654,3
2024-05-10 00:01:34.903620+00:00,1165,3
2024-05-10 00:01:35.836174+00:00,2018,22
2024-05-10 00:01:35.882294+00:00,1822,4
2024-05-10 00:01:36.082714+00:00,1244,9
2024-05-10 00:01:36.332703+00:00,1058,2
2024-05-10 00:01:36.505011+00:00,1189,14
2024-05-10 00:01:36.787851+00:00,1172,14
2024-05-10 00:01:37.257456+00:00,1190,16
2024-05-10 00:01:37.269870+00:00,1411,5
2024-05-10 00:01:37.521752+00:00,1411,4
2024-05-10 00:01:37.526682+00:00,1808,7
2024-05-10 00:01:37.652805+00:00,1029,3
2024-05-10 00:01:37.757761+00:00,1535,2
2024-05-10 00:01:38.083465+00:00,2019,26
2024-05-10 00:01:38.266658+00:00,1411,3
2024-05-10 00:01:38.274462+00:00,1655,2
2024-05-10 00:01:38.387989+00:00,2033,5
2024-05-10 00:01:38.400620+00:00,1031,9
2024-05-10 00:01:38.517071+00:00,1411,5
2024-05-10 00:01:38.650975+00:00,1031,16
2024-05-10 00:01:39.082564+00:00,1196,3
2024-05-10 00:01:39.135495+00:00,2036,5
2024-05-10 00:01:39.154205+00:00,1031,38
2024-05-10 00:01:39.386773+00:00,2037,1
2024-05-10 00:01:39.766936+00:00,1413,4
2024-05-10 00:01:39.833090+00:00,2020,15
2024-05-10 00:01:40.332117+00:00,2020,1
2024-05-10 00:01:40.400777+00:00,1857,1
2024-05-10 00:01:40.584352+00:00,1482,22
2024-05-10 00:01:40.904384+00:00,1857,3
2024-05-10 00:01:41.584648+00:00,1052,242
2024-05-10 00:01:41.587687+00:00,1557,12
2024-05-10 00:01:41.905202+00:00,1039,12
2024-05-10 00:01:41.906935+00:00,1857,3
2024-05-10 00:01:42.133320+00:00,1825,4
2024-05-10 00:01:42.332041+00:00,1481,1
2024-05-10 00:01:42.333442+00:00,1053,179
2024-05-10 00:01:42.336930+00:00,1723,13
2024-05-10 00:01:42.406228+00:00,1857,3
2024-05-10 00:01:42.754519+00:00,1429,10
2024-05-10 00:01:42.758473+00:00,1194,14
2024-05-10 00:01:42.903413+00:00,1857,2
2024-05-10 00:01:43.258532+00:00,1216,1
2024-05-10 00:01:43.259010+00:00,1195,28
2024-05-10 00:01:43.334286+00:00,1053,1
2024-05-10 00:01:43.337090+00:00,1738,12
2024-05-10 00:01:43.587572+00:00,1554,23
2024-05-10 00:01:43.588327+00:00,1816,4
2024-05-10 00:01:44.004528+00:00,1432,31
2024-05-10 00:01:44.086913+00:00,1609,1
2024-05-10 00:01:44.333582+00:00,1053,246
2024-05-10 00:01:44.508508+00:00,1196,12
2024-05-10 00:01:44.516725+00:00,1914,1
2024-05-10 00:01:44.584536+00:00,1066,26
2024-05-10 00:01:44.901919+00:00,1038,26
2024-05-10 00:01:45.008520+00:00,1196,21
2024-05-10 00:01:45.279880+00:00,1449,1
2024-05-10 00:01:45.503353+00:00,1043,31
2024-05-10 00:01:45.584376+00:00,1066,47
2024-05-10 00:01:46.332585+00:00,1067,30
2024-05-10 00:01:46.512075+00:00,1197,12
2024-05-10 00:01:46.540676+00:00,1904,15
2024-05-10 00:01:46.832479+00:00,1067,41
2024-05-10 00:01:47.008482+00:00,1197,5
2024-05-10 00:01:47.043061+00:00,1906,11
2024-05-10 00:01:47.044283+00:00,1906,3
2024-05-10 00:01:47.132622+00:00,1581,212
2024-05-10 00:01:47.260347+00:00,1198,5
2024-05-10 00:01:47.407135+00:00,1676,3
2024-05-10 00:01:47.511779+00:00,1198,21
2024-05-10 00:01:47.518122+00:00,1914,3
2024-05-10 00:01:47.542798+00:00,1907,10
2024-05-10 00:01:47.584058+00:00,1069,12
2024-05-10 00:01:47.586190+00:00,1581,212
2024-05-10 00:01:47.658074+00:00,1677,8
2024-05-10 00:01:48.333939+00:00,1584,6
2024-05-10 00:01:48.770527+00:00,1914,4
2024-05-10 00:01:48.834395+00:00,1558,1
2024-05-10 00:01:49.158237+00:00,1858,2
2024-05-10 00:01:49.297617+00:00,1796,7
2024-05-10 00:01:49.832128+00:00,1558,23
2024-05-10 00:01:49.901230+00:00,1858,5
2024-05-10 00:01:50.082594+00:00,1610,4
2024-05-10 00:01:50.291670+00:00,1798,19
2024-05-10 00:01:50.381901+00:00,1758,3
2024-05-10 00:01:50.400398+00:00,1086,12
2024-05-10 00:01:50.505584+00:00,1670,3
2024-05-10 00:01:50.525926+00:00,1915,4
2024-05-10 00:01:50.584229+00:00,1558,14
2024-05-10 00:01:51.005349+00:00,1201,8
2024-05-10 00:01:51.256753+00:00,1201,12
2024-05-10 00:01:51.302616+00:00,2023,7
2024-05-10 00:01:51.542659+00:00,1916,1
2024-05-10 00:01:51.542724+00:00,1799,16
2024-05-10 00:01:51.653785+00:00,1859,4
2024-05-10 00:01:52.043685+00:00,1917,11
2024-05-10 00:01:52.382936+00:00,1641,6
2024-05-10 00:01:53.332270+00:00,1615,1
2024-05-10 00:01:53.544143+00:00,1800,22
2024-05-10 00:01:53.650535+00:00,1087,2
2024-05-10 00:01:53.880945+00:00,1513,1
2024-05-10 00:01:54.083115+00:00,1896,10
2024-05-10 00:01:54.084711+00:00,1618,56
2024-05-10 00:01:54.583495+00:00,1897,15
2024-05-10 00:01:55.082185+00:00,1071,4
2024-05-10 00:01:55.085764+00:00,1557,21
2024-05-10 00:01:55.296262+00:00,1800,18
2024-05-10 00:01:55.836869+00:00,1070,31
2024-05-10 00:01:56.152454+00:00,1088,9
2024-05-10 00:01:56.333034+00:00,1900,17
2024-05-10 00:01:56.517418+00:00,1451,4
2024-05-10 00:01:56.544344+00:00,1801,7
2024-05-10 00:01:56.650910+00:00,1089,9
2024-05-10 00:01:57.041868+00:00,1802,18
2024-05-10 00:01:57.086579+00:00,1078,8
2024-05-10 00:01:57.591133+00:00,1072,29
2024-05-10 00:01:57.591539+00:00,1078,13
2024-05-10 00:01:58.044836+00:00,1802,11
2024-05-10 00:01:58.254156+00:00,1202,2
2024-05-10 00:01:58.294708+00:00,1801,19
2024-05-10 00:01:58.344762+00:00,1072,26
2024-05-10 00:01:58.654065+00:00,1771,4
2024-05-10 00:01:58.755701+00:00,1203,6
2024-05-10 00:01:58.794853+00:00,1800,18
2024-05-10 00:01:58.905957+00:00,1772,3
2024-05-10 00:01:59.296638+00:00,1800,19
2024-05-10 00:01:59.591668+00:00,1427,31
2024-05-10 00:02:00.087027+00:00,1082,13
2024-05-10 00:02:00.153611+00:00,1064,28
2024-05-10 00:02:02.090551+00:00,1380,9
2024-05-10 00:02:02.506432+00:00,1207,1
2024-05-10 00:02:03.152070+00:00,1070,6
2024-05-10 00:02:03.337977+00:00,1084,3
2024-05-10 00:02:04.087487+00:00,1596,16
2024-05-10 00:02:04.400715+00:00,1396,3
2024-05-10 00:02:04.902441+00:00,1402,8
2024-05-10 00:02:05.043159+00:00,1172,48
2024-05-10 00:02:05.091276+00:00,1811,87
2024-05-10 00:02:05.092365+00:00,1095,20
2024-05-10 00:02:05.155410+00:00,1815,13
2024-05-10 00:02:05.382332+00:00,1562,4
2024-05-10 00:02:05.401308+00:00,1816,12
2024-05-10 00:02:05.503807+00:00,1791,13
2024-05-10 00:02:05.507508+00:00,1204,12
2024-05-10 00:02:05.631395+00:00,1562,1
2024-05-10 00:02:05.902563+00:00,1815,13
2024-05-10 00:02:06.131112+00:00,1563,3
2024-05-10 00:02:06.382752+00:00,1563,3
2024-05-10 00:02:06.405344+00:00,1816,12
2024-05-10 00:02:06.902508+00:00,1094,24
2024-05-10 00:02:07.334651+00:00,1522,4
2024-05-10 00:02:07.335077+00:00,1102,1
2024-05-10 00:02:07.756020+00:00,1205,1
2024-05-10 00:02:07.902373+00:00,1070,6
2024-05-10 00:02:07.903126+00:00,1096,23
2024-05-10 00:02:07.906391+00:00,1713,12
2024-05-10 00:02:08.881935+00:00,1566,1
2024-05-10 00:02:09.042284+00:00,1402,6
2024-05-10 00:02:09.042879+00:00,1402,6
2024-05-10 00:02:09.043455+00:00,1402,6
2024-05-10 00:02:09.253024+00:00,1205,3
2024-05-10 00:02:09.291622+00:00,1402,6
2024-05-10 00:02:09.524099+00:00,1736,22
2024-05-10 00:02:09.538306+00:00,1402,6
2024-05-10 00:02:09.650129+00:00,1096,23
2024-05-10 00:02:09.788721+00:00,1402,8
2024-05-10 00:02:10.039425+00:00,1402,6
2024-05-10 00:02:10.288720+00:00,1402,8
2024-05-10 00:02:10.651607+00:00,1096,61
2024-05-10 00:02:10.882349+00:00,1771,18
2024-05-10 00:02:11.044529+00:00,1402,2
2024-05-10 00:02:11.300337+00:00,1402,1
2024-05-10 00:02:11.301211+00:00,1402,6
2024-05-10 00:02:11.301906+00:00,1402,6
2024-05-10 00:02:11.550985+00:00,1402,9
2024-05-10 00:02:11.551695+00:00,1402,6
2024-05-10 00:02:11.797224+00:00,1402,6
2024-05-10 00:02:12.027745+00:00,1510,3
2024-05-10 00:02:12.300361+00:00,1402,6
2024-05-10 00:02:12.524694+00:00,1448,1
2024-05-10 00:02:12.546507+00:00,1403,18
2024-05-10 00:02:12.793833+00:00,1181,26
2024-05-10 00:02:12.796330+00:00,1403,10
2024-05-10 00:02:13.288525+00:00,1181,32
2024-05-10 00:02:13.291322+00:00,1403,18
2024-05-10 00:02:13.338512+00:00,1246,5
2024-05-10 00:02:13.404309+00:00,1862,11
2024-05-10 00:02:13.536993+00:00,1403,15
2024-05-10 00:02:13.538161+00:00,1403,18
2024-05-10 00:02:13.654464+00:00,1861,64
2024-05-10 00:02:13.655806+00:00,1862,13
2024-05-10 00:02:13.789352+00:00,1403,18
2024-05-10 00:02:13.790267+00:00,1403,18
2024-05-10 00:02:14.039423+00:00,1404,6
2024-05-10 00:02:14.040636+00:00,1404,16
2024-05-10 00:02:14.288127+00:00,1404,13
2024-05-10 00:02:14.289422+00:00,1404,15
2024-05-10 00:02:14.401180+00:00,1070,11
2024-05-10 00:02:14.538227+00:00,1405,14
2024-05-10 00:02:14.787833+00:00,1405,14
2024-05-10 00:02:14.838670+00:00,1247,18
2024-05-10 00:02:15.038321+00:00,1084,8
2024-05-10 00:02:15.289975+00:00,1084,16
2024-05-10 00:02:15.585336+00:00,1249,13
2024-05-10 00:02:15.651479+00:00,1861,18
2024-05-10 00:02:17.133731+00:00,1775,3
2024-05-10 00:02:17.519750+00:00,1218,1
2024-05-10 00:02:17.651297+00:00,1109,40
2024-05-10 00:02:18.038398+00:00,1406,12
2024-05-10 00:02:18.915824+00:00,1108,1
2024-05-10 00:02:18.917060+00:00,1078,3
2024-05-10 00:02:19.402266+00:00,1108,4
2024-05-10 00:02:20.006494+00:00,1807,3
2024-05-10 00:02:20.047837+00:00,1084,15
2024-05-10 00:02:20.903120+00:00,1109,8
2024-05-10 00:02:21.038699+00:00,1183,21
2024-05-10 00:02:21.040839+00:00,1120,1
2024-05-10 00:02:21.260854+00:00,1807,5
2024-05-10 00:02:21.637859+00:00,1776,2
2024-05-10 00:02:21.661074+00:00,1453,43
2024-05-10 00:02:21.661385+00:00,1109,34
2024-05-10 00:02:21.788765+00:00,1280,2
2024-05-10 00:02:21.840500+00:00,1610,63
2024-05-10 00:02:22.007979+00:00,1785,22
2024-05-10 00:02:22.161499+00:00,1907,4
2024-05-10 00:02:22.541609+00:00,1280,1
2024-05-10 00:02:22.653878+00:00,1111,2
2024-05-10 00:02:23.158059+00:00,1454,65
2024-05-10 00:02:23.403659+00:00,1111,3
2024-05-10 00:02:24.404894+00:00,1111,2
2024-05-10 00:02:24.835782+00:00,1609,16
2024-05-10 00:02:24.901763+00:00,1111,4
2024-05-10 00:02:25.541203+00:00,1168,23
2024-05-10 00:02:26.585220+00:00,1202,156
2024-05-10 00:02:26.631265+00:00,1138,3
2024-05-10 00:02:26.756229+00:00,1313,16
2024-05-10 00:02:27.583486+00:00,1609,37
2024-05-10 00:02:27.584913+00:00,1376,9
2024-05-10 00:02:27.757475+00:00,1313,14
2024-05-10 00:02:28.385083+00:00,1834,40
2024-05-10 00:02:28.405668+00:00,1954,14
2024-05-10 00:02:28.757015+00:00,1373,24
2024-05-10 00:02:28.901161+00:00,1111,16
2024-05-10 00:02:29.047360+00:00,1184,14
2024-05-10 00:02:29.293277+00:00,1507,9
2024-05-10 00:02:29.335696+00:00,1378,10
2024-05-10 00:02:29.517500+00:00,1444,4
2024-05-10 00:02:29.584245+00:00,1378,10
2024-05-10 00:02:30.543282+00:00,1509,25
2024-05-10 00:02:30.584299+00:00,1216,114
2024-05-10 00:02:30.797654+00:00,1401,10
2024-05-10 00:02:30.798341+00:00,1401,7
2024-05-10 00:02:31.044792+00:00,1509,25
2024-05-10 00:02:31.045413+00:00,1401,1
2024-05-10 00:02:31.046358+00:00,1401,10
2024-05-10 00:02:31.288137+00:00,1401,10
2024-05-10 00:02:31.383341+00:00,1268,24
2024-05-10 00:02:31.388673+00:00,1836,43
2024-05-10 00:02:31.540356+00:00,1404,21
2024-05-10 00:02:31.632223+00:00,1140,3
2024-05-10 00:02:32.018413+00:00,1267,16
2024-05-10 00:02:32.155545+00:00,1209,2
2024-05-10 00:02:32.539101+00:00,1404,14
2024-05-10 00:02:32.636654+00:00,1253,19
2024-05-10 00:02:32.832386+00:00,1610,4
2024-05-10 00:02:33.542048+00:00,1184,18
2024-05-10 00:02:34.156451+00:00,1266,255
2024-05-10 00:02:34.272941+00:00,1070,7
2024-05-10 00:02:34.296774+00:00,1162,4
2024-05-10 00:02:34.543206+00:00,1513,23
2024-05-10 00:02:34.543361+00:00,1186,16
2024-05-10 00:02:34.545167+00:00,1161,1
2024-05-10 00:02:34.545722+00:00,1405,12
2024-05-10 00:02:34.583263+00:00,1909,3
2024-05-10 00:02:35.041955+00:00,1405,12
2024-05-10 00:02:35.042710+00:00,1405,12
2024-05-10 00:02:35.043384+00:00,1405,7
2024-05-10 00:02:35.084061+00:00,1981,3
2024-05-10 00:02:35.291161+00:00,1514,4
2024-05-10 00:02:35.293120+00:00,1405,12
2024-05-10 00:02:35.332426+00:00,1107,9
2024-05-10 00:02:35.545120+00:00,1405,12
2024-05-10 00:02:35.545560+00:00,1161,1
2024-05-10 00:02:35.637143+00:00,1258,15
2024-05-10 00:02:35.774164+00:00,1825,4
2024-05-10 00:02:35.790163+00:00,1187,2
2024-05-10 00:02:35.836661+00:00,1110,1
2024-05-10 00:02:36.037168+00:00,1406,14
2024-05-10 00:02:36.287700+00:00,1186,15
2024-05-10 00:02:36.289630+00:00,1162,1
2024-05-10 00:02:36.332225+00:00,1113,1
2024-05-10 00:02:36.536500+00:00,1407,12
2024-05-10 00:02:36.585118+00:00,1113,1
2024-05-10 00:02:36.766773+00:00,1844,1
2024-05-10 00:02:36.833887+00:00,1113,17
2024-05-10 00:02:37.040221+00:00,1164,1
2024-05-10 00:02:37.082155+00:00,1221,156
2024-05-10 00:02:37.288032+00:00,1179,23
2024-05-10 00:02:37.585238+00:00,1632,217
2024-05-10 00:02:37.788474+00:00,1179,41
2024-05-10 00:02:37.790355+00:00,1163,1
2024-05-10 00:02:38.038570+00:00,1162,6
2024-05-10 00:02:38.151696+00:00,1765,2
2024-05-10 00:02:38.287571+00:00,1162,5
2024-05-10 00:02:38.332965+00:00,1115,13
2024-05-10 00:02:38.522934+00:00,1070,7
2024-05-10 00:02:38.538541+00:00,1162,5
2024-05-10 00:02:39.293348+00:00,1164,1
2024-05-10 00:02:39.538557+00:00,1180,6
2024-05-10 00:02:39.584513+00:00,1253,60
2024-05-10 00:02:40.524291+00:00,1067,6
2024-05-10 00:02:40.655504+00:00,1113,3
2024-05-10 00:02:40.787448+00:00,1164,82
2024-05-10 00:02:40.900750+00:00,1768,2
2024-05-10 00:02:41.280895+00:00,1414,9
2024-05-10 00:02:41.537777+00:00,1166,4
2024-05-10 00:02:41.636319+00:00,1678,40
2024-05-10 00:02:41.904038+00:00,1768,3
2024-05-10 00:02:42.389238+00:00,1678,43
2024-05-10 00:02:42.389645+00:00,1114,12
2024-05-10 00:02:42.400672+00:00,1768,3
2024-05-10 00:02:42.587499+00:00,1636,2
2024-05-10 00:02:42.641959+00:00,1678,8
2024-05-10 00:02:42.651042+00:00,1767,1
2024-05-10 00:02:43.082805+00:00,1635,1
2024-05-10 00:02:43.269185+00:00,1412,44
2024-05-10 00:02:43.585098+00:00,1635,2
2024-05-10 00:02:43.651439+00:00,1702,33
2024-05-10 00:02:44.087681+00:00,1636,1
2024-05-10 00:02:44.151961+00:00,1459,6
2024-05-10 00:02:44.153321+00:00,1954,3
2024-05-10 00:02:44.401835+00:00,1955,17
2024-05-10 00:02:44.584167+00:00,1614,4
2024-05-10 00:02:44.585136+00:00,1127,21
2024-05-10 00:02:44.652112+00:00,1972,13
2024-05-10 00:02:45.025293+00:00,1340,25
2024-05-10 00:02:45.083281+00:00,1614,3
2024-05-10 00:02:45.332326+00:00,1661,3
2024-05-10 00:02:45.392595+00:00,1917,1
2024-05-10 00:02:45.520255+00:00,1828,3
2024-05-10 00:02:45.582745+00:00,1127,10
2024-05-10 00:02:45.583717+00:00,1614,3
2024-05-10 00:02:45.588193+00:00,1661,17
2024-05-10 00:02:46.027778+00:00,1829,2
2024-05-10 00:02:46.029143+00:00,1339,21
2024-05-10 00:02:46.135963+00:00,1078,3
2024-05-10 00:02:46.264927+00:00,1515,9
2024-05-10 00:02:46.587178+00:00,1661,13
2024-05-10 00:02:46.635923+00:00,1919,28
2024-05-10 00:02:46.757345+00:00,1663,32
2024-05-10 00:02:46.903494+00:00,1059,2
2024-05-10 00:02:47.082942+00:00,1265,24
2024-05-10 00:02:47.333689+00:00,1134,16
2024-05-10 00:02:47.336308+00:00,1662,12
2024-05-10 00:02:47.388549+00:00,1547,9
2024-05-10 00:02:47.401571+00:00,1438,18
2024-05-10 00:02:47.518936+00:00,1830,1
2024-05-10 00:02:47.582702+00:00,1617,3
2024-05-10 00:02:47.638106+00:00,1078,3
2024-05-10 00:02:48.332147+00:00,1616,5
2024-05-10 00:02:48.537083+00:00,1422,56
2024-05-10 00:02:48.832405+00:00,1980,2
2024-05-10 00:02:48.909901+00:00,1955,13
2024-05-10 00:02:49.038180+00:00,1176,22
2024-05-10 00:02:49.082707+00:00,1033,9
2024-05-10 00:02:49.136307+00:00,1078,3
2024-05-10 00:02:49.331871+00:00,1980,2
2024-05-10 00:02:49.585123+00:00,1980,2
2024-05-10 00:02:49.650527+00:00,1957,1
2024-05-10 00:02:49.756348+00:00,1517,5
2024-05-10 00:02:49.786459+00:00,1174,46
2024-05-10 00:02:50.037680+00:00,1797,5
2024-05-10 00:02:50.652814+00:00,1959,1
2024-05-10 00:02:50.787902+00:00,1174,12
2024-05-10 00:02:50.890696+00:00,1547,9
2024-05-10 00:02:50.904603+00:00,1960,1
2024-05-10 00:02:50.905464+00:00,1960,1
2024-05-10 00:02:51.005360+00:00,1521,5
2024-05-10 00:02:51.036565+00:00,1797,45
2024-05-10 00:02:51.037616+00:00,1498,3
2024-05-10 00:02:51.156012+00:00,1961,1
2024-05-10 00:02:51.267057+00:00,1338,6
2024-05-10 00:02:51.288002+00:00,1499,2
2024-05-10 00:02:51.404753+00:00,1961,1
2024-05-10 00:02:51.538468+00:00,1798,37
2024-05-10 00:02:51.758663+00:00,1566,4
2024-05-10 00:02:51.909505+00:00,1961,1
2024-05-10 00:02:52.156385+00:00,1962,2
2024-05-10 00:02:52.645591+00:00,1549,4
2024-05-10 00:02:52.650402+00:00,1114,12
2024-05-10 00:02:52.651198+00:00,1236,9
2024-05-10 00:02:52.759923+00:00,1357,1
2024-05-10 00:02:52.905919+00:00,1963,49
2024-05-10 00:02:53.038745+00:00,1499,3
2024-05-10 00:02:53.133522+00:00,1078,3
2024-05-10 00:02:53.150429+00:00,1238,4
2024-05-10 00:02:53.401612+00:00,1238,4
2024-05-10 00:02:53.404378+00:00,1963,9
2024-05-10 00:02:53.405655+00:00,1964,1
2024-05-10 00:02:54.152375+00:00,1965,43
2024-05-10 00:02:54.286775+00:00,1500,2
2024-05-10 00:02:54.787636+00:00,1172,14
2024-05-10 00:02:54.832771+00:00,1268,15
2024-05-10 00:02:55.502744+00:00,1525,3
2024-05-10 00:02:55.522049+00:00,1238,1
2024-05-10 00:02:55.661636+00:00,1058,34
2024-05-10 00:02:55.788235+00:00,1238,7
2024-05-10 00:02:55.907620+00:00,1186,17
2024-05-10 00:02:56.083674+00:00,1633,148
2024-05-10 00:02:56.154170+00:00,1386,1
2024-05-10 00:02:56.287509+00:00,1239,6
2024-05-10 00:02:56.389113+00:00,1500,2
2024-05-10 00:02:56.402612+00:00,1187,1
2024-05-10 00:02:56.547473+00:00,1171,12
2024-05-10 00:02:56.550761+00:00,1239,6
2024-05-10 00:02:56.638674+00:00,1919,55
2024-05-10 00:02:56.753485+00:00,1526,2
2024-05-10 00:02:56.832924+00:00,1270,138
2024-05-10 00:02:56.907904+00:00,1384,1
2024-05-10 00:02:56.908128+00:00,1188,11
2024-05-10 00:02:57.045765+00:00,1239,6
2024-05-10 00:02:57.403856+00:00,1384,1
2024-05-10 00:02:57.545164+00:00,1239,6
2024-05-10 00:02:57.654622+00:00,1384,1
2024-05-10 00:02:57.927785+00:00,1382,3
2024-05-10 00:02:58.148834+00:00,1918,36
2024-05-10 00:02:58.163620+00:00,1384,10
2024-05-10 00:02:58.401092+00:00,1382,3
2024-05-10 00:02:58.900466+00:00,1723,13
2024-05-10 00:02:59.383218+00:00,1464,5
2024-05-10 00:02:59.637379+00:00,1465,1
2024-05-10 00:03:00.142466+00:00,1466,1
2024-05-10 00:03:00.256736+00:00,1818,7
2024-05-10 00:03:00.334339+00:00,1285,5
2024-05-10 00:03:00.386013+00:00,1466,1
2024-05-10 00:03:00.504138+00:00,1818,1
2024-05-10 00:03:00.650948+00:00,1064,38
2024-05-10 00:03:00.653012+00:00,1384,1
2024-05-10 00:03:00.794694+00:00,1899,17
2024-05-10 00:03:01.005942+00:00,1819,124
2024-05-10 00:03:01.392106+00:00,1915,13
2024-05-10 00:03:01.502694+00:00,1357,1
2024-05-10 00:03:01.539059+00:00,1979,11
2024-05-10 00:03:01.583491+00:00,1977,9
2024-05-10 00:03:01.648918+00:00,1919,64
2024-05-10 00:03:01.650450+00:00,1238,42
2024-05-10 00:03:02.252879+00:00,1557,9
2024-05-10 00:03:02.399254+00:00,1921,49
2024-05-10 00:03:02.586163+00:00,1033,9
2024-05-10 00:03:02.641432+00:00,1469,6
2024-05-10 00:03:02.895827+00:00,1922,15
2024-05-10 00:03:03.164550+00:00,1199,21
2024-05-10 00:03:03.290008+00:00,1116,16
2024-05-10 00:03:03.504000+00:00,1525,9
2024-05-10 00:03:04.332173+00:00,1035,6
2024-05-10 00:03:04.536338+00:00,1120,7
2024-05-10 00:03:04.583156+00:00,1035,1
2024-05-10 00:03:04.832431+00:00,1035,5
2024-05-10 00:03:04.910437+00:00,1064,82
2024-05-10 00:03:05.083332+00:00,1036,10
2024-05-10 00:03:05.839870+00:00,1282,102
2024-05-10 00:03:06.151809+00:00,1065,36
2024-05-10 00:03:06.883282+00:00,1923,119
2024-05-10 00:03:07.154762+00:00,1065,26
2024-05-10 00:03:07.537432+00:00,1252,1
2024-05-10 00:03:07.786982+00:00,1045,27
2024-05-10 00:03:07.788123+00:00,1252,11
2024-05-10 00:03:08.002686+00:00,1577,2
2024-05-10 00:03:08.502540+00:00,1357,4
2024-05-10 00:03:09.253116+00:00,1124,2
2024-05-10 00:03:09.414575+00:00,1065,1
2024-05-10 00:03:09.503594+00:00,1360,3
2024-05-10 00:03:09.903453+00:00,1066,5
2024-05-10 00:03:10.036020+00:00,1239,35
2024-05-10 00:03:10.096792+00:00,1692,22
2024-05-10 00:03:10.157217+00:00,1066,5
2024-05-10 00:03:10.287075+00:00,1124,283
2024-05-10 00:03:10.538452+00:00,1239,61
2024-05-10 00:03:10.594467+00:00,1642,4
2024-05-10 00:03:10.787188+00:00,1047,7
2024-05-10 00:03:11.038691+00:00,1128,6
2024-05-10 00:03:11.091569+00:00,1268,11
2024-05-10 00:03:11.163136+00:00,1066,25
2024-05-10 00:03:11.410544+00:00,1067,17
2024-05-10 00:03:11.509445+00:00,1824,70
2024-05-10 00:03:11.753892+00:00,1432,99
2024-05-10 00:03:12.039160+00:00,1255,10
2024-05-10 00:03:12.253927+00:00,1824,148
2024-05-10 00:03:12.537600+00:00,1047,12
2024-05-10 00:03:12.658534+00:00,1065,13
2024-05-10 00:03:12.880772+00:00,2027,1
2024-05-10 00:03:13.004890+00:00,1824,223
2024-05-10 00:03:13.100087+00:00,1510,23
2024-05-10 00:03:13.131388+00:00,2027,1
2024-05-10 00:03:13.287214+00:00,1048,10
2024-05-10 00:03:13.536835+00:00,1256,79
2024-05-10 00:03:13.545542+00:00,1238,9
2024-05-10 00:03:13.635316+00:00,1559,18
2024-05-10 00:03:13.780166+00:00,1238,9
2024-05-10 00:03:13.881211+00:00,2028,1
2024-05-10 00:03:14.135564+00:00,1831,4
2024-05-10 00:03:14.287437+00:00,1130,4
2024-05-10 00:03:14.382102+00:00,2028,8
2024-05-10 00:03:14.760965+00:00,1362,4
2024-05-10 00:03:14.788015+00:00,1162,32
2024-05-10 00:03:14.880995+00:00,2028,11
2024-05-10 00:03:15.012953+00:00,1844,1
2024-05-10 00:03:15.093214+00:00,2009,3
2024-05-10 00:03:15.275919+00:00,1240,1
2024-05-10 00:03:15.511451+00:00,1365,3
2024-05-10 00:03:15.843853+00:00,1123,3
2024-05-10 00:03:16.092075+00:00,2009,3
2024-05-10 00:03:16.130832+00:00,2038,1
2024-05-10 00:03:16.834922+00:00,1667,29
2024-05-10 00:03:16.835682+00:00,1282,7
2024-05-10 00:03:17.279129+00:00,1237,9
2024-05-10 00:03:17.537264+00:00,1181,30
2024-05-10 00:03:17.538607+00:00,1130,4
2024-05-10 00:03:17.583799+00:00,1672,16
2024-05-10 00:03:18.037250+00:00,1940,3
2024-05-10 00:03:18.037434+00:00,1130,8
2024-05-10 00:03:18.505645+00:00,1576,1
2024-05-10 00:03:18.537270+00:00,1362,3
2024-05-10 00:03:18.787132+00:00,1940,3
2024-05-10 00:03:18.835651+00:00,1996,14
2024-05-10 00:03:19.082106+00:00,1127,3
2024-05-10 00:03:19.132048+00:00,1834,19
2024-05-10 00:03:19.258160+00:00,1580,3
2024-05-10 00:03:19.582455+00:00,1129,1
2024-05-10 00:03:19.584629+00:00,1396,19
2024-05-10 00:03:20.168229+00:00,1083,4
2024-05-10 00:03:20.539152+00:00,1257,3
2024-05-10 00:03:20.583092+00:00,1127,2
2024-05-10 00:03:20.759451+00:00,1366,2
2024-05-10 00:03:20.792609+00:00,1257,23
2024-05-10 00:03:20.884535+00:00,1835,12
2024-05-10 00:03:20.908348+00:00,1202,8
2024-05-10 00:03:21.004838+00:00,1367,1
2024-05-10 00:03:21.082165+00:00,1120,5
2024-05-10 00:03:21.288294+00:00,1361,1
2024-05-10 00:03:21.540891+00:00,1360,2
2024-05-10 00:03:21.541265+00:00,1048,10
2024-05-10 00:03:21.584188+00:00,1284,42
2024-05-10 00:03:21.792748+00:00,1179,19
2024-05-10 00:03:21.880977+00:00,1276,9
2024-05-10 00:03:22.083836+00:00,1762,4
2024-05-10 00:03:22.292895+00:00,1495,13
2024-05-10 00:03:22.333851+00:00,1762,14
2024-05-10 00:03:22.590770+00:00,1119,5
2024-05-10 00:03:22.656469+00:00,1084,4
2024-05-10 00:03:22.881500+00:00,1832,3
2024-05-10 00:03:23.786915+00:00,1044,3
2024-05-10 00:03:24.159038+00:00,1084,4
2024-05-10 00:03:24.291664+00:00,1359,1
2024-05-10 00:03:24.331869+00:00,1289,60
2024-05-10 00:03:24.540199+00:00,1495,9
2024-05-10 00:03:24.540867+00:00,1358,2
2024-05-10 00:03:24.791405+00:00,1495,19
2024-05-10 00:03:25.003364+00:00,1795,3
2024-05-10 00:03:25.152183+00:00,1207,8
2024-05-10 00:03:25.333357+00:00,1121,14
2024-05-10 00:03:25.333971+00:00,1997,3
2024-05-10 00:03:25.650484+00:00,1084,16
2024-05-10 00:03:25.884962+00:00,1833,13
2024-05-10 00:03:26.025530+00:00,1340,6
2024-05-10 00:03:26.336521+00:00,2002,14
2024-05-10 00:03:26.840831+00:00,1679,9
2024-05-10 00:03:27.132800+00:00,1834,3
2024-05-10 00:03:27.503879+00:00,1798,14
2024-05-10 00:03:27.537522+00:00,1356,2
2024-05-10 00:03:27.587356+00:00,1679,65
2024-05-10 00:03:27.656207+00:00,1209,3
2024-05-10 00:03:28.038870+00:00,1495,6
2024-05-10 00:03:28.088193+00:00,1294,112
2024-05-10 00:03:28.786486+00:00,1134,13
2024-05-10 00:03:28.837718+00:00,2003,6
2024-05-10 00:03:29.040508+00:00,1245,9
2024-05-10 00:03:29.095643+00:00,2006,3
2024-05-10 00:03:29.252771+00:00,1368,3
2024-05-10 00:03:29.256170+00:00,1588,3
2024-05-10 00:03:29.290261+00:00,1245,9
2024-05-10 00:03:29.383123+00:00,1519,2
2024-05-10 00:03:29.788282+00:00,1133,4
2024-05-10 00:03:30.093084+00:00,1318,24
2024-05-10 00:03:30.252958+00:00,1660,3
2024-05-10 00:03:30.287058+00:00,1354,3
2024-05-10 00:03:30.287722+00:00,1940,13
2024-05-10 00:03:30.343593+00:00,1713,82
2024-05-10 00:03:30.589253+00:00,2006,3
2024-05-10 00:03:30.753249+00:00,1372,2
2024-05-10 00:03:31.087280+00:00,1176,3
2024-05-10 00:03:31.088794+00:00,1750,5
2024-05-10 00:03:31.342694+00:00,1750,3
2024-05-10 00:03:32.098579+00:00,1710,164
2024-05-10 00:03:32.153340+00:00,1084,19
2024-05-10 00:03:32.278299+00:00,1291,2
2024-05-10 00:03:32.502862+00:00,1372,2
2024-05-10 00:03:33.036542+00:00,1353,1
2024-05-10 00:03:33.091278+00:00,1705,9
2024-05-10 00:03:33.502482+00:00,1590,10
2024-05-10 00:03:34.511033+00:00,1803,13
2024-05-10 00:03:35.097856+00:00,2003,3
2024-05-10 00:03:35.287955+00:00,1495,5
2024-05-10 00:03:35.840013+00:00,1299,1
2024-05-10 00:03:36.287735+00:00,1350,2
2024-05-10 00:03:36.511107+00:00,1803,11
2024-05-10 00:03:36.787280+00:00,1057,31
2024-05-10 00:03:37.037468+00:00,1059,7
2024-05-10 00:03:37.257765+00:00,1104,3
2024-05-10 00:03:37.338981+00:00,1300,1
2024-05-10 00:03:37.537302+00:00,1059,7
2024-05-10 00:03:37.587300+00:00,1301,1
2024-05-10 00:03:37.787091+00:00,1059,7
2024-05-10 00:03:38.087568+00:00,1396,24
2024-05-10 00:03:38.337879+00:00,1396,1
2024-05-10 00:03:38.592571+00:00,1302,1
2024-05-10 00:03:38.902777+00:00,1211,2
2024-05-10 00:03:39.291599+00:00,2033,11
2024-05-10 00:03:39.402912+00:00,1035,21
2024-05-10 00:03:39.536866+00:00,1791,7
2024-05-10 00:03:40.152387+00:00,1034,16
2024-05-10 00:03:40.256097+00:00,1842,2
2024-05-10 00:03:40.333820+00:00,1305,1
2024-05-10 00:03:40.334529+00:00,1397,169
2024-05-10 00:03:40.583584+00:00,2010,28
2024-05-10 00:03:40.836016+00:00,1395,11
2024-05-10 00:03:40.903707+00:00,1034,12
2024-05-10 00:03:41.154090+00:00,1813,9
2024-05-10 00:03:41.506424+00:00,1842,2
2024-05-10 00:03:41.588137+00:00,1307,4
2024-05-10 00:03:41.633552+00:00,1280,9
2024-05-10 00:03:41.837885+00:00,1399,100
2024-05-10 00:03:42.333743+00:00,1399,244
2024-05-10 00:03:42.508512+00:00,1811,10
2024-05-10 00:03:42.900888+00:00,1513,13
2024-05-10 00:03:43.134468+00:00,1244,23
2024-05-10 00:03:43.333478+00:00,1684,25
2024-05-10 00:03:43.400422+00:00,1216,2
2024-05-10 00:03:43.401043+00:00,1887,1
2024-05-10 00:03:43.758901+00:00,1467,3
2024-05-10 00:03:43.833856+00:00,1518,3
2024-05-10 00:03:44.037955+00:00,1136,10
2024-05-10 00:03:44.083195+00:00,1684,27
2024-05-10 00:03:44.087277+00:00,1331,9
2024-05-10 00:03:44.138573+00:00,1244,29
2024-05-10 00:03:44.254660+00:00,1889,3
2024-05-10 00:03:44.585515+00:00,1308,49
2024-05-10 00:03:44.632638+00:00,1419,3
2024-05-10 00:03:45.082623+00:00,1419,7
2024-05-10 00:03:45.153021+00:00,1217,10
2024-05-10 00:03:45.383252+00:00,1100,14
2024-05-10 00:03:45.583846+00:00,1750,3
2024-05-10 00:03:45.638917+00:00,1101,21
2024-05-10 00:03:46.256320+00:00,1892,14
2024-05-10 00:03:46.387181+00:00,1393,8
2024-05-10 00:03:46.595725+00:00,2011,19
2024-05-10 00:03:46.759962+00:00,1894,39
2024-05-10 00:03:47.008991+00:00,1817,5
2024-05-10 00:03:47.037861+00:00,1997,29
2024-05-10 00:03:47.095695+00:00,1456,18
2024-05-10 00:03:47.137113+00:00,1454,37
2024-05-10 00:03:47.594725+00:00,1472,11
2024-05-10 00:03:47.789080+00:00,1099,46
2024-05-10 00:03:47.793198+00:00,1301,22
2024-05-10 00:03:48.290568+00:00,1301,15
2024-05-10 00:03:48.291339+00:00,1998,7
2024-05-10 00:03:48.908256+00:00,1515,4
2024-05-10 00:03:49.637728+00:00,1457,1
2024-05-10 00:03:49.907173+00:00,1226,11
2024-05-10 00:03:50.084353+00:00,1108,3
2024-05-10 00:03:50.141396+00:00,1550,41
2024-05-10 00:03:50.525239+00:00,1049,8
2024-05-10 00:03:50.549236+00:00,2002,3
2024-05-10 00:03:50.638020+00:00,1409,1
2024-05-10 00:03:50.661081+00:00,1519,20
2024-05-10 00:03:50.835021+00:00,2012,3
2024-05-10 00:03:51.391633+00:00,1458,315
2024-05-10 00:03:51.656973+00:00,1034,16
2024-05-10 00:03:51.657399+00:00,1237,1
2024-05-10 00:03:51.802178+00:00,1262,9
2024-05-10 00:03:51.885678+00:00,1459,58
2024-05-10 00:03:52.140928+00:00,1458,55
2024-05-10 00:03:52.261831+00:00,1697,15
2024-05-10 00:03:52.278032+00:00,1048,1
2024-05-10 00:03:52.299384+00:00,1260,11
2024-05-10 00:03:52.391769+00:00,1459,1
2024-05-10 00:03:52.522764+00:00,1049,12
2024-05-10 00:03:52.889154+00:00,1411,4
2024-05-10 00:03:53.287438+00:00,1103,85
2024-05-10 00:03:53.393948+00:00,1411,12
2024-05-10 00:03:53.638353+00:00,1376,6
2024-05-10 00:03:53.639055+00:00,1395,8
2024-05-10 00:03:53.782799+00:00,1053,21
2024-05-10 00:03:53.908489+00:00,1032,14
2024-05-10 00:03:54.141260+00:00,1460,262
2024-05-10 00:03:54.261150+00:00,1912,3
2024-05-10 00:03:54.387168+00:00,1462,1
2024-05-10 00:03:54.409675+00:00,1676,26
2024-05-10 00:03:54.586838+00:00,1108,3
2024-05-10 00:03:55.139003+00:00,1400,1
2024-05-10 00:03:55.403227+00:00,1971,3
2024-05-10 00:03:55.656322+00:00,1676,25
2024-05-10 00:03:55.880514+00:00,1462,259
2024-05-10 00:03:56.158629+00:00,1675,1
2024-05-10 00:03:56.158933+00:00,1035,11
2024-05-10 00:03:56.287422+00:00,1105,3
2024-05-10 00:03:56.509801+00:00,1820,13
2024-05-10 00:03:56.538943+00:00,1105,3
2024-05-10 00:03:56.630492+00:00,1464,22
2024-05-10 00:03:56.655394+00:00,1675,26
2024-05-10 00:03:56.770089+00:00,1473,8
2024-05-10 00:03:56.834450+00:00,1108,3
2024-05-10 00:03:56.907168+00:00,1675,26
2024-05-10 00:03:57.010460+00:00,1842,28
2024-05-10 00:03:57.037347+00:00,1105,3
2024-05-10 00:03:57.910547+00:00,1675,1
2024-05-10 00:03:57.911832+00:00,1034,13
2024-05-10 00:03:58.017858+00:00,1577,43
2024-05-10 00:03:58.086780+00:00,1108,3
2024-05-10 00:03:58.157265+00:00,1234,2
2024-05-10 00:03:58.158901+00:00,1675,19
2024-05-10 00:03:58.267336+00:00,1844,16
2024-05-10 00:03:58.336359+00:00,1125,7
2024-05-10 00:03:58.383410+00:00,1464,325
2024-05-10 00:03:58.518790+00:00,1577,60
2024-05-10 00:03:58.764849+00:00,1577,17
2024-05-10 00:03:59.156033+00:00,1234,13
2024-05-10 00:03:59.517315+00:00,1253,3
2024-05-10 00:03:59.656526+00:00,1679,18
2024-05-10 00:04:00.038040+00:00,1301,15
2024-05-10 00:04:00.136291+00:00,1385,1
2024-05-10 00:04:00.160462+00:00,1234,10
2024-05-10 00:04:00.348830+00:00,1163,3
2024-05-10 00:04:00.381522+00:00,1385,10
2024-05-10 00:04:00.406811+00:00,1682,13
2024-05-10 00:04:00.538057+00:00,1301,15
2024-05-10 00:04:00.588159+00:00,1166,13
2024-05-10 00:04:00.774040+00:00,1154,61
2024-05-10 00:04:00.909822+00:00,1234,13
2024-05-10 00:04:01.131240+00:00,1384,9
2024-05-10 00:04:01.631432+00:00,1384,9
2024-05-10 00:04:01.653495+00:00,1756,1
2024-05-10 00:04:01.756120+00:00,1474,3
2024-05-10 00:04:01.880981+00:00,1384,1
2024-05-10 00:04:02.131458+00:00,1385,1
2024-05-10 00:04:02.253712+00:00,1474,2
2024-05-10 00:04:02.277406+00:00,1158,47
2024-05-10 00:04:02.382315+00:00,1385,1
2024-05-10 00:04:02.538650+00:00,1614,157
2024-05-10 00:04:02.777292+00:00,1158,1
2024-05-10 00:04:02.847582+00:00,1169,12
2024-05-10 00:04:02.880983+00:00,1400,4
2024-05-10 00:04:02.882241+00:00,1385,8
2024-05-10 00:04:02.903453+00:00,1944,3
2024-05-10 00:04:03.089268+00:00,1135,2
2024-05-10 00:04:03.277591+00:00,1159,44
2024-05-10 00:04:03.286412+00:00,1247,6
2024-05-10 00:04:03.289378+00:00,1532,12
2024-05-10 00:04:03.290738+00:00,1532,27
2024-05-10 00:04:03.409038+00:00,1036,14
2024-05-10 00:04:03.631292+00:00,1388,5
2024-05-10 00:04:04.032352+00:00,1246,7
2024-05-10 00:04:04.160938+00:00,1685,1
2024-05-10 00:04:04.276139+00:00,1162,4
2024-05-10 00:04:04.284492+00:00,1406,5
2024-05-10 00:04:04.663661+00:00,1680,14
2024-05-10 00:04:04.837407+00:00,1060,19
2024-05-10 00:04:05.004448+00:00,1334,87
2024-05-10 00:04:05.096037+00:00,1168,7
2024-05-10 00:04:05.254767+00:00,1334,12
2024-05-10 00:04:05.393526+00:00,1436,3
2024-05-10 00:04:05.405049+00:00,1037,16
2024-05-10 00:04:05.503523+00:00,1581,1
2024-05-10 00:04:05.526986+00:00,1291,85
2024-05-10 00:04:05.536881+00:00,2004,1
2024-05-10 00:04:05.537786+00:00,1533,19
2024-05-10 00:04:05.637669+00:00,1392,67
2024-05-10 00:04:05.655939+00:00,1680,17
2024-05-10 00:04:05.773713+00:00,1580,1
2024-05-10 00:04:06.003003+00:00,1334,12
2024-05-10 00:04:06.140178+00:00,1392,61
2024-05-10 00:04:06.143559+00:00,1436,3
2024-05-10 00:04:06.406077+00:00,1517,3
2024-05-10 00:04:06.408152+00:00,1037,11
2024-05-10 00:04:06.502619+00:00,1582,24
2024-05-10 00:04:06.638662+00:00,1582,42
2024-05-10 00:04:07.666407+00:00,1685,16
2024-05-10 00:04:07.754549+00:00,1474,2
2024-05-10 00:04:07.910654+00:00,1039,11
2024-05-10 00:04:08.005097+00:00,1474,2
2024-05-10 00:04:08.083094+00:00,1038,20
2024-05-10 00:04:08.403707+00:00,1093,1
2024-05-10 00:04:08.502736+00:00,1431,3
2024-05-10 00:04:09.083658+00:00,1040,16
2024-05-10 00:04:09.390297+00:00,2015,1
2024-05-10 00:04:09.503983+00:00,1024,14
2024-05-10 00:04:09.538575+00:00,1103,82
2024-05-10 00:04:09.754355+00:00,1433,4
2024-05-10 00:04:09.786374+00:00,1297,26
2024-05-10 00:04:09.833186+00:00,2016,1
2024-05-10 00:04:09.886841+00:00,1397,11
2024-05-10 00:04:09.888623+00:00,1871,9
2024-05-10 00:04:09.903353+00:00,1039,7
2024-05-10 00:04:10.037930+00:00,1297,12
2024-05-10 00:04:10.253351+00:00,1433,12
2024-05-10 00:04:10.255735+00:00,2016,6
2024-05-10 00:04:10.388639+00:00,1397,9
2024-05-10 00:04:10.390448+00:00,1584,43
2024-05-10 00:04:10.407614+00:00,1039,22
2024-05-10 00:04:10.633194+00:00,1400,4
2024-05-10 00:04:11.138458+00:00,1399,9
2024-05-10 00:04:11.140774+00:00,1885,34
2024-05-10 00:04:11.385840+00:00,1588,1
2024-05-10 00:04:11.386248+00:00,1403,1
2024-05-10 00:04:11.503142+00:00,1434,10
2024-05-10 00:04:11.637518+00:00,1588,6
2024-05-10 00:04:11.756747+00:00,2016,5
2024-05-10 00:04:11.887090+00:00,1588,8
2024-05-10 00:04:12.005495+00:00,2016,6
2024-05-10 00:04:12.271631+00:00,1774,3
2024-05-10 00:04:12.405570+00:00,1241,2
2024-05-10 00:04:12.638427+00:00,1397,11
2024-05-10 00:04:13.387229+00:00,1583,37
2024-05-10 00:04:13.503971+00:00,2018,3
2024-05-10 00:04:13.525101+00:00,1774,2
2024-05-10 00:04:13.884797+00:00,1585,6
2024-05-10 00:04:13.901377+00:00,1242,10
2024-05-10 00:04:14.043877+00:00,1288,12
2024-05-10 00:04:14.253625+00:00,2019,1
2024-05-10 00:04:14.390148+00:00,1586,19
2024-05-10 00:04:14.636355+00:00,1406,1
2024-05-10 00:04:14.636838+00:00,1393,1
2024-05-10 00:04:14.756446+00:00,2020,4
2024-05-10 00:04:14.907637+00:00,1517,3
2024-05-10 00:04:15.255474+00:00,1785,3
2024-05-10 00:04:15.258612+00:00,1474,9
2024-05-10 00:04:15.506476+00:00,1785,3
2024-05-10 00:04:15.525503+00:00,1775,10
2024-05-10 00:04:15.772903+00:00,1774,1
2024-05-10 00:04:15.889250+00:00,1392,61
2024-05-10 00:04:16.004368+00:00,2021,5
2024-05-10 00:04:16.133611+00:00,1581,3
2024-05-10 00:04:16.252629+00:00,1785,3
2024-05-10 00:04:16.253950+00:00,1581,21
2024-05-10 00:04:16.386199+00:00,1581,3
2024-05-10 00:04:16.413485+00:00,1040,17
2024-05-10 00:04:16.504088+00:00,1581,1
2024-05-10 00:04:16.524173+00:00,1777,24
2024-05-10 00:04:16.754740+00:00,2022,4
2024-05-10 00:04:17.029616+00:00,1777,1
2024-05-10 00:04:17.407395+00:00,1039,17
2024-05-10 00:04:17.538752+00:00,1777,13
2024-05-10 00:04:17.543764+00:00,1778,12
2024-05-10 00:04:17.639120+00:00,1465,16
2024-05-10 00:04:17.643690+00:00,1581,2
2024-05-10 00:04:18.024445+00:00,1778,36
2024-05-10 00:04:18.135551+00:00,1210,3
2024-05-10 00:04:18.405277+00:00,1943,1
2024-05-10 00:04:18.655639+00:00,1041,21
2024-05-10 00:04:18.912204+00:00,1942,2
2024-05-10 00:04:19.084804+00:00,1878,4
2024-05-10 00:04:19.394591+00:00,1581,4
2024-05-10 00:04:19.395492+00:00,1212,7
2024-05-10 00:04:19.506774+00:00,1582,29
2024-05-10 00:04:19.637956+00:00,1589,1
2024-05-10 00:04:19.658702+00:00,1048,15
2024-05-10 00:04:19.837285+00:00,1878,4
2024-05-10 00:04:19.891041+00:00,1467,385
2024-05-10 00:04:19.891224+00:00,1590,18
2024-05-10 00:04:19.895566+00:00,1212,1
2024-05-10 00:04:20.149282+00:00,1468,40
2024-05-10 00:04:20.153627+00:00,1638,1
2024-05-10 00:04:20.394701+00:00,1638,5
2024-05-10 00:04:20.644016+00:00,1638,11
2024-05-10 00:04:20.653623+00:00,1098,5
2024-05-10 00:04:20.898420+00:00,1638,12
2024-05-10 00:04:21.140455+00:00,1468,256
2024-05-10 00:04:21.160075+00:00,1098,3
2024-05-10 00:04:21.386991+00:00,1468,1
2024-05-10 00:04:21.416204+00:00,1096,7
2024-05-10 00:04:21.635903+00:00,1468,1
2024-05-10 00:04:21.917999+00:00,1094,9
2024-05-10 00:04:22.259958+00:00,1582,3
2024-05-10 00:04:22.332900+00:00,1878,1
2024-05-10 00:04:22.591399+00:00,1878,5
2024-05-10 00:04:22.765045+00:00,1582,5
2024-05-10 00:04:22.886344+00:00,1469,253
2024-05-10 00:04:22.889941+00:00,1295,9
2024-05-10 00:04:23.085655+00:00,1341,166
2024-05-10 00:04:23.267185+00:00,1165,1
2024-05-10 00:04:23.759139+00:00,1324,7
2024-05-10 00:04:23.770767+00:00,1755,2
2024-05-10 00:04:23.896263+00:00,1297,8
2024-05-10 00:04:24.038383+00:00,1533,18
2024-05-10 00:04:24.140430+00:00,1469,463
2024-05-10 00:04:24.259804+00:00,1584,13
2024-05-10 00:04:24.519698+00:00,1754,9
2024-05-10 00:04:24.905868+00:00,1049,15
2024-05-10 00:04:25.014084+00:00,1584,11
2024-05-10 00:04:25.387217+00:00,1298,1
2024-05-10 00:04:25.516723+00:00,1166,2
2024-05-10 00:04:25.635372+00:00,1471,200
2024-05-10 00:04:25.647628+00:00,1429,53
2024-05-10 00:04:26.151491+00:00,1440,10
2024-05-10 00:04:26.153247+00:00,1298,124
2024-05-10 00:04:26.891782+00:00,1309,111
2024-05-10 00:04:26.900635+00:00,1735,13
2024-05-10 00:04:27.039890+00:00,2011,29
2024-05-10 00:04:27.152645+00:00,1047,15
2024-05-10 00:04:27.288334+00:00,1534,13
2024-05-10 00:04:27.289160+00:00,1534,10
2024-05-10 00:04:27.393476+00:00,1440,33
2024-05-10 00:04:27.537718+00:00,1534,14
2024-05-10 00:04:27.538761+00:00,1534,14
2024-05-10 00:04:27.638573+00:00,1592,1
2024-05-10 00:04:27.643032+00:00,1310,64
2024-05-10 00:04:27.790334+00:00,1534,1
2024-05-10 00:04:27.791556+00:00,1534,14
2024-05-10 00:04:27.887694+00:00,1592,8
2024-05-10 00:04:28.041726+00:00,1534,14
2024-05-10 00:04:28.086522+00:00,1346,52
2024-05-10 00:04:28.134902+00:00,1592,4
2024-05-10 00:04:28.540548+00:00,2012,3
2024-05-10 00:04:28.886298+00:00,1592,11
2024-05-10 00:04:29.138519+00:00,1549,18
2024-05-10 00:04:29.390060+00:00,1674,1
2024-05-10 00:04:29.537070+00:00,2016,3
2024-05-10 00:04:29.646100+00:00,1238,7
2024-05-10 00:04:29.647254+00:00,1594,15
2024-05-10 00:04:30.038367+00:00,1557,13
2024-05-10 00:04:30.290614+00:00,2016,3
2024-05-10 00:04:30.394764+00:00,1889,14
2024-05-10 00:04:30.633598+00:00,1594,13
2024-05-10 00:04:30.654247+00:00,1050,23
2024-05-10 00:04:30.769120+00:00,1376,2
2024-05-10 00:04:30.769927+00:00,1332,3
2024-05-10 00:04:31.408939+00:00,1243,1
2024-05-10 00:04:31.638120+00:00,1593,15
2024-05-10 00:04:31.793385+00:00,1488,15
2024-05-10 00:04:31.893237+00:00,1189,17
2024-05-10 00:04:31.910625+00:00,1242,2
2024-05-10 00:04:32.133880+00:00,1675,2
2024-05-10 00:04:32.163897+00:00,1247,2
2024-05-10 00:04:32.885759+00:00,1592,16
2024-05-10 00:04:33.162731+00:00,1052,10
2024-05-10 00:04:33.386478+00:00,1593,14
2024-05-10 00:04:33.407369+00:00,1096,14
2024-05-10 00:04:33.663249+00:00,1056,15
2024-05-10 00:04:33.758161+00:00,1335,3
2024-05-10 00:04:33.759690+00:00,1607,69
2024-05-10 00:04:33.885015+00:00,1552,16
2024-05-10 00:04:34.038220+00:00,1932,24
2024-05-10 00:04:34.333803+00:00,1262,19
2024-05-10 00:04:34.409601+00:00,1054,8
2024-05-10 00:04:34.658133+00:00,1098,9
2024-05-10 00:04:34.758307+00:00,1335,1
2024-05-10 00:04:34.766583+00:00,1165,29
2024-05-10 00:04:34.772744+00:00,1811,2
2024-05-10 00:04:34.911275+00:00,1056,19
2024-05-10 00:04:35.019791+00:00,1165,29
2024-05-10 00:04:35.633547+00:00,1191,7
2024-05-10 00:04:35.652000+00:00,1059,3
2024-05-10 00:04:35.763475+00:00,1195,3
2024-05-10 00:04:36.010614+00:00,1335,1
2024-05-10 00:04:36.027282+00:00,1607,18
2024-05-10 00:04:36.517151+00:00,1167,229
2024-05-10 00:04:36.767154+00:00,1167,190
2024-05-10 00:04:37.016507+00:00,1336,59
2024-05-10 00:04:37.517241+00:00,1168,157
2024-05-10 00:04:37.635556+00:00,1596,14
2024-05-10 00:04:37.651351+00:00,1056,16
2024-05-10 00:04:38.267789+00:00,1035,71
2024-05-10 00:04:38.290764+00:00,1452,3
2024-05-10 00:04:38.539831+00:00,1892,14
2024-05-10 00:04:38.630671+00:00,1595,1
2024-05-10 00:04:38.767756+00:00,1168,6
2024-05-10 00:04:39.383142+00:00,1597,1
2024-05-10 00:04:39.901150+00:00,1811,13
2024-05-10 00:04:40.016834+00:00,1613,58
2024-05-10 00:04:40.135308+00:00,1599,26
2024-05-10 00:04:41.767163+00:00,1170,9
2024-05-10 00:04:41.789229+00:00,1504,8
2024-05-10 00:04:42.401374+00:00,1058,16
2024-05-10 00:04:42.401621+00:00,1100,3
2024-05-10 00:04:42.517551+00:00,1170,6
2024-05-10 00:04:42.787081+00:00,1985,9
2024-05-10 00:04:42.901860+00:00,1100,3
2024-05-10 00:04:43.006779+00:00,1186,68
2024-05-10 00:04:43.157221+00:00,1064,14
2024-05-10 00:04:43.755447+00:00,1439,10
2024-05-10 00:04:43.766734+00:00,1172,1
2024-05-10 00:04:44.007713+00:00,1905,12
2024-05-10 00:04:44.387075+00:00,1609,25
2024-05-10 00:04:44.388268+00:00,1454,12
2024-05-10 00:04:44.538859+00:00,1339,12
2024-05-10 00:04:45.404947+00:00,1465,76
2024-05-10 00:04:45.516890+00:00,1252,5
2024-05-10 00:04:45.654481+00:00,1064,14
2024-05-10 00:04:45.760941+00:00,1906,49
2024-05-10 00:04:46.039630+00:00,1988,4
2024-05-10 00:04:46.653724+00:00,1844,17
2024-05-10 00:04:47.011891+00:00,1325,12
2024-05-10 00:04:47.132137+00:00,1489,2
2024-05-10 00:04:47.259012+00:00,1612,400
2024-05-10 00:04:48.092570+00:00,1108,3
2024-05-10 00:04:48.278418+00:00,1849,3
2024-05-10 00:04:48.278890+00:00,1649,2
2024-05-10 00:04:48.293267+00:00,1338,2
2024-05-10 00:04:48.789282+00:00,1649,1
2024-05-10 00:04:49.028254+00:00,1175,163
2024-05-10 00:04:49.029093+00:00,1253,47
2024-05-10 00:04:49.045007+00:00,1989,6
2024-05-10 00:04:49.284239+00:00,1389,12
2024-05-10 00:04:49.295799+00:00,1341,9
2024-05-10 00:04:49.297601+00:00,1989,6
2024-05-10 00:04:49.545176+00:00,1343,32
2024-05-10 00:04:49.547167+00:00,1866,9
2024-05-10 00:04:49.587790+00:00,1328,3
2024-05-10 00:04:49.655930+00:00,1827,14
2024-05-10 00:04:49.776100+00:00,1178,49
2024-05-10 00:04:50.156678+00:00,1693,3
2024-05-10 00:04:50.252603+00:00,1817,2
2024-05-10 00:04:50.336831+00:00,1330,28
2024-05-10 00:04:50.547642+00:00,1388,14
2024-05-10 00:04:50.841910+00:00,1330,28
2024-05-10 00:04:50.907918+00:00,1694,2
2024-05-10 00:04:51.038070+00:00,1142,12
2024-05-10 00:04:51.382117+00:00,1758,10
2024-05-10 00:04:51.788215+00:00,1760,8
2024-05-10 00:04:51.909881+00:00,1066,7
2024-05-10 00:04:52.135219+00:00,1159,1
2024-05-10 00:04:52.272895+00:00,1071,6
2024-05-10 00:04:52.841765+00:00,1331,8
2024-05-10 00:04:52.881133+00:00,1940,2
2024-05-10 00:04:53.007144+00:00,1209,2
2024-05-10 00:04:53.008049+00:00,1880,3
2024-05-10 00:04:53.048965+00:00,1989,6
2024-05-10 00:04:53.255074+00:00,1314,1
2024-05-10 00:04:53.662256+00:00,1038,3
2024-05-10 00:04:53.790667+00:00,1990,5
2024-05-10 00:04:53.847022+00:00,1565,76
2024-05-10 00:04:53.850608+00:00,1330,10
2024-05-10 00:04:53.905127+00:00,1037,3
2024-05-10 00:04:54.006252+00:00,1920,3
2024-05-10 00:04:54.412201+00:00,1809,3
2024-05-10 00:04:54.413069+00:00,1066,8
2024-05-10 00:04:54.597265+00:00,1278,9
2024-05-10 00:04:54.631029+00:00,1411,20
2024-05-10 00:04:55.159304+00:00,1067,4
2024-05-10 00:04:55.261883+00:00,1847,26
2024-05-10 00:04:55.656056+00:00,1067,12
2024-05-10 00:04:56.013184+00:00,1221,3
2024-05-10 00:04:56.099455+00:00,1261,8
2024-05-10 00:04:56.263469+00:00,1922,43
2024-05-10 00:04:56.351463+00:00,1262,6
2024-05-10 00:04:56.596460+00:00,1567,89
2024-05-10 00:04:56.838695+00:00,1567,20
2024-05-10 00:04:56.904705+00:00,2017,2
2024-05-10 00:04:57.263056+00:00,1922,26
2024-05-10 00:04:57.339638+00:00,1340,12
2024-05-10 00:04:57.518573+00:00,1852,7
2024-05-10 00:04:57.660300+00:00,1794,16
2024-05-10 00:04:57.767809+00:00,1220,5
2024-05-10 00:04:58.401276+00:00,1648,7
2024-05-10 00:04:58.650471+00:00,1792,16
2024-05-10 00:04:58.845865+00:00,1729,13
2024-05-10 00:04:58.900571+00:00,1648,21
2024-05-10 00:04:59.158171+00:00,1648,21
2024-05-10 00:04:59.259149+00:00,1922,18
2024-05-10 00:04:59.516746+00:00,1186,1
2024-05-10 00:04:59.536947+00:00,1766,4
2024-05-10 00:04:59.650321+00:00,2019,13
2024-05-10 00:04:59.787430+00:00,1766,2
2024-05-10 00:04:59.900330+00:00,1652,10
2024-05-10 00:05:00.018306+00:00,1186,2
2024-05-10 00:05:00.026737+00:00,1648,2
2024-05-10 00:05:00.254678+00:00,1190,13
2024-05-10 00:05:00.635877+00:00,1941,103
2024-05-10 00:05:00.652233+00:00,1655,73
2024-05-10 00:05:00.793554+00:00,2029,3
2024-05-10 00:05:00.901761+00:00,1774,3
2024-05-10 00:05:01.256887+00:00,1322,15
2024-05-10 00:05:01.400629+00:00,1658,3
2024-05-10 00:05:01.537194+00:00,2033,2
2024-05-10 00:05:01.838056+00:00,1729,20
2024-05-10 00:05:02.142200+00:00,1943,4
2024-05-10 00:05:02.264900+00:00,1109,42
2024-05-10 00:05:02.900583+00:00,1037,3
2024-05-10 00:05:03.400691+00:00,1757,3
2024-05-10 00:05:03.901488+00:00,1247,2
2024-05-10 00:05:04.019905+00:00,1114,18
2024-05-10 00:05:04.087830+00:00,1367,58
2024-05-10 00:05:04.152887+00:00,1245,4
2024-05-10 00:05:04.264121+00:00,1328,13
2024-05-10 00:05:04.651713+00:00,1247,5
2024-05-10 00:05:04.883181+00:00,1565,4
2024-05-10 00:05:04.901451+00:00,1247,3
2024-05-10 00:05:05.008934+00:00,1925,85
2024-05-10 00:05:05.153110+00:00,1248,6
2024-05-10 00:05:05.402683+00:00,1254,1
2024-05-10 00:05:05.632992+00:00,1564,39
2024-05-10 00:05:05.650956+00:00,1740,3
2024-05-10 00:05:05.758749+00:00,1925,85
2024-05-10 00:05:05.840599+00:00,1572,21
2024-05-10 00:05:06.335903+00:00,1730,10
2024-05-10 00:05:06.586725+00:00,1730,1
2024-05-10 00:05:06.633507+00:00,1674,6
2024-05-10 00:05:06.788311+00:00,1767,14
2024-05-10 00:05:06.836821+00:00,1115,19
2024-05-10 00:05:07.006980+00:00,1322,15
2024-05-10 00:05:07.087726+00:00,1278,27
2024-05-10 00:05:07.131714+00:00,1675,16
2024-05-10 00:05:07.286543+00:00,1767,20
2024-05-10 00:05:07.333538+00:00,1731,14
2024-05-10 00:05:07.583008+00:00,1576,7
2024-05-10 00:05:07.786987+00:00,1991,7
2024-05-10 00:05:08.023148+00:00,1079,11
2024-05-10 00:05:08.038544+00:00,1995,7
2024-05-10 00:05:08.137677+00:00,1489,11
2024-05-10 00:05:08.259372+00:00,1323,19
2024-05-10 00:05:08.528810+00:00,1185,241
2024-05-10 00:05:08.583858+00:00,1280,42
2024-05-10 00:05:08.655369+00:00,1084,3
2024-05-10 00:05:09.264075+00:00,1323,16
2024-05-10 00:05:09.269507+00:00,1371,16
2024-05-10 00:05:09.333451+00:00,1554,1
2024-05-10 00:05:09.526711+00:00,1189,49
2024-05-10 00:05:09.540242+00:00,1728,43
2024-05-10 00:05:09.630991+00:00,1842,6
2024-05-10 00:05:09.633369+00:00,1675,20
2024-05-10 00:05:09.651528+00:00,1252,2
2024-05-10 00:05:09.833635+00:00,1554,1
2024-05-10 00:05:09.881153+00:00,1841,9
2024-05-10 00:05:10.152630+00:00,1253,19
2024-05-10 00:05:10.260682+00:00,1322,16
2024-05-10 00:05:10.333206+00:00,1555,2
2024-05-10 00:05:10.400266+00:00,1087,1
2024-05-10 00:05:10.651055+00:00,1087,10
2024-05-10 00:05:10.761535+00:00,1373,1
2024-05-10 00:05:11.023483+00:00,1190,8
2024-05-10 00:05:11.152398+00:00,1260,11
2024-05-10 00:05:11.259019+00:00,1635,46
2024-05-10 00:05:11.506639+00:00,1373,16
2024-05-10 00:05:11.536592+00:00,1357,1
2024-05-10 00:05:11.537407+00:00,1357,4
2024-05-10 00:05:11.652969+00:00,1087,22
2024-05-10 00:05:11.756918+00:00,1179,9
2024-05-10 00:05:11.787668+00:00,1358,2
2024-05-10 00:05:12.088160+00:00,1138,2
2024-05-10 00:05:12.090738+00:00,1554,3
2024-05-10 00:05:12.152533+00:00,1087,22
2024-05-10 00:05:12.267832+00:00,1192,8
2024-05-10 00:05:12.286776+00:00,1359,2
2024-05-10 00:05:12.287924+00:00,1995,1
2024-05-10 00:05:12.341270+00:00,1138,2
2024-05-10 00:05:12.402677+00:00,1087,10
2024-05-10 00:05:12.599799+00:00,1554,3
2024-05-10 00:05:12.600106+00:00,1839,46
2024-05-10 00:05:12.787843+00:00,1359,1
2024-05-10 00:05:12.883254+00:00,1676,14
2024-05-10 00:05:13.152065+00:00,1791,10
2024-05-10 00:05:13.265101+00:00,1323,16
2024-05-10 00:05:13.276945+00:00,1192,8
2024-05-10 00:05:13.288649+00:00,1997,2
2024-05-10 00:05:13.650233+00:00,1735,13
2024-05-10 00:05:13.652268+00:00,1087,11
2024-05-10 00:05:13.778963+00:00,1309,29
2024-05-10 00:05:13.790444+00:00,1357,1
2024-05-10 00:05:13.791319+00:00,1997,2
2024-05-10 00:05:14.294856+00:00,1360,2
2024-05-10 00:05:14.297317+00:00,1998,1
2024-05-10 00:05:14.794556+00:00,1360,6
2024-05-10 00:05:14.841721+00:00,1902,1
2024-05-10 00:05:15.013540+00:00,1327,14
2024-05-10 00:05:15.028079+00:00,1312,15
2024-05-10 00:05:15.043748+00:00,1356,4
2024-05-10 00:05:15.131479+00:00,1949,8
2024-05-10 00:05:15.291216+00:00,1644,2
2024-05-10 00:05:15.382745+00:00,1791,4
2024-05-10 00:05:15.538386+00:00,1357,1
2024-05-10 00:05:15.791190+00:00,1644,5
2024-05-10 00:05:16.381832+00:00,1790,3
2024-05-10 00:05:16.630705+00:00,1791,3
2024-05-10 00:05:16.837094+00:00,1893,1
2024-05-10 00:05:17.014556+00:00,1257,3
2024-05-10 00:05:17.041265+00:00,2001,1
2024-05-10 00:05:17.086299+00:00,1103,3
2024-05-10 00:05:17.130939+00:00,1790,3
2024-05-10 00:05:17.268686+00:00,1194,2
2024-05-10 00:05:17.289403+00:00,1346,3
2024-05-10 00:05:17.788590+00:00,1346,1
2024-05-10 00:05:17.789286+00:00,1731,2
2024-05-10 00:05:18.086790+00:00,1102,8
2024-05-10 00:05:18.275282+00:00,1195,1
2024-05-10 00:05:18.296108+00:00,1690,3
2024-05-10 00:05:18.337770+00:00,1107,3
2024-05-10 00:05:18.530891+00:00,1314,2
2024-05-10 00:05:18.585667+00:00,1556,130
2024-05-10 00:05:18.849143+00:00,1571,1
2024-05-10 00:05:19.166091+00:00,1506,127
2024-05-10 00:05:19.403562+00:00,1082,1
2024-05-10 00:05:19.659895+00:00,1919,43
2024-05-10 00:05:19.781088+00:00,1194,2
2024-05-10 00:05:19.836882+00:00,1120,8
2024-05-10 00:05:19.837179+00:00,1342,10
2024-05-10 00:05:20.165675+00:00,1971,74
2024-05-10 00:05:20.333575+00:00,1107,3
2024-05-10 00:05:20.333891+00:00,1342,10
2024-05-10 00:05:20.538664+00:00,2001,2
2024-05-10 00:05:20.583269+00:00,1145,7
2024-05-10 00:05:20.833364+00:00,1144,61
2024-05-10 00:05:20.880996+00:00,1249,24
2024-05-10 00:05:20.909387+00:00,1078,13
2024-05-10 00:05:21.293818+00:00,1693,12
2024-05-10 00:05:21.381620+00:00,1473,1
2024-05-10 00:05:21.584120+00:00,1107,3
2024-05-10 00:05:21.584439+00:00,1556,1
2024-05-10 00:05:21.881022+00:00,1475,3
2024-05-10 00:05:22.332140+00:00,1569,1
2024-05-10 00:05:22.753423+00:00,1645,46
2024-05-10 00:05:23.038083+00:00,1250,9
2024-05-10 00:05:23.880549+00:00,1870,21
2024-05-10 00:05:23.903657+00:00,1510,4
2024-05-10 00:05:24.042090+00:00,1701,3
2024-05-10 00:05:24.550857+00:00,1255,3
2024-05-10 00:05:24.654942+00:00,1512,1
2024-05-10 00:05:24.753644+00:00,1269,1
2024-05-10 00:05:24.902591+00:00,1472,2
2024-05-10 00:05:25.041651+00:00,1257,3
2024-05-10 00:05:25.542991+00:00,1258,1
2024-05-10 00:05:25.543622+00:00,1258,2
2024-05-10 00:05:26.051727+00:00,1705,3
2024-05-10 00:05:26.503048+00:00,1269,1
2024-05-10 00:05:26.523581+00:00,1648,12
2024-05-10 00:05:26.630721+00:00,1477,2
2024-05-10 00:05:26.652431+00:00,1513,2
2024-05-10 00:05:27.082298+00:00,1472,24
2024-05-10 00:05:27.297123+00:00,1260,1
2024-05-10 00:05:27.385227+00:00,1676,21
2024-05-10 00:05:27.652107+00:00,1473,64
2024-05-10 00:05:28.409459+00:00,1688,16
2024-05-10 00:05:28.661109+00:00,1689,1
2024-05-10 00:05:28.800640+00:00,1736,7
2024-05-10 00:05:28.836369+00:00,1472,24
2024-05-10 00:05:28.885231+00:00,1571,1
2024-05-10 00:05:28.914226+00:00,1959,80
2024-05-10 00:05:29.003578+00:00,1702,13
2024-05-10 00:05:29.084372+00:00,1378,94
2024-05-10 00:05:29.088072+00:00,1257,43
2024-05-10 00:05:29.130710+00:00,1856,9
2024-05-10 00:05:29.334318+00:00,1378,4
2024-05-10 00:05:29.385677+00:00,1571,1
2024-05-10 00:05:29.413236+00:00,1690,44
2024-05-10 00:05:29.550657+00:00,1261,114
2024-05-10 00:05:29.551148+00:00,1705,1
2024-05-10 00:05:29.587041+00:00,1773,3
2024-05-10 00:05:29.665021+00:00,1478,49
2024-05-10 00:05:30.056979+00:00,1260,104
2024-05-10 00:05:30.164541+00:00,1690,40
2024-05-10 00:05:30.382209+00:00,1937,1
2024-05-10 00:05:30.523341+00:00,1259,15
2024-05-10 00:05:30.662468+00:00,1689,43
2024-05-10 00:05:30.755661+00:00,1651,256
2024-05-10 00:05:31.025460+00:00,1260,14
2024-05-10 00:05:31.130682+00:00,1564,9
2024-05-10 00:05:31.254366+00:00,1804,1
2024-05-10 00:05:31.333793+00:00,1122,9
2024-05-10 00:05:31.382318+00:00,1564,9
2024-05-10 00:05:31.384335+00:00,1949,11
2024-05-10 00:05:31.407624+00:00,1481,2
2024-05-10 00:05:31.584033+00:00,1145,4
2024-05-10 00:05:31.632343+00:00,1859,1
2024-05-10 00:05:31.660901+00:00,1690,1
2024-05-10 00:05:31.754251+00:00,1804,3
2024-05-10 00:05:31.758417+00:00,1559,7
2024-05-10 00:05:31.793594+00:00,1714,3
2024-05-10 00:05:31.833975+00:00,1122,20
2024-05-10 00:05:32.003191+00:00,1193,1
2024-05-10 00:05:32.004587+00:00,1805,3
2024-05-10 00:05:32.131073+00:00,1562,15
2024-05-10 00:05:32.132204+00:00,1773,23
2024-05-10 00:05:32.252816+00:00,1193,1
2024-05-10 00:05:32.254833+00:00,1655,31
2024-05-10 00:05:32.298215+00:00,1713,15
2024-05-10 00:05:32.542306+00:00,1262,73
2024-05-10 00:05:32.661979+00:00,1671,19
2024-05-10 00:05:32.760208+00:00,1285,2
2024-05-10 00:05:32.832232+00:00,1446,1
2024-05-10 00:05:32.833944+00:00,1446,2
2024-05-10 00:05:32.836791+00:00,1124,11
2024-05-10 00:05:33.414263+00:00,1692,69
2024-05-10 00:05:33.417868+00:00,1449,2
2024-05-10 00:05:33.417971+00:00,1483,40
2024-05-10 00:05:33.631219+00:00,1754,9
2024-05-10 00:05:33.753845+00:00,2003,4
2024-05-10 00:05:33.834594+00:00,1151,14
2024-05-10 00:05:33.836261+00:00,1476,16
2024-05-10 00:05:33.907238+00:00,1483,137
2024-05-10 00:05:34.156906+00:00,1348,1
2024-05-10 00:05:34.334964+00:00,1122,17
2024-05-10 00:05:34.406464+00:00,1483,133
2024-05-10 00:05:34.651959+00:00,1349,2
2024-05-10 00:05:34.883524+00:00,1031,9
2024-05-10 00:05:35.332437+00:00,1151,7
2024-05-10 00:05:35.583990+00:00,1154,7
2024-05-10 00:05:35.631956+00:00,1874,166
2024-05-10 00:05:35.754794+00:00,1657,156
2024-05-10 00:05:35.790649+00:00,1715,3
2024-05-10 00:05:36.151279+00:00,1665,5
2024-05-10 00:05:36.503877+00:00,1658,179
2024-05-10 00:05:36.773494+00:00,2001,34
2024-05-10 00:05:36.900848+00:00,1665,10
2024-05-10 00:05:37.334047+00:00,1123,14
2024-05-10 00:05:37.400713+00:00,1467,4
2024-05-10 00:05:37.753400+00:00,2006,20
2024-05-10 00:05:37.904045+00:00,1666,3
2024-05-10 00:05:38.003802+00:00,2006,23
2024-05-10 00:05:38.034694+00:00,1863,31
2024-05-10 00:05:38.131845+00:00,1248,18
2024-05-10 00:05:38.254963+00:00,2007,1
2024-05-10 00:05:38.588788+00:00,1125,14
2024-05-10 00:05:38.632006+00:00,1411,17
2024-05-10 00:05:38.753957+00:00,2007,22
2024-05-10 00:05:39.381945+00:00,1412,4
2024-05-10 00:05:39.400746+00:00,1521,6
2024-05-10 00:05:39.403566+00:00,1628,11
2024-05-10 00:05:39.502601+00:00,1349,2
2024-05-10 00:05:39.521538+00:00,1505,12
2024-05-10 00:05:39.595480+00:00,1155,46
2024-05-10 00:05:40.041960+00:00,1741,5
2024-05-10 00:05:40.502656+00:00,1350,2
2024-05-10 00:05:40.582581+00:00,1766,8
2024-05-10 00:05:40.582729+00:00,1884,18
2024-05-10 00:05:40.633799+00:00,1107,3
2024-05-10 00:05:40.832942+00:00,1766,3
2024-05-10 00:05:40.882423+00:00,1415,93
2024-05-10 00:05:41.006954+00:00,1351,1
2024-05-10 00:05:41.007203+00:00,1284,5
2024-05-10 00:05:41.273695+00:00,1792,1
2024-05-10 00:05:41.332320+00:00,1766,3
2024-05-10 00:05:41.510565+00:00,1550,2
2024-05-10 00:05:41.543879+00:00,1744,4
2024-05-10 00:05:41.650444+00:00,1603,3
2024-05-10 00:05:41.833201+00:00,1344,9
2024-05-10 00:05:42.006460+00:00,2008,20
2024-05-10 00:05:42.258376+00:00,1350,2
2024-05-10 00:05:42.332166+00:00,1157,2
2024-05-10 00:05:42.836403+00:00,1344,26
2024-05-10 00:05:42.881629+00:00,1250,7
2024-05-10 00:05:43.337554+00:00,1887,3
2024-05-10 00:05:43.509273+00:00,2010,3
2024-05-10 00:05:43.584489+00:00,1125,13
2024-05-10 00:05:43.585080+00:00,1344,8
2024-05-10 00:05:43.763582+00:00,2010,7
2024-05-10 00:05:43.786567+00:00,1745,114
2024-05-10 00:05:43.832893+00:00,1887,2
2024-05-10 00:05:44.082785+00:00,1125,13
2024-05-10 00:05:44.084719+00:00,1887,2
2024-05-10 00:05:44.131390+00:00,1249,8
2024-05-10 00:05:44.155757+00:00,1628,15
2024-05-10 00:05:44.514012+00:00,2011,34
2024-05-10 00:05:45.082383+00:00,1888,1
2024-05-10 00:05:45.514623+00:00,2010,1
2024-05-10 00:05:45.903243+00:00,1812,4
2024-05-10 00:05:46.083642+00:00,1345,8
2024-05-10 00:05:46.263673+00:00,2011,7
2024-05-10 00:05:46.264546+00:00,1310,45
2024-05-10 00:05:46.267804+00:00,1551,7
2024-05-10 00:05:46.382249+00:00,1947,3
2024-05-10 00:05:46.516917+00:00,2011,32
2024-05-10 00:05:46.653599+00:00,1658,4
2024-05-10 00:05:46.764552+00:00,2011,10
2024-05-10 00:05:47.083914+00:00,1344,8
2024-05-10 00:05:47.156998+00:00,1658,16
2024-05-10 00:05:47.264889+00:00,1448,50
2024-05-10 00:05:47.265333+00:00,1300,3
2024-05-10 00:05:47.266773+00:00,2012,33
2024-05-10 00:05:48.013335+00:00,1451,48
2024-05-10 00:05:48.015568+00:00,1293,25
2024-05-10 00:05:48.265807+00:00,2012,33
2024-05-10 00:05:48.286854+00:00,1287,99
2024-05-10 00:05:48.332689+00:00,1344,9
2024-05-10 00:05:48.507233+00:00,1896,1
2024-05-10 00:05:48.519722+00:00,1472,64
2024-05-10 00:05:48.759805+00:00,1350,13
2024-05-10 00:05:49.261936+00:00,1350,20
2024-05-10 00:05:49.762035+00:00,1107,3
2024-05-10 00:05:50.153223+00:00,1470,5
2024-05-10 00:05:50.515137+00:00,1107,3
2024-05-10 00:05:50.585954+00:00,1745,3
2024-05-10 00:05:50.832967+00:00,1439,1
2024-05-10 00:05:51.081877+00:00,1159,1
2024-05-10 00:05:51.082634+00:00,1439,5
2024-05-10 00:05:51.084443+00:00,1745,3
2024-05-10 00:05:51.332217+00:00,1160,1
2024-05-10 00:05:51.582933+00:00,1441,4
2024-05-10 00:05:51.633697+00:00,1416,24
2024-05-10 00:05:52.333991+00:00,1344,30
2024-05-10 00:05:52.585985+00:00,1442,4
2024-05-10 00:05:52.768758+00:00,1193,62
2024-05-10 00:05:52.836098+00:00,1344,1
2024-05-10 00:05:53.333619+00:00,1344,18
2024-05-10 00:05:53.386155+00:00,1419,3
2024-05-10 00:05:54.012583+00:00,1453,49
2024-05-10 00:05:54.083000+00:00,1345,1
2024-05-10 00:05:54.257872+00:00,2031,1
2024-05-10 00:05:54.334592+00:00,1345,4
2024-05-10 00:05:54.509512+00:00,1348,3
2024-05-10 00:05:54.585413+00:00,1345,4
2024-05-10 00:05:54.657446+00:00,1081,66
2024-05-10 00:05:54.832141+00:00,1972,3
2024-05-10 00:05:55.151736+00:00,1352,2
2024-05-10 00:05:55.153497+00:00,1615,15
2024-05-10 00:05:55.154282+00:00,1290,7
2024-05-10 00:05:56.084287+00:00,1125,20
2024-05-10 00:05:56.589556+00:00,2011,26
2024-05-10 00:05:57.087630+00:00,1459,3
2024-05-10 00:05:57.130537+00:00,1742,55
2024-05-10 00:05:57.337948+00:00,1291,2
2024-05-10 00:05:57.883484+00:00,1292,7
2024-05-10 00:05:58.017369+00:00,1455,41
2024-05-10 00:05:58.131113+00:00,1250,19
2024-05-10 00:05:58.836885+00:00,1347,3
2024-05-10 00:05:59.758484+00:00,1618,35
2024-05-10 00:05:59.880635+00:00,1356,1
2024-05-10 00:06:00.004255+00:00,1479,14
2024-05-10 00:06:00.087157+00:00,1131,11
2024-05-10 00:06:00.152144+00:00,1357,1
2024-05-10 00:06:00.256492+00:00,1594,4
2024-05-10 00:06:00.337537+00:00,1347,36
2024-05-10 00:06:00.507304+00:00,1292,18
2024-05-10 00:06:00.539195+00:00,1754,69
2024-05-10 00:06:00.631400+00:00,1358,6
2024-05-10 00:06:00.651209+00:00,1813,12
2024-05-10 00:06:00.774325+00:00,1204,19
2024-05-10 00:06:01.028908+00:00,1204,3
2024-05-10 00:06:01.036909+00:00,1304,23
2024-05-10 00:06:01.082317+00:00,1129,5
2024-05-10 00:06:01.253427+00:00,1620,12
2024-05-10 00:06:01.774033+00:00,1204,1
2024-05-10 00:06:02.254337+00:00,1622,25
2024-05-10 00:06:02.291226+00:00,1967,62
2024-05-10 00:06:02.522149+00:00,1206,1
2024-05-10 00:06:02.752697+00:00,1351,1
2024-05-10 00:06:02.753778+00:00,1479,1
2024-05-10 00:06:02.900996+00:00,1813,19
2024-05-10 00:06:03.382909+00:00,1360,1
2024-05-10 00:06:03.523440+00:00,1206,1
2024-05-10 00:06:03.587414+00:00,1131,16
2024-05-10 00:06:03.631088+00:00,1361,3
2024-05-10 00:06:03.656852+00:00,1513,17
2024-05-10 00:06:03.880990+00:00,1360,4
2024-05-10 00:06:04.046377+00:00,1967,62
2024-05-10 00:06:04.085574+00:00,1130,16
2024-05-10 00:06:04.253661+00:00,1484,1
2024-05-10 00:06:05.393738+00:00,1365,7
2024-05-10 00:06:05.655547+00:00,1519,15
2024-05-10 00:06:06.134563+00:00,1364,9
2024-05-10 00:06:07.134428+00:00,1420,2
2024-05-10 00:06:07.154601+00:00,1649,3
2024-05-10 00:06:07.155542+00:00,1521,19
2024-05-10 00:06:07.404916+00:00,1521,1
2024-05-10 00:06:07.885001+00:00,1366,6
2024-05-10 00:06:07.903141+00:00,1527,17
2024-05-10 00:06:08.547080+00:00,2015,22
2024-05-10 00:06:08.914392+00:00,1523,18
2024-05-10 00:06:08.915166+00:00,1654,4
2024-05-10 00:06:09.086294+00:00,1347,70
2024-05-10 00:06:09.410587+00:00,1032,15
2024-05-10 00:06:09.503099+00:00,1728,4
2024-05-10 00:06:09.832647+00:00,1441,1
2024-05-10 00:06:09.906434+00:00,1032,15
2024-05-10 00:06:10.157363+00:00,1034,8
2024-05-10 00:06:10.656988+00:00,1035,11
2024-05-10 00:06:10.833219+00:00,1859,2
2024-05-10 00:06:10.907095+00:00,1036,16
2024-05-10 00:06:10.907523+00:00,1742,30
2024-05-10 00:06:11.254792+00:00,1311,5
2024-05-10 00:06:11.385796+00:00,1313,15
2024-05-10 00:06:11.542778+00:00,2017,22
2024-05-10 00:06:11.661448+00:00,1528,5
2024-05-10 00:06:11.767277+00:00,1788,11
2024-05-10 00:06:12.009292+00:00,1624,14
2024-05-10 00:06:12.163356+00:00,1969,74
2024-05-10 00:06:12.254609+00:00,1729,4
2024-05-10 00:06:12.288089+00:00,2020,20
2024-05-10 00:06:12.336296+00:00,1351,82
2024-05-10 00:06:12.415764+00:00,1528,13
2024-05-10 00:06:12.667686+00:00,1528,85
2024-05-10 00:06:12.669078+00:00,1529,14
2024-05-10 00:06:12.786638+00:00,1947,3
2024-05-10 00:06:12.912495+00:00,1655,9
2024-05-10 00:06:13.168222+00:00,1238,3
2024-05-10 00:06:13.668021+00:00,1252,3
2024-05-10 00:06:13.668237+00:00,1526,20
2024-05-10 00:06:14.417682+00:00,1660,4
2024-05-10 00:06:14.660313+00:00,1965,1
2024-05-10 00:06:14.660558+00:00,1036,16
2024-05-10 00:06:14.663702+00:00,1528,20
2024-05-10 00:06:15.009603+00:00,1189,35
2024-05-10 00:06:15.040914+00:00,1757,6
2024-05-10 00:06:15.082959+00:00,1352,37
2024-05-10 00:06:15.144661+00:00,1835,11
2024-05-10 00:06:15.162509+00:00,1036,25
2024-05-10 00:06:15.162919+00:00,1972,43
2024-05-10 00:06:15.166484+00:00,1534,35
2024-05-10 00:06:15.290003+00:00,1951,3
2024-05-10 00:06:15.384371+00:00,1752,1
2024-05-10 00:06:15.852162+00:00,1352,16
2024-05-10 00:06:15.914002+00:00,1530,9
2024-05-10 00:06:16.131871+00:00,1985,16
2024-05-10 00:06:16.162784+00:00,1040,17
2024-05-10 00:06:16.412940+00:00,1534,33
2024-05-10 00:06:16.759932+00:00,1319,6
2024-05-10 00:06:16.881947+00:00,1910,19
2024-05-10 00:06:17.153374+00:00,1535,19
2024-05-10 00:06:17.287388+00:00,1145,19
2024-05-10 00:06:17.408754+00:00,1535,1
2024-05-10 00:06:17.656608+00:00,1040,17
2024-05-10 00:06:17.659592+00:00,1535,18
2024-05-10 00:06:17.833986+00:00,1884,3
2024-05-10 00:06:18.039081+00:00,1148,8
2024-05-10 00:06:18.086092+00:00,1367,31
2024-05-10 00:06:18.287453+00:00,1757,8
2024-05-10 00:06:18.410883+00:00,1040,8
2024-05-10 00:06:18.586813+00:00,1367,79
2024-05-10 00:06:18.758957+00:00,1730,14
2024-05-10 00:06:18.915383+00:00,1044,16
2024-05-10 00:06:19.166482+00:00,1536,8
2024-05-10 00:06:19.257665+00:00,1319,19
2024-05-10 00:06:19.657791+00:00,1524,38
2024-05-10 00:06:19.765627+00:00,1787,85
2024-05-10 00:06:19.881637+00:00,1836,3
2024-05-10 00:06:20.011896+00:00,1319,21
2024-05-10 00:06:20.090682+00:00,1382,43
2024-05-10 00:06:20.657842+00:00,1547,17
2024-05-10 00:06:20.766677+00:00,2016,9
2024-05-10 00:06:20.839511+00:00,1857,4
2024-05-10 00:06:21.037379+00:00,1757,60
2024-05-10 00:06:21.090161+00:00,1689,53
2024-05-10 00:06:21.164698+00:00,1547,12
2024-05-10 00:06:21.334751+00:00,1382,16
2024-05-10 00:06:22.019793+00:00,1206,40
2024-05-10 00:06:22.406454+00:00,1084,3
2024-05-10 00:06:22.840975+00:00,1397,52
2024-05-10 00:06:23.341269+00:00,1397,76
2024-05-10 00:06:23.766696+00:00,2019,4
2024-05-10 00:06:24.517270+00:00,1292,102
2024-05-10 00:06:24.753769+00:00,1346,1
2024-05-10 00:06:24.914920+00:00,1255,17
2024-05-10 00:06:24.915147+00:00,1242,18
2024-05-10 00:06:25.002900+00:00,1346,5
2024-05-10 00:06:25.029444+00:00,2019,23
2024-05-10 00:06:25.030081+00:00,1211,67
2024-05-10 00:06:25.286800+00:00,1431,2
2024-05-10 00:06:25.403835+00:00,1406,8
2024-05-10 00:06:25.652181+00:00,1406,8
2024-05-10 00:06:25.773784+00:00,2020,7
2024-05-10 00:06:25.901191+00:00,1407,6
2024-05-10 00:06:26.253585+00:00,1107,3
2024-05-10 00:06:26.269608+00:00,2020,9
2024-05-10 00:06:26.652844+00:00,1242,15
2024-05-10 00:06:26.777686+00:00,1212,67
2024-05-10 00:06:26.777874+00:00,2020,18
2024-05-10 00:06:27.130877+00:00,1959,4
2024-05-10 00:06:27.252855+00:00,1349,5
2024-05-10 00:06:27.401501+00:00,1975,17
2024-05-10 00:06:27.536746+00:00,1431,2
2024-05-10 00:06:27.900514+00:00,1976,43
2024-05-10 00:06:28.025405+00:00,2021,1
2024-05-10 00:06:28.286881+00:00,1760,7
2024-05-10 00:06:28.338321+00:00,1693,18
2024-05-10 00:06:28.340440+00:00,1413,17
2024-05-10 00:06:29.003070+00:00,1347,6
2024-05-10 00:06:29.253221+00:00,1372,1
2024-05-10 00:06:29.292406+00:00,1433,117
2024-05-10 00:06:29.503010+00:00,1348,1
2024-05-10 00:06:29.503790+00:00,1372,7
2024-05-10 00:06:30.502547+00:00,1348,2
2024-05-10 00:06:30.502666+00:00,1375,5
2024-05-10 00:06:31.029232+00:00,1848,3
2024-05-10 00:06:31.277711+00:00,1867,3
2024-05-10 00:06:31.537253+00:00,1300,24
2024-05-10 00:06:31.757058+00:00,1350,5
2024-05-10 00:06:31.786962+00:00,1930,12
2024-05-10 00:06:32.043136+00:00,1930,13
2024-05-10 00:06:32.256366+00:00,1374,7
2024-05-10 00:06:32.287597+00:00,1299,25
2024-05-10 00:06:32.509535+00:00,1300,24
2024-05-10 00:06:32.757166+00:00,1351,3
2024-05-10 00:06:32.881874+00:00,1895,27
2024-05-10 00:06:33.161707+00:00,1706,10
2024-05-10 00:06:33.381869+00:00,1755,3
2024-05-10 00:06:33.517134+00:00,1216,6
2024-05-10 00:06:33.833304+00:00,1444,1
2024-05-10 00:06:33.913002+00:00,1976,43
2024-05-10 00:06:34.016888+00:00,1503,9
2024-05-10 00:06:34.082615+00:00,1680,2
2024-05-10 00:06:34.158030+00:00,1708,4
2024-05-10 00:06:34.158407+00:00,1976,2
2024-05-10 00:06:34.266473+00:00,1216,6
2024-05-10 00:06:34.332195+00:00,1445,1
2024-05-10 00:06:34.409058+00:00,1572,20
2024-05-10 00:06:34.518706+00:00,1794,5
2024-05-10 00:06:34.523252+00:00,1287,165
2024-05-10 00:06:34.916613+00:00,1579,11
2024-05-10 00:06:35.005161+00:00,1623,144
2024-05-10 00:06:35.082359+00:00,1445,1
2024-05-10 00:06:35.083788+00:00,1446,2
2024-05-10 00:06:35.263998+00:00,1352,3
2024-05-10 00:06:35.273146+00:00,1503,30
2024-05-10 00:06:35.332438+00:00,1443,6
2024-05-10 00:06:35.511227+00:00,1400,1
2024-05-10 00:06:35.515039+00:00,1210,9
2024-05-10 00:06:35.583801+00:00,1446,1
2024-05-10 00:06:35.837278+00:00,1441,9
2024-05-10 00:06:35.837929+00:00,1446,4
2024-05-10 00:06:35.883397+00:00,1840,2
2024-05-10 00:06:36.002587+00:00,1353,1
2024-05-10 00:06:36.253975+00:00,1400,1
2024-05-10 00:06:36.295103+00:00,1140,3
2024-05-10 00:06:36.753230+00:00,1354,2
2024-05-10 00:06:37.145724+00:00,1949,28
2024-05-10 00:06:37.270511+00:00,1297,61
2024-05-10 00:06:37.337510+00:00,1444,1
2024-05-10 00:06:37.409243+00:00,1708,1
2024-05-10 00:06:37.509265+00:00,1411,10
2024-05-10 00:06:37.757087+00:00,1025,14
2024-05-10 00:06:37.893253+00:00,1839,5
2024-05-10 00:06:38.006721+00:00,1623,81
2024-05-10 00:06:38.088136+00:00,1445,7
2024-05-10 00:06:38.919057+00:00,1555,12
2024-05-10 00:06:39.158430+00:00,1710,1
2024-05-10 00:06:39.408075+00:00,1711,6
2024-05-10 00:06:39.663598+00:00,1555,13
2024-05-10 00:06:40.502596+00:00,1038,1
2024-05-10 00:06:40.753987+00:00,1409,13
2024-05-10 00:06:40.767210+00:00,1038,7
2024-05-10 00:06:40.881386+00:00,1950,54
2024-05-10 00:06:41.082936+00:00,1451,369
2024-05-10 00:06:41.131896+00:00,1338,10
2024-05-10 00:06:41.766652+00:00,1050,1
2024-05-10 00:06:42.081757+00:00,1454,1
2024-05-10 00:06:42.131064+00:00,1176,3
2024-05-10 00:06:42.332502+00:00,1454,11
2024-05-10 00:06:42.659422+00:00,1944,3
2024-05-10 00:06:42.659624+00:00,1710,6
2024-05-10 00:06:43.260259+00:00,1410,7
2024-05-10 00:06:43.505427+00:00,1414,1
2024-05-10 00:06:43.833001+00:00,1457,29
2024-05-10 00:06:44.030448+00:00,1308,5
2024-05-10 00:06:44.270853+00:00,1218,8
2024-05-10 00:06:44.332435+00:00,1457,8
2024-05-10 00:06:44.539744+00:00,1154,25
2024-05-10 00:06:45.003906+00:00,1414,349
2024-05-10 00:06:45.039045+00:00,1157,9
2024-05-10 00:06:45.332892+00:00,1464,47
2024-05-10 00:06:45.585193+00:00,1465,78
2024-05-10 00:06:45.910145+00:00,1713,1
2024-05-10 00:06:45.911357+00:00,1713,1
2024-05-10 00:06:46.039259+00:00,1158,8
2024-05-10 00:06:46.656142+00:00,1940,4
2024-05-10 00:06:47.161909+00:00,1155,2
2024-05-10 00:06:47.503054+00:00,1409,11
2024-05-10 00:06:47.519532+00:00,1216,5
2024-05-10 00:06:47.541296+00:00,1161,5
2024-05-10 00:06:47.586416+00:00,1488,9
2024-05-10 00:06:47.666906+00:00,1155,2
2024-05-10 00:06:47.787104+00:00,1702,100
2024-05-10 00:06:47.916731+00:00,1715,82
2024-05-10 00:06:48.410262+00:00,1717,19
2024-05-10 00:06:48.516677+00:00,1217,52
2024-05-10 00:06:48.656818+00:00,1718,7
2024-05-10 00:06:48.837490+00:00,1488,9
2024-05-10 00:06:49.143345+00:00,1955,31
2024-05-10 00:06:49.155230+00:00,1717,11
2024-05-10 00:06:49.538815+00:00,1556,43
2024-05-10 00:06:49.653774+00:00,1719,6
2024-05-10 00:06:49.884375+00:00,1954,6
2024-05-10 00:06:49.902275+00:00,1719,1
2024-05-10 00:06:50.156261+00:00,1720,1
2024-05-10 00:06:50.582011+00:00,1444,2
2024-05-10 00:06:50.584714+00:00,1835,3
2024-05-10 00:06:50.654319+00:00,1720,5
2024-05-10 00:06:50.832223+00:00,1443,9
2024-05-10 00:06:51.002947+00:00,1370,8
2024-05-10 00:06:51.142930+00:00,1526,38
2024-05-10 00:06:51.148444+00:00,1836,18
2024-05-10 00:06:51.269166+00:00,1220,139
2024-05-10 00:06:51.403363+00:00,1721,3
2024-05-10 00:06:51.907810+00:00,1722,3
2024-05-10 00:06:52.147185+00:00,1836,12
2024-05-10 00:06:52.383275+00:00,1529,5
2024-05-10 00:06:52.408828+00:00,1722,1
2024-05-10 00:06:52.655225+00:00,1723,4
2024-05-10 00:06:52.789914+00:00,1908,30
2024-05-10 00:06:52.890347+00:00,1529,1
2024-05-10 00:06:53.038529+00:00,1702,46
2024-05-10 00:06:53.156511+00:00,1723,2
2024-05-10 00:06:53.405181+00:00,1580,19
2024-05-10 00:06:54.252909+00:00,1417,1
2024-05-10 00:06:55.013120+00:00,1417,19
2024-05-10 00:06:55.253161+00:00,1415,15
2024-05-10 00:06:55.280615+00:00,1784,39
2024-05-10 00:06:55.504104+00:00,1419,79
2024-05-10 00:06:55.903199+00:00,1587,95
2024-05-10 00:06:56.004670+00:00,1421,27
2024-05-10 00:06:56.253913+00:00,1378,54
2024-05-10 00:06:56.658943+00:00,1797,9
2024-05-10 00:06:57.155918+00:00,1567,58
2024-05-10 00:06:57.156750+00:00,1587,188
2024-05-10 00:06:57.253513+00:00,1434,16
2024-05-10 00:06:57.755147+00:00,1418,8
2024-05-10 00:06:57.756517+00:00,1420,5
2024-05-10 00:06:57.904974+00:00,1658,15
2024-05-10 00:06:58.003650+00:00,1034,14
2024-05-10 00:06:58.253775+00:00,1420,1
2024-05-10 00:06:58.502748+00:00,1420,1
2024-05-10 00:06:59.169267+00:00,1412,22
2024-05-10 00:06:59.170329+00:00,1412,21
2024-05-10 00:06:59.171095+00:00,1412,7
2024-05-10 00:06:59.254791+00:00,1420,16
2024-05-10 00:06:59.418876+00:00,1412,17
2024-05-10 00:06:59.419997+00:00,1412,20
2024-05-10 00:06:59.664866+00:00,1413,18
2024-05-10 00:06:59.753774+00:00,1421,51
2024-05-10 00:07:00.502722+00:00,1395,1
2024-05-10 00:07:00.884300+00:00,1839,4
2024-05-10 00:07:01.002643+00:00,1394,3
2024-05-10 00:07:01.004073+00:00,1034,28
2024-05-10 00:07:01.635360+00:00,1840,11
2024-05-10 00:07:01.772190+00:00,1496,20
2024-05-10 00:07:02.778369+00:00,1649,19
2024-05-10 00:07:03.134535+00:00,1840,4
2024-05-10 00:07:03.503456+00:00,1420,31
2024-05-10 00:07:03.832179+00:00,1489,9
2024-05-10 00:07:04.382672+00:00,1158,3
2024-05-10 00:07:04.383745+00:00,1600,2
2024-05-10 00:07:04.513905+00:00,1420,238
2024-05-10 00:07:04.786420+00:00,1335,1
2024-05-10 00:07:04.882192+00:00,1841,3
2024-05-10 00:07:05.130781+00:00,1598,7
2024-05-10 00:07:05.633097+00:00,1952,2
2024-05-10 00:07:05.783076+00:00,1333,85
2024-05-10 00:07:05.910719+00:00,1796,79
2024-05-10 00:07:05.913960+00:00,1899,20
2024-05-10 00:07:05.915334+00:00,1901,20
2024-05-10 00:07:06.038581+00:00,1241,7
2024-05-10 00:07:06.082280+00:00,2039,3
2024-05-10 00:07:06.132585+00:00,1602,1
2024-05-10 00:07:06.280526+00:00,1334,58
2024-05-10 00:07:06.525261+00:00,1502,14
2024-05-10 00:07:06.657029+00:00,1726,2
2024-05-10 00:07:06.752878+00:00,1053,9
2024-05-10 00:07:06.753226+00:00,1408,3
2024-05-10 00:07:06.910525+00:00,1903,3
2024-05-10 00:07:07.025641+00:00,1503,1
2024-05-10 00:07:07.132776+00:00,1602,4
2024-05-10 00:07:07.133214+00:00,1904,2
2024-05-10 00:07:07.521286+00:00,1506,10
2024-05-10 00:07:07.583829+00:00,1133,8
2024-05-10 00:07:08.133711+00:00,1906,2
2024-05-10 00:07:08.161750+00:00,1413,7
2024-05-10 00:07:08.423303+00:00,1413,18
2024-05-10 00:07:08.424175+00:00,1414,18
2024-05-10 00:07:08.536637+00:00,1058,16
2024-05-10 00:07:08.583856+00:00,1133,14
2024-05-10 00:07:08.913527+00:00,1414,18
2024-05-10 00:07:08.914376+00:00,1414,15
2024-05-10 00:07:09.163803+00:00,1414,18
2024-05-10 00:07:09.405484+00:00,1779,1
2024-05-10 00:07:09.407535+00:00,1414,16
2024-05-10 00:07:09.787266+00:00,1058,12
2024-05-10 00:07:09.912371+00:00,1415,14
2024-05-10 00:07:10.160738+00:00,1415,9
2024-05-10 00:07:10.161768+00:00,1415,11
2024-05-10 00:07:10.286535+00:00,2010,1
2024-05-10 00:07:10.408974+00:00,1415,7
2024-05-10 00:07:10.409927+00:00,1415,14
2024-05-10 00:07:10.410717+00:00,1415,14
2024-05-10 00:07:10.656317+00:00,1327,23
2024-05-10 00:07:10.657651+00:00,1415,14
2024-05-10 00:07:10.658426+00:00,1415,14
2024-05-10 00:07:11.003257+00:00,1061,8
2024-05-10 00:07:11.159142+00:00,1416,12
2024-05-10 00:07:11.159854+00:00,1416,12
2024-05-10 00:07:11.403018+00:00,1417,10
2024-05-10 00:07:12.002436+00:00,1398,6
2024-05-10 00:07:12.003772+00:00,1061,8
2024-05-10 00:07:12.084352+00:00,1134,5
2024-05-10 00:07:12.653985+00:00,1726,9
2024-05-10 00:07:12.754766+00:00,1399,5
2024-05-10 00:07:12.756712+00:00,1061,8
2024-05-10 00:07:12.907431+00:00,1903,1
2024-05-10 00:07:13.414260+00:00,1903,1
2024-05-10 00:07:13.416059+00:00,1904,5
2024-05-10 00:07:13.504023+00:00,1068,62
2024-05-10 00:07:13.664379+00:00,1904,1
2024-05-10 00:07:13.882715+00:00,1370,474
2024-05-10 00:07:13.909773+00:00,1729,210
2024-05-10 00:07:14.153742+00:00,1905,4
2024-05-10 00:07:14.502958+00:00,1400,3
2024-05-10 00:07:14.503240+00:00,1523,3
2024-05-10 00:07:14.528914+00:00,1079,11
2024-05-10 00:07:14.780515+00:00,1079,11
2024-05-10 00:07:15.009547+00:00,1400,3
2024-05-10 00:07:15.011331+00:00,1523,55
2024-05-10 00:07:15.383655+00:00,1998,27
2024-05-10 00:07:15.408271+00:00,1676,38
2024-05-10 00:07:15.790499+00:00,1062,3
2024-05-10 00:07:16.030113+00:00,1076,26
2024-05-10 00:07:16.255478+00:00,1080,45
2024-05-10 00:07:16.287688+00:00,1077,12
2024-05-10 00:07:16.290423+00:00,1167,10
2024-05-10 00:07:16.502655+00:00,1878,1
2024-05-10 00:07:16.528392+00:00,1077,1
2024-05-10 00:07:16.754012+00:00,1080,8
2024-05-10 00:07:16.784978+00:00,1077,5
2024-05-10 00:07:16.786829+00:00,1077,1
2024-05-10 00:07:16.910920+00:00,1632,21
2024-05-10 00:07:17.025045+00:00,1077,13
2024-05-10 00:07:17.252692+00:00,1878,2
2024-05-10 00:07:17.253548+00:00,1080,6
2024-05-10 00:07:17.631987+00:00,1370,520
2024-05-10 00:07:17.906616+00:00,1734,109
2024-05-10 00:07:18.003377+00:00,1430,8
2024-05-10 00:07:18.254259+00:00,1082,67
2024-05-10 00:07:18.382089+00:00,1878,1
2024-05-10 00:07:18.504319+00:00,1082,64
2024-05-10 00:07:19.254264+00:00,1084,108
2024-05-10 00:07:19.503520+00:00,1083,34
2024-05-10 00:07:19.630808+00:00,1880,8
2024-05-10 00:07:20.040570+00:00,1169,8
2024-05-10 00:07:20.087176+00:00,1724,17
2024-05-10 00:07:20.383024+00:00,1878,15
2024-05-10 00:07:20.656053+00:00,1724,17
2024-05-10 00:07:20.755959+00:00,1084,178
2024-05-10 00:07:21.131087+00:00,1370,3
2024-05-10 00:07:21.133610+00:00,1725,4
2024-05-10 00:07:21.260699+00:00,1085,23
2024-05-10 00:07:21.510997+00:00,1085,250
2024-05-10 00:07:21.511239+00:00,1088,1
2024-05-10 00:07:21.631174+00:00,1879,1
2024-05-10 00:07:21.656639+00:00,1734,165
2024-05-10 00:07:21.658684+00:00,1503,12
2024-05-10 00:07:22.130810+00:00,1289,1
2024-05-10 00:07:22.259824+00:00,1088,133
2024-05-10 00:07:22.412281+00:00,1504,9
2024-05-10 00:07:22.506261+00:00,1089,31
2024-05-10 00:07:22.755610+00:00,1089,1
2024-05-10 00:07:23.168484+00:00,1504,9
2024-05-10 00:07:23.505508+00:00,1500,3
2024-05-10 00:07:23.531917+00:00,1077,3
2024-05-10 00:07:23.657267+00:00,1725,313
2024-05-10 00:07:23.766296+00:00,1092,63
2024-05-10 00:07:23.774626+00:00,1077,7
2024-05-10 00:07:24.032104+00:00,1077,1
2024-05-10 00:07:24.260288+00:00,1502,1
2024-05-10 00:07:24.339110+00:00,2001,17
2024-05-10 00:07:24.408366+00:00,1734,16
2024-05-10 00:07:24.412196+00:00,1503,12
2024-05-10 00:07:24.507865+00:00,1740,271
2024-05-10 00:07:24.509440+00:00,1356,21
2024-05-10 00:07:24.662056+00:00,1735,2
2024-05-10 00:07:24.665196+00:00,1502,15
2024-05-10 00:07:24.885224+00:00,1785,18
2024-05-10 00:07:24.908560+00:00,1736,1
2024-05-10 00:07:24.910429+00:00,1500,9
2024-05-10 00:07:25.131466+00:00,1713,14
2024-05-10 00:07:25.288376+00:00,1434,2
2024-05-10 00:07:25.507759+00:00,1429,66
2024-05-10 00:07:25.508059+00:00,1504,1
2024-05-10 00:07:25.773662+00:00,1328,2
2024-05-10 00:07:25.839401+00:00,1134,14
2024-05-10 00:07:25.881393+00:00,1742,12
2024-05-10 00:07:26.266929+00:00,1850,7
2024-05-10 00:07:26.517753+00:00,1104,241
2024-05-10 00:07:26.585427+00:00,1134,5
2024-05-10 00:07:26.654808+00:00,1851,6
2024-05-10 00:07:26.762456+00:00,1505,11
2024-05-10 00:07:26.765324+00:00,1104,13
2024-05-10 00:07:27.037993+00:00,1437,33
2024-05-10 00:07:27.039093+00:00,1436,163
2024-05-10 00:07:27.509367+00:00,1105,176
2024-05-10 00:07:27.536947+00:00,1437,29
2024-05-10 00:07:27.652703+00:00,1851,4
2024-05-10 00:07:27.653279+00:00,1503,12
2024-05-10 00:07:28.257907+00:00,1107,7
2024-05-10 00:07:28.337806+00:00,1834,22
2024-05-10 00:07:28.401380+00:00,1852,4
2024-05-10 00:07:28.523396+00:00,1077,13
2024-05-10 00:07:28.590704+00:00,1137,3
2024-05-10 00:07:28.766768+00:00,1742,73
2024-05-10 00:07:29.037548+00:00,1340,2
2024-05-10 00:07:29.256507+00:00,1108,31
2024-05-10 00:07:29.334267+00:00,1836,28
2024-05-10 00:07:29.402246+00:00,1854,5
2024-05-10 00:07:29.651430+00:00,1502,15
2024-05-10 00:07:29.759210+00:00,1109,19
2024-05-10 00:07:29.902176+00:00,1500,9
2024-05-10 00:07:30.008344+00:00,1111,1
2024-05-10 00:07:30.022608+00:00,1077,1
2024-05-10 00:07:30.023617+00:00,1077,1
2024-05-10 00:07:30.137696+00:00,1786,9
2024-05-10 00:07:30.258192+00:00,1667,7
2024-05-10 00:07:30.260439+00:00,1753,46
2024-05-10 00:07:30.277661+00:00,1077,7
2024-05-10 00:07:30.278552+00:00,1314,10
2024-05-10 00:07:30.518922+00:00,1077,13
2024-05-10 00:07:30.885715+00:00,1786,9
2024-05-10 00:07:30.903574+00:00,1500,9
2024-05-10 00:07:31.258048+00:00,1112,304
2024-05-10 00:07:31.272547+00:00,1077,8
2024-05-10 00:07:31.404736+00:00,1500,9
2024-05-10 00:07:31.503720+00:00,1963,1
2024-05-10 00:07:31.504433+00:00,1111,22
2024-05-10 00:07:31.583740+00:00,1872,7
2024-05-10 00:07:31.584388+00:00,1836,13
2024-05-10 00:07:31.753662+00:00,1112,1
2024-05-10 00:07:31.904309+00:00,1984,11
2024-05-10 00:07:32.002856+00:00,1112,1
2024-05-10 00:07:32.026884+00:00,1077,6
2024-05-10 00:07:32.504183+00:00,1113,79
2024-05-10 00:07:32.519620+00:00,1510,3
2024-05-10 00:07:32.753144+00:00,1439,4
2024-05-10 00:07:32.768899+00:00,1512,1
2024-05-10 00:07:32.902394+00:00,1631,21
2024-05-10 00:07:33.081978+00:00,1452,16
2024-05-10 00:07:33.258674+00:00,1113,118
2024-05-10 00:07:33.272671+00:00,1512,1
2024-05-10 00:07:33.289666+00:00,1972,3
2024-05-10 00:07:33.332588+00:00,1451,35
2024-05-10 00:07:33.333084+00:00,1872,12
2024-05-10 00:07:33.526875+00:00,1513,5
2024-05-10 00:07:33.757013+00:00,1114,51
2024-05-10 00:07:34.400806+00:00,1500,9
2024-05-10 00:07:34.754101+00:00,1115,46
2024-05-10 00:07:34.901010+00:00,1500,9
2024-05-10 00:07:35.015419+00:00,1115,28
2024-05-10 00:07:35.023545+00:00,1512,148
2024-05-10 00:07:35.252838+00:00,1439,17
2024-05-10 00:07:35.504345+00:00,1444,15
2024-05-10 00:07:35.655481+00:00,1500,9
2024-05-10 00:07:35.758730+00:00,1115,22
2024-05-10 00:07:35.796691+00:00,1171,15
2024-05-10 00:07:35.801670+00:00,1719,31
2024-05-10 00:07:35.902183+00:00,1500,9
2024-05-10 00:07:36.154674+00:00,1499,12
2024-05-10 00:07:36.254904+00:00,1436,599
2024-05-10 00:07:36.286664+00:00,1719,13
2024-05-10 00:07:36.503958+00:00,1118,48
2024-05-10 00:07:37.269661+00:00,1513,267
2024-05-10 00:07:38.016179+00:00,1449,7
2024-05-10 00:07:38.029231+00:00,1076,40
2024-05-10 00:07:38.153918+00:00,1906,1
2024-05-10 00:07:38.266191+00:00,1123,1
2024-05-10 00:07:38.287477+00:00,1058,35
2024-05-10 00:07:38.506852+00:00,1123,1
2024-05-10 00:07:38.532080+00:00,1077,13
2024-05-10 00:07:38.538240+00:00,1058,15
2024-05-10 00:07:38.650336+00:00,1907,1
2024-05-10 00:07:38.650978+00:00,1907,1
2024-05-10 00:07:38.759736+00:00,1449,3
2024-05-10 00:07:38.773211+00:00,1077,7
2024-05-10 00:07:39.156528+00:00,1908,1
2024-05-10 00:07:39.400431+00:00,1908,2
2024-05-10 00:07:39.787354+00:00,1346,1
2024-05-10 00:07:39.832592+00:00,1429,8
2024-05-10 00:07:40.083337+00:00,1429,16
2024-05-10 00:07:40.333229+00:00,2026,15
2024-05-10 00:07:40.400448+00:00,1028,3
2024-05-10 00:07:40.401137+00:00,1335,19
2024-05-10 00:07:40.539212+00:00,1970,1
2024-05-10 00:07:40.786888+00:00,1344,22
2024-05-10 00:07:40.900892+00:00,1030,4
2024-05-10 00:07:41.005374+00:00,1129,43
2024-05-10 00:07:41.084288+00:00,1430,4
2024-05-10 00:07:41.287183+00:00,1913,30
2024-05-10 00:07:41.502969+00:00,1425,20
2024-05-10 00:07:41.905502+00:00,1040,16
2024-05-10 00:07:42.540047+00:00,1516,158
2024-05-10 00:07:42.754194+00:00,1129,58
2024-05-10 00:07:43.008570+00:00,1230,2
2024-05-10 00:07:43.332288+00:00,1728,5
2024-05-10 00:07:43.401673+00:00,1229,275
2024-05-10 00:07:43.652201+00:00,1230,112
2024-05-10 00:07:43.754452+00:00,1428,11
2024-05-10 00:07:43.832701+00:00,2025,6
2024-05-10 00:07:44.002788+00:00,1131,6
2024-05-10 00:07:44.027249+00:00,1077,1
2024-05-10 00:07:44.028631+00:00,1077,13
2024-05-10 00:07:44.152339+00:00,1230,1
2024-05-10 00:07:44.253419+00:00,1455,14
2024-05-10 00:07:44.283043+00:00,1077,2
2024-05-10 00:07:44.332692+00:00,2025,6
2024-05-10 00:07:44.400673+00:00,1302,2
2024-05-10 00:07:44.401677+00:00,1303,1
2024-05-10 00:07:44.537754+00:00,1529,22
2024-05-10 00:07:44.584567+00:00,1433,4
2024-05-10 00:07:44.754172+00:00,1131,8
2024-05-10 00:07:45.332310+00:00,2026,5
2024-05-10 00:07:46.003034+00:00,1126,4
2024-05-10 00:07:46.086598+00:00,1128,6
2024-05-10 00:07:46.412248+00:00,1498,9
2024-05-10 00:07:46.502789+00:00,1126,1
2024-05-10 00:07:46.526742+00:00,1516,316
2024-05-10 00:07:47.253638+00:00,1127,12
2024-05-10 00:07:47.503078+00:00,1139,18
2024-05-10 00:07:47.582128+00:00,1883,3
2024-05-10 00:07:47.834383+00:00,1269,32
2024-05-10 00:07:48.004138+00:00,1457,18
2024-05-10 00:07:48.048496+00:00,2033,2
2024-05-10 00:07:48.832203+00:00,1885,1
2024-05-10 00:07:49.083241+00:00,1886,8
2024-05-10 00:07:49.253013+00:00,1463,17
2024-05-10 00:07:49.389728+00:00,1681,28
2024-05-10 00:07:49.542498+00:00,1916,7
2024-05-10 00:07:49.662807+00:00,1887,1
2024-05-10 00:07:49.754244+00:00,1126,1
2024-05-10 00:07:49.832350+00:00,1087,6
2024-05-10 00:07:49.910903+00:00,1887,1
2024-05-10 00:07:50.038912+00:00,1350,2
2024-05-10 00:07:50.082385+00:00,1439,9
2024-05-10 00:07:50.083485+00:00,1274,13
2024-05-10 00:07:50.252754+00:00,1469,17
2024-05-10 00:07:50.253077+00:00,1126,1
2024-05-10 00:07:50.503511+00:00,1126,15
2024-05-10 00:07:50.656851+00:00,1037,24
2024-05-10 00:07:50.833011+00:00,1443,10
2024-05-10 00:07:50.904229+00:00,2016,6
2024-05-10 00:07:51.260537+00:00,1476,10
2024-05-10 00:07:52.254083+00:00,1127,1
2024-05-10 00:07:52.509157+00:00,1483,3
2024-05-10 00:07:52.587824+00:00,1441,199
2024-05-10 00:07:52.832402+00:00,2028,3
2024-05-10 00:07:53.014784+00:00,1128,12
2024-05-10 00:07:53.038592+00:00,1211,30
2024-05-10 00:07:53.336226+00:00,1442,23
2024-05-10 00:07:53.401362+00:00,2017,7
2024-05-10 00:07:53.587115+00:00,1443,7
2024-05-10 00:07:53.836089+00:00,2028,3
2024-05-10 00:07:54.845654+00:00,1583,7
2024-05-10 00:07:55.158965+00:00,1638,3
2024-05-10 00:07:55.278787+00:00,1340,22
2024-05-10 00:07:55.405271+00:00,1369,31
2024-05-10 00:07:55.597557+00:00,1583,5
2024-05-10 00:07:55.657806+00:00,1323,9
2024-05-10 00:07:55.657975+00:00,1043,16
2024-05-10 00:07:55.846534+00:00,1446,339
2024-05-10 00:07:55.846899+00:00,1446,6
2024-05-10 00:07:55.851447+00:00,1584,8
2024-05-10 00:07:56.130661+00:00,1720,1
2024-05-10 00:07:56.585049+00:00,1446,173
2024-05-10 00:07:56.639293+00:00,1720,2
2024-05-10 00:07:56.658844+00:00,1039,7
2024-05-10 00:07:56.891927+00:00,1371,4
2024-05-10 00:07:56.908271+00:00,1039,9
2024-05-10 00:07:56.908553+00:00,1323,9
2024-05-10 00:07:57.019859+00:00,1340,23
2024-05-10 00:07:57.051109+00:00,1209,14
2024-05-10 00:07:57.082961+00:00,1947,20
2024-05-10 00:07:57.083425+00:00,1447,7
2024-05-10 00:07:57.158806+00:00,1039,17
2024-05-10 00:07:57.162441+00:00,1691,18
2024-05-10 00:07:57.332050+00:00,2028,3
2024-05-10 00:07:57.657024+00:00,1621,14
2024-05-10 00:07:58.332511+00:00,1446,296
2024-05-10 00:07:58.335295+00:00,1585,69
2024-05-10 00:07:59.086225+00:00,1586,1
2024-05-10 00:07:59.410857+00:00,1101,10
2024-05-10 00:07:59.586645+00:00,1586,66
2024-05-10 00:07:59.658791+00:00,1767,11
2024-05-10 00:08:00.008564+00:00,1129,10
2024-05-10 00:08:00.009134+00:00,1390,5
2024-05-10 00:08:00.089364+00:00,1446,109
2024-05-10 00:08:00.294703+00:00,1355,2
2024-05-10 00:08:00.297300+00:00,1806,6
2024-05-10 00:08:00.340370+00:00,1449,14
2024-05-10 00:08:00.595794+00:00,1587,84
2024-05-10 00:08:00.668763+00:00,1767,4
2024-05-10 00:08:00.909001+00:00,1602,11
2024-05-10 00:08:01.014146+00:00,1490,62
2024-05-10 00:08:01.015302+00:00,1130,19
2024-05-10 00:08:01.164358+00:00,1384,403
2024-05-10 00:08:01.343225+00:00,1449,341
2024-05-10 00:08:01.414754+00:00,1736,2
2024-05-10 00:08:01.415308+00:00,1102,5
2024-05-10 00:08:01.589853+00:00,1586,364
2024-05-10 00:08:02.155359+00:00,1737,5
2024-05-10 00:08:02.645036+00:00,1376,5
2024-05-10 00:08:02.647037+00:00,1679,9
2024-05-10 00:08:02.910704+00:00,1384,10
2024-05-10 00:08:02.911797+00:00,2018,1
2024-05-10 00:08:02.912406+00:00,1738,9
2024-05-10 00:08:02.912447+00:00,2018,4
2024-05-10 00:08:03.022065+00:00,1548,3
2024-05-10 00:08:03.023898+00:00,1446,29
2024-05-10 00:08:03.411654+00:00,1738,11
2024-05-10 00:08:04.042392+00:00,1601,3
2024-05-10 00:08:04.090617+00:00,1299,3
2024-05-10 00:08:04.161264+00:00,2019,9
2024-05-10 00:08:04.166280+00:00,1738,10
2024-05-10 00:08:04.297312+00:00,1175,70
2024-05-10 00:08:04.339266+00:00,1453,312
2024-05-10 00:08:04.418794+00:00,1501,2
2024-05-10 00:08:04.659070+00:00,1583,9
2024-05-10 00:08:04.660438+00:00,2017,6
2024-05-10 00:08:05.140931+00:00,1683,1
2024-05-10 00:08:05.164065+00:00,1583,13
2024-05-10 00:08:05.798345+00:00,1179,7
2024-05-10 00:08:05.911326+00:00,1049,3
2024-05-10 00:08:06.164264+00:00,1289,3
2024-05-10 00:08:06.544443+00:00,1179,9
2024-05-10 00:08:07.162066+00:00,1152,3
2024-05-10 00:08:07.513501+00:00,1595,4
2024-05-10 00:08:07.910927+00:00,2017,9
2024-05-10 00:08:08.090754+00:00,1950,1
2024-05-10 00:08:08.265815+00:00,1595,17
2024-05-10 00:08:08.414788+00:00,1651,16
2024-05-10 00:08:08.595674+00:00,1299,3
2024-05-10 00:08:08.600611+00:00,1950,5
2024-05-10 00:08:08.600847+00:00,1609,23
2024-05-10 00:08:08.602888+00:00,1756,12
2024-05-10 00:08:08.834326+00:00,1609,8
2024-05-10 00:08:08.911470+00:00,2017,16
2024-05-10 00:08:09.088765+00:00,1757,9
2024-05-10 00:08:09.163038+00:00,1052,1
2024-05-10 00:08:09.792097+00:00,1360,2
2024-05-10 00:08:09.905814+00:00,1306,5
2024-05-10 00:08:10.018915+00:00,1596,4
2024-05-10 00:08:10.149441+00:00,1380,1
2024-05-10 00:08:10.344559+00:00,1757,6
2024-05-10 00:08:10.404429+00:00,1155,1
2024-05-10 00:08:10.405110+00:00,2017,15
2024-05-10 00:08:10.658228+00:00,1560,15
2024-05-10 00:08:10.904531+00:00,2018,4
2024-05-10 00:08:10.905879+00:00,1154,8
2024-05-10 00:08:11.089919+00:00,1758,4
2024-05-10 00:08:11.133380+00:00,1382,7
2024-05-10 00:08:11.406123+00:00,1561,15
2024-05-10 00:08:11.755393+00:00,1453,1
2024-05-10 00:08:11.908966+00:00,2018,3
2024-05-10 00:08:12.008863+00:00,1977,6
2024-05-10 00:08:12.088490+00:00,1949,13
2024-05-10 00:08:12.256465+00:00,1453,115
2024-05-10 00:08:12.268484+00:00,1147,5
2024-05-10 00:08:12.505558+00:00,1976,9
2024-05-10 00:08:12.653885+00:00,2019,1
2024-05-10 00:08:12.907649+00:00,1307,19
2024-05-10 00:08:13.024232+00:00,1447,3
2024-05-10 00:08:13.093759+00:00,1759,1
2024-05-10 00:08:13.155590+00:00,2019,1
2024-05-10 00:08:13.286530+00:00,1976,2
2024-05-10 00:08:13.336928+00:00,1759,5
2024-05-10 00:08:13.502619+00:00,1981,7
2024-05-10 00:08:13.653886+00:00,2020,2
2024-05-10 00:08:13.756369+00:00,1981,1
2024-05-10 00:08:13.770038+00:00,1696,1
2024-05-10 00:08:13.845393+00:00,1511,79
2024-05-10 00:08:13.905044+00:00,1542,13
2024-05-10 00:08:14.155508+00:00,1156,1
2024-05-10 00:08:14.344925+00:00,1509,15
2024-05-10 00:08:14.786774+00:00,1977,1
2024-05-10 00:08:15.003763+00:00,1983,6
2024-05-10 00:08:15.408684+00:00,1160,22
2024-05-10 00:08:15.409439+00:00,1645,27
2024-05-10 00:08:15.660884+00:00,2020,1
2024-05-10 00:08:15.662833+00:00,2020,1
2024-05-10 00:08:15.754014+00:00,1551,4
2024-05-10 00:08:16.004156+00:00,1984,1
2024-05-10 00:08:16.162273+00:00,1161,94
2024-05-10 00:08:16.271818+00:00,1150,1
2024-05-10 00:08:16.416558+00:00,1161,31
2024-05-10 00:08:16.536878+00:00,1150,6
2024-05-10 00:08:16.659860+00:00,1542,21
2024-05-10 00:08:16.758287+00:00,1455,106
2024-05-10 00:08:16.915117+00:00,1161,42
2024-05-10 00:08:17.287455+00:00,1180,6
2024-05-10 00:08:17.439219+00:00,1307,28
2024-05-10 00:08:17.439837+00:00,2021,2
2024-05-10 00:08:17.505952+00:00,1986,1
2024-05-10 00:08:17.756876+00:00,1594,2
2024-05-10 00:08:17.786936+00:00,1977,7
2024-05-10 00:08:17.912518+00:00,1161,19
2024-05-10 00:08:18.168557+00:00,1161,28
2024-05-10 00:08:18.908477+00:00,1308,4
2024-05-10 00:08:19.252809+00:00,1339,4
2024-05-10 00:08:19.348212+00:00,1615,303
2024-05-10 00:08:19.408328+00:00,1308,3
2024-05-10 00:08:19.528458+00:00,1944,4
2024-05-10 00:08:19.536588+00:00,1366,1
2024-05-10 00:08:19.599693+00:00,1618,2
2024-05-10 00:08:19.661633+00:00,1309,2
2024-05-10 00:08:19.758470+00:00,1988,2
2024-05-10 00:08:19.787234+00:00,1978,6
2024-05-10 00:08:19.787864+00:00,1150,6
2024-05-10 00:08:20.096572+00:00,1246,3
2024-05-10 00:08:20.537425+00:00,1338,1
2024-05-10 00:08:20.586425+00:00,1248,1
2024-05-10 00:08:20.764598+00:00,1338,3
2024-05-10 00:08:21.158039+00:00,2021,1
2024-05-10 00:08:21.286609+00:00,1978,4
2024-05-10 00:08:21.348016+00:00,1248,10
2024-05-10 00:08:21.411039+00:00,2022,1
2024-05-10 00:08:21.591576+00:00,1976,3
2024-05-10 00:08:21.763788+00:00,1553,3
2024-05-10 00:08:21.786976+00:00,1979,6
2024-05-10 00:08:22.153420+00:00,2023,2
2024-05-10 00:08:22.264251+00:00,1340,9
2024-05-10 00:08:22.392163+00:00,1695,88
2024-05-10 00:08:22.591172+00:00,1058,24
2024-05-10 00:08:22.786931+00:00,1979,12
2024-05-10 00:08:22.839119+00:00,2001,27
2024-05-10 00:08:23.023988+00:00,1947,1
2024-05-10 00:08:24.008328+00:00,1552,4
2024-05-10 00:08:24.090277+00:00,2003,23
2024-05-10 00:08:24.142075+00:00,1698,8
2024-05-10 00:08:24.513903+00:00,1534,1
2024-05-10 00:08:24.587895+00:00,1445,2
2024-05-10 00:08:24.787126+00:00,1152,1
2024-05-10 00:08:24.835621+00:00,2006,7
2024-05-10 00:08:25.507800+00:00,1732,11
2024-05-10 00:08:25.537136+00:00,1153,1
2024-05-10 00:08:25.787518+00:00,1920,33
2024-05-10 00:08:25.838610+00:00,1063,9
2024-05-10 00:08:25.884786+00:00,1715,69
2024-05-10 00:08:26.040479+00:00,1154,1
2024-05-10 00:08:26.295037+00:00,1154,6
2024-05-10 00:08:26.836714+00:00,1076,100
2024-05-10 00:08:26.900612+00:00,1170,9
2024-05-10 00:08:27.540127+00:00,1154,18
2024-05-10 00:08:27.588515+00:00,1065,12
2024-05-10 00:08:27.838738+00:00,1065,25
2024-05-10 00:08:28.154151+00:00,1126,14
2024-05-10 00:08:28.339061+00:00,1066,5
2024-05-10 00:08:28.405146+00:00,1126,14
2024-05-10 00:08:28.585638+00:00,1066,5
2024-05-10 00:08:28.631539+00:00,1077,8
2024-05-10 00:08:28.905259+00:00,1171,5
2024-05-10 00:08:29.381924+00:00,1380,2
2024-05-10 00:08:29.902027+00:00,1130,1
2024-05-10 00:08:30.050965+00:00,1991,10
2024-05-10 00:08:30.557061+00:00,1992,12
2024-05-10 00:08:30.656180+00:00,1131,1
2024-05-10 00:08:31.082867+00:00,2006,7
2024-05-10 00:08:31.157404+00:00,1131,1
2024-05-10 00:08:31.157972+00:00,1173,44
2024-05-10 00:08:31.583387+00:00,1083,2
2024-05-10 00:08:31.660968+00:00,1578,28
2024-05-10 00:08:31.793662+00:00,1371,1
2024-05-10 00:08:31.881381+00:00,1031,7
2024-05-10 00:08:32.295223+00:00,1992,12
2024-05-10 00:08:32.332339+00:00,2008,5
2024-05-10 00:08:32.402642+00:00,1133,1
2024-05-10 00:08:32.904913+00:00,1306,5
2024-05-10 00:08:33.013835+00:00,1462,35
2024-05-10 00:08:33.506676+00:00,1462,66
2024-05-10 00:08:33.755407+00:00,1462,1
2024-05-10 00:08:33.907131+00:00,1306,2
2024-05-10 00:08:34.155501+00:00,1306,6
2024-05-10 00:08:34.516061+00:00,1463,63
2024-05-10 00:08:34.651318+00:00,1132,2
2024-05-10 00:08:35.048754+00:00,1759,85
2024-05-10 00:08:35.164240+00:00,1615,14
2024-05-10 00:08:35.545540+00:00,1184,27
2024-05-10 00:08:35.888975+00:00,1593,6
2024-05-10 00:08:35.903355+00:00,1615,13
2024-05-10 00:08:36.086495+00:00,1084,2
2024-05-10 00:08:36.154777+00:00,1615,10
2024-05-10 00:08:36.905904+00:00,1182,4
2024-05-10 00:08:37.390293+00:00,1518,3
2024-05-10 00:08:37.405549+00:00,1134,64
2024-05-10 00:08:37.406337+00:00,1183,1
2024-05-10 00:08:37.655707+00:00,1618,14
2024-05-10 00:08:38.265883+00:00,1462,82
2024-05-10 00:08:38.332840+00:00,2015,12
2024-05-10 00:08:38.634290+00:00,1381,1
2024-05-10 00:08:38.635450+00:00,1879,2
2024-05-10 00:08:39.042413+00:00,1926,6
2024-05-10 00:08:39.135010+00:00,1050,9
2024-05-10 00:08:39.538264+00:00,1193,2
2024-05-10 00:08:39.833003+00:00,1032,15
2024-05-10 00:08:40.261458+00:00,1564,11
2024-05-10 00:08:40.655383+00:00,1303,3
2024-05-10 00:08:41.158205+00:00,1188,1
2024-05-10 00:08:41.257243+00:00,1464,25
2024-05-10 00:08:41.409340+00:00,1188,3
2024-05-10 00:08:41.656138+00:00,1760,3
2024-05-10 00:08:42.160900+00:00,1762,1
2024-05-10 00:08:42.162026+00:00,1764,7
2024-05-10 00:08:42.590878+00:00,1085,6
2024-05-10 00:08:42.656586+00:00,1765,5
2024-05-10 00:08:43.041953+00:00,1993,14
2024-05-10 00:08:43.154760+00:00,1765,1
2024-05-10 00:08:43.333097+00:00,1352,8
2024-05-10 00:08:43.383728+00:00,1789,9
2024-05-10 00:08:43.583471+00:00,1970,1
2024-05-10 00:08:43.656373+00:00,1303,3
2024-05-10 00:08:43.657231+00:00,1766,34
2024-05-10 00:08:43.794393+00:00,1993,11
2024-05-10 00:08:43.889445+00:00,1166,76
2024-05-10 00:08:43.906904+00:00,1706,1
2024-05-10 00:08:44.044416+00:00,1993,11
2024-05-10 00:08:44.158022+00:00,1706,3
2024-05-10 00:08:44.293019+00:00,1854,86
2024-05-10 00:08:44.387875+00:00,1791,1
2024-05-10 00:08:44.408569+00:00,1569,36
2024-05-10 00:08:44.663457+00:00,1706,3
2024-05-10 00:08:44.887778+00:00,1791,73
2024-05-10 00:08:44.903080+00:00,1765,21
2024-05-10 00:08:45.294617+00:00,1857,56
2024-05-10 00:08:45.402048+00:00,1706,3
2024-05-10 00:08:45.654367+00:00,1706,3
2024-05-10 00:08:46.409859+00:00,1177,12
2024-05-10 00:08:46.502523+00:00,1732,191
2024-05-10 00:08:46.503348+00:00,1564,3
2024-05-10 00:08:46.653929+00:00,1177,12
2024-05-10 00:08:46.753639+00:00,1564,3
2024-05-10 00:08:47.131546+00:00,1795,46
2024-05-10 00:08:47.502293+00:00,1466,7
2024-05-10 00:08:47.581981+00:00,1279,15
2024-05-10 00:08:47.582309+00:00,1969,32
2024-05-10 00:08:48.084266+00:00,1970,35
2024-05-10 00:08:48.131106+00:00,1962,18
2024-05-10 00:08:48.159613+00:00,1618,24
2024-05-10 00:08:48.254431+00:00,1466,7
2024-05-10 00:08:48.254925+00:00,1735,98
2024-05-10 00:08:48.656079+00:00,1176,5
2024-05-10 00:08:48.882599+00:00,1962,17
2024-05-10 00:08:49.332145+00:00,1879,95
2024-05-10 00:08:49.405521+00:00,1769,18
2024-05-10 00:08:49.586556+00:00,1348,8
2024-05-10 00:08:49.832996+00:00,1278,12
2024-05-10 00:08:49.835232+00:00,1348,1
2024-05-10 00:08:49.901731+00:00,1181,2
2024-05-10 00:08:50.273281+00:00,1859,13
2024-05-10 00:08:50.334260+00:00,1385,8
2024-05-10 00:08:50.789323+00:00,1997,5
2024-05-10 00:08:50.906927+00:00,1771,11
2024-05-10 00:08:51.011653+00:00,1738,229
2024-05-10 00:08:51.039560+00:00,1150,3
2024-05-10 00:08:51.655532+00:00,1770,7
2024-05-10 00:08:51.657155+00:00,1504,33
2024-05-10 00:08:52.007540+00:00,1738,226
2024-05-10 00:08:52.045299+00:00,2001,2
2024-05-10 00:08:52.155198+00:00,1183,1
2024-05-10 00:08:52.402420+00:00,1770,1
2024-05-10 00:08:52.833799+00:00,1972,15
2024-05-10 00:08:53.042623+00:00,2000,5
2024-05-10 00:08:53.257484+00:00,1740,91
2024-05-10 00:08:53.542266+00:00,1159,1
2024-05-10 00:08:53.544275+00:00,1159,11
2024-05-10 00:08:53.584232+00:00,1972,23
2024-05-10 00:08:53.651809+00:00,1772,1
2024-05-10 00:08:53.762012+00:00,1469,5
2024-05-10 00:08:53.837455+00:00,1376,20
2024-05-10 00:08:53.906571+00:00,1773,15
2024-05-10 00:08:54.040456+00:00,1159,12
2024-05-10 00:08:54.289562+00:00,1159,11
2024-05-10 00:08:54.657290+00:00,1773,1
2024-05-10 00:08:54.661408+00:00,1182,2
2024-05-10 00:08:54.791812+00:00,1799,3
2024-05-10 00:08:54.832160+00:00,1972,22
2024-05-10 00:08:55.269331+00:00,1084,1
2024-05-10 00:08:55.273173+00:00,1155,23
2024-05-10 00:08:55.584362+00:00,2016,24
2024-05-10 00:08:55.650661+00:00,1774,9
2024-05-10 00:08:55.766124+00:00,1157,1
2024-05-10 00:08:55.884954+00:00,1423,3
2024-05-10 00:08:55.885078+00:00,1371,1
2024-05-10 00:08:55.900814+00:00,1187,3
2024-05-10 00:08:56.133572+00:00,1425,6
2024-05-10 00:08:56.258779+00:00,1084,7
2024-05-10 00:08:56.260615+00:00,1157,7
2024-05-10 00:08:56.333393+00:00,1974,20
2024-05-10 00:08:56.401441+00:00,1775,38
2024-05-10 00:08:56.651059+00:00,1187,1
2024-05-10 00:08:56.651580+00:00,1510,8
2024-05-10 00:08:56.761649+00:00,1085,6
2024-05-10 00:08:56.766476+00:00,1159,39
2024-05-10 00:08:57.138162+00:00,1426,12
2024-05-10 00:08:57.522890+00:00,1077,1
2024-05-10 00:08:57.537839+00:00,1160,7
2024-05-10 00:08:57.651654+00:00,1187,5
2024-05-10 00:08:57.786655+00:00,1160,1
2024-05-10 00:08:57.792164+00:00,1193,52
2024-05-10 00:08:57.901341+00:00,1775,14
2024-05-10 00:08:57.903613+00:00,1187,5
2024-05-10 00:08:58.018942+00:00,1077,13
2024-05-10 00:08:58.038583+00:00,1160,9
2024-05-10 00:08:58.287048+00:00,1161,8
2024-05-10 00:08:58.386992+00:00,1427,12
2024-05-10 00:08:58.511723+00:00,1163,1
2024-05-10 00:08:58.536552+00:00,1193,1
2024-05-10 00:08:58.651993+00:00,1775,38
2024-05-10 00:08:58.787030+00:00,1161,6
2024-05-10 00:08:58.886431+00:00,1428,3
2024-05-10 00:08:59.005188+00:00,1164,7
2024-05-10 00:08:59.038213+00:00,1161,8
2024-05-10 00:08:59.135506+00:00,1639,15
2024-05-10 00:08:59.157649+00:00,1776,37
2024-05-10 00:08:59.256067+00:00,1164,1
2024-05-10 00:08:59.383546+00:00,1789,9
2024-05-10 00:08:59.508747+00:00,1164,24
2024-05-10 00:09:00.008766+00:00,1086,5
2024-05-10 00:09:00.011303+00:00,1165,6
2024-05-10 00:09:00.037357+00:00,1161,8
2024-05-10 00:09:00.081793+00:00,1977,4
2024-05-10 00:09:00.287217+00:00,1766,33
2024-05-10 00:09:00.384063+00:00,1789,9
2024-05-10 00:09:00.536852+00:00,1196,9
2024-05-10 00:09:00.592548+00:00,1978,12
2024-05-10 00:09:01.089002+00:00,1278,12
2024-05-10 00:09:01.135315+00:00,1789,9
2024-05-10 00:09:01.277209+00:00,1076,13
2024-05-10 00:09:01.530039+00:00,1076,40
2024-05-10 00:09:01.536623+00:00,1159,1
2024-05-10 00:09:01.787335+00:00,1158,11
2024-05-10 00:09:02.040553+00:00,1157,13
2024-05-10 00:09:02.094012+00:00,1278,11
2024-05-10 00:09:02.289278+00:00,1933,2
2024-05-10 00:09:02.345610+00:00,1630,3
2024-05-10 00:09:02.849375+00:00,1342,6
2024-05-10 00:09:03.020689+00:00,1077,1
2024-05-10 00:09:03.021342+00:00,1077,1
2024-05-10 00:09:03.039961+00:00,1158,10
2024-05-10 00:09:03.090112+00:00,1385,6
2024-05-10 00:09:03.255345+00:00,1809,2
2024-05-10 00:09:03.271603+00:00,1077,3
2024-05-10 00:09:03.272526+00:00,1077,7
2024-05-10 00:09:03.634250+00:00,1587,2
2024-05-10 00:09:03.787723+00:00,1384,1
2024-05-10 00:09:04.084899+00:00,2022,4
2024-05-10 00:09:04.335535+00:00,2026,3
2024-05-10 00:09:04.403919+00:00,1189,5
2024-05-10 00:09:04.652138+00:00,1189,3
2024-05-10 00:09:04.652634+00:00,1189,2
2024-05-10 00:09:04.774036+00:00,1078,7
2024-05-10 00:09:04.774881+00:00,1078,5
2024-05-10 00:09:04.790278+00:00,1160,5
2024-05-10 00:09:04.843048+00:00,1978,35
2024-05-10 00:09:04.902921+00:00,1189,5
2024-05-10 00:09:05.259347+00:00,1564,10
2024-05-10 00:09:05.385925+00:00,1726,15
2024-05-10 00:09:05.528403+00:00,1078,12
2024-05-10 00:09:05.538903+00:00,1162,1
2024-05-10 00:09:05.633348+00:00,1588,8
2024-05-10 00:09:05.651163+00:00,1187,5
2024-05-10 00:09:05.789964+00:00,1162,4
2024-05-10 00:09:06.002938+00:00,1564,10
2024-05-10 00:09:06.272720+00:00,1077,11
2024-05-10 00:09:06.273445+00:00,1077,3
2024-05-10 00:09:06.287966+00:00,1162,4
2024-05-10 00:09:06.388886+00:00,1590,6
2024-05-10 00:09:06.538446+00:00,1162,4
2024-05-10 00:09:06.594049+00:00,1178,151
2024-05-10 00:09:06.632893+00:00,1726,13
2024-05-10 00:09:06.788511+00:00,1162,4
2024-05-10 00:09:07.087905+00:00,1980,32
2024-05-10 00:09:07.386830+00:00,1769,14
2024-05-10 00:09:07.389008+00:00,1715,76
2024-05-10 00:09:07.539381+00:00,1164,1
2024-05-10 00:09:07.789740+00:00,1164,5
2024-05-10 00:09:07.837435+00:00,1982,30
2024-05-10 00:09:08.042664+00:00,1164,5
2024-05-10 00:09:08.418915+00:00,1108,11
2024-05-10 00:09:09.770799+00:00,1871,2
2024-05-10 00:09:09.794506+00:00,1935,12
2024-05-10 00:09:09.883750+00:00,1878,72
2024-05-10 00:09:09.883807+00:00,1597,2
2024-05-10 00:09:10.271189+00:00,1285,3
2024-05-10 00:09:10.403650+00:00,1112,1
2024-05-10 00:09:10.908846+00:00,1112,35
2024-05-10 00:09:11.048156+00:00,1344,1
2024-05-10 00:09:11.155910+00:00,1112,1
2024-05-10 00:09:12.153214+00:00,1110,2
2024-05-10 00:09:12.343287+00:00,1182,1
2024-05-10 00:09:12.660078+00:00,1111,7
2024-05-10 00:09:12.789757+00:00,1165,8
2024-05-10 00:09:13.039333+00:00,1845,4
2024-05-10 00:09:13.157960+00:00,1197,9
2024-05-10 00:09:13.289488+00:00,1845,4
2024-05-10 00:09:14.039449+00:00,1166,1
2024-05-10 00:09:14.544333+00:00,1166,8
2024-05-10 00:09:14.545394+00:00,1166,8
2024-05-10 00:09:14.912600+00:00,1145,5
2024-05-10 00:09:15.048587+00:00,1167,9
2024-05-10 00:09:15.051730+00:00,1934,4
2024-05-10 00:09:15.053725+00:00,1846,166
2024-05-10 00:09:15.265017+00:00,2039,7
2024-05-10 00:09:15.347793+00:00,1183,137
2024-05-10 00:09:15.541756+00:00,1336,41
2024-05-10 00:09:15.543483+00:00,1934,2
2024-05-10 00:09:15.793703+00:00,1167,4
2024-05-10 00:09:15.798113+00:00,1934,1
2024-05-10 00:09:16.044566+00:00,1167,4
2024-05-10 00:09:16.151195+00:00,1331,9
2024-05-10 00:09:16.386820+00:00,1878,54
2024-05-10 00:09:17.260492+00:00,1521,36
2024-05-10 00:09:17.384604+00:00,1719,5
2024-05-10 00:09:17.888576+00:00,1720,4
2024-05-10 00:09:18.027195+00:00,1093,12
2024-05-10 00:09:18.156108+00:00,1261,10
2024-05-10 00:09:18.403585+00:00,1331,3
2024-05-10 00:09:18.544183+00:00,1339,3
2024-05-10 00:09:18.763124+00:00,1478,6
2024-05-10 00:09:18.882825+00:00,1720,8
2024-05-10 00:09:18.901788+00:00,1774,26
2024-05-10 00:09:19.004008+00:00,1165,21
2024-05-10 00:09:19.157378+00:00,1262,20
2024-05-10 00:09:19.341919+00:00,1841,58
2024-05-10 00:09:19.512823+00:00,1521,11
2024-05-10 00:09:19.513159+00:00,1166,17
2024-05-10 00:09:19.543150+00:00,1931,5
2024-05-10 00:09:19.794187+00:00,1341,16
2024-05-10 00:09:20.043027+00:00,1341,1
2024-05-10 00:09:20.045505+00:00,1932,4
2024-05-10 00:09:20.269636+00:00,1093,13
2024-05-10 00:09:20.339253+00:00,1843,16
2024-05-10 00:09:20.547861+00:00,1341,14
2024-05-10 00:09:20.795434+00:00,1341,80
2024-05-10 00:09:21.293926+00:00,1341,68
2024-05-10 00:09:21.507691+00:00,1480,6
2024-05-10 00:09:21.846889+00:00,1907,15
2024-05-10 00:09:22.296160+00:00,1342,62
2024-05-10 00:09:22.401401+00:00,1705,15
2024-05-10 00:09:22.900695+00:00,1780,2
2024-05-10 00:09:23.288394+00:00,1342,67
2024-05-10 00:09:23.754843+00:00,1566,138
2024-05-10 00:09:23.901127+00:00,1107,3
2024-05-10 00:09:24.652296+00:00,1703,14
2024-05-10 00:09:24.753960+00:00,1568,2
2024-05-10 00:09:25.259108+00:00,1568,2
2024-05-10 00:09:25.401899+00:00,1779,21
2024-05-10 00:09:25.756361+00:00,1567,5
2024-05-10 00:09:25.839116+00:00,1846,41
2024-05-10 00:09:26.759901+00:00,1564,3
2024-05-10 00:09:27.288688+00:00,1937,11
2024-05-10 00:09:27.332186+00:00,1847,85
2024-05-10 00:09:27.537127+00:00,1938,10
2024-05-10 00:09:27.832512+00:00,1848,88
2024-05-10 00:09:28.009537+00:00,1167,1
2024-05-10 00:09:28.039770+00:00,1917,10
2024-05-10 00:09:28.787404+00:00,1208,5
2024-05-10 00:09:28.900665+00:00,1704,4
2024-05-10 00:09:29.833331+00:00,1851,8
2024-05-10 00:09:29.900696+00:00,1496,9
2024-05-10 00:09:30.004436+00:00,1564,3
2024-05-10 00:09:30.020682+00:00,1337,6
2024-05-10 00:09:30.254474+00:00,1167,4
2024-05-10 00:09:30.506269+00:00,1564,3
2024-05-10 00:09:30.885789+00:00,1543,7
2024-05-10 00:09:30.900922+00:00,1498,1
2024-05-10 00:09:30.902552+00:00,1498,1
2024-05-10 00:09:31.016766+00:00,1445,3
2024-05-10 00:09:31.037635+00:00,1745,9
2024-05-10 00:09:31.386407+00:00,1545,4
2024-05-10 00:09:31.403557+00:00,1498,22
2024-05-10 00:09:31.904345+00:00,1998,3
2024-05-10 00:09:31.906628+00:00,1501,21
2024-05-10 00:09:32.152463+00:00,1194,16
2024-05-10 00:09:32.286814+00:00,1483,6
2024-05-10 00:09:32.651895+00:00,1195,14
2024-05-10 00:09:32.884366+00:00,1164,3
2024-05-10 00:09:33.139671+00:00,1548,59
2024-05-10 00:09:33.151353+00:00,1726,4
2024-05-10 00:09:33.333242+00:00,1911,11
2024-05-10 00:09:33.537275+00:00,1483,1
2024-05-10 00:09:33.583533+00:00,1911,6
2024-05-10 00:09:33.634304+00:00,1165,13
2024-05-10 00:09:33.767189+00:00,1760,15
2024-05-10 00:09:33.901021+00:00,2000,5
2024-05-10 00:09:33.902523+00:00,1268,7
2024-05-10 00:09:34.037452+00:00,1483,8
2024-05-10 00:09:34.082365+00:00,1911,10
2024-05-10 00:09:34.101868+00:00,1911,1
2024-05-10 00:09:34.268164+00:00,1760,15
2024-05-10 00:09:34.400899+00:00,2001,3
2024-05-10 00:09:34.650548+00:00,2001,1
2024-05-10 00:09:34.787046+00:00,1485,8
2024-05-10 00:09:34.838241+00:00,1063,81
2024-05-10 00:09:35.083060+00:00,1911,93
2024-05-10 00:09:35.086752+00:00,1470,3
2024-05-10 00:09:35.266381+00:00,1164,111
2024-05-10 00:09:35.332338+00:00,1856,20
2024-05-10 00:09:35.521619+00:00,1762,87
2024-05-10 00:09:35.900958+00:00,2003,7
2024-05-10 00:09:35.903271+00:00,1652,43
2024-05-10 00:09:35.904402+00:00,1085,10
2024-05-10 00:09:36.086703+00:00,1472,24
2024-05-10 00:09:36.335905+00:00,1774,46
2024-05-10 00:09:36.401154+00:00,2004,6
2024-05-10 00:09:36.510685+00:00,1114,10
2024-05-10 00:09:36.583707+00:00,1856,97
2024-05-10 00:09:36.650704+00:00,2003,5
2024-05-10 00:09:36.901702+00:00,1652,81
2024-05-10 00:09:37.084225+00:00,1774,61
2024-05-10 00:09:37.132797+00:00,1791,24
2024-05-10 00:09:37.150752+00:00,2003,5
2024-05-10 00:09:37.332738+00:00,1859,23
2024-05-10 00:09:37.400643+00:00,2003,4
2024-05-10 00:09:37.404155+00:00,1340,64
2024-05-10 00:09:37.518506+00:00,1038,42
2024-05-10 00:09:37.650810+00:00,2003,6
2024-05-10 00:09:37.901421+00:00,1519,9
2024-05-10 00:09:38.133383+00:00,1543,9
2024-05-10 00:09:38.133939+00:00,1789,21
2024-05-10 00:09:38.153862+00:00,1657,53
2024-05-10 00:09:38.266448+00:00,1958,1
2024-05-10 00:09:38.336040+00:00,1088,5
2024-05-10 00:09:38.400614+00:00,2004,5
2024-05-10 00:09:38.834463+00:00,1856,130
2024-05-10 00:09:38.836948+00:00,1124,3
2024-05-10 00:09:39.156738+00:00,1657,24
2024-05-10 00:09:39.383768+00:00,1543,9
2024-05-10 00:09:39.400457+00:00,2004,7
2024-05-10 00:09:39.540164+00:00,1491,1
2024-05-10 00:09:39.587950+00:00,1475,3
2024-05-10 00:09:39.789768+00:00,1492,3
2024-05-10 00:09:39.886340+00:00,1543,24
2024-05-10 00:09:40.287974+00:00,1492,1
2024-05-10 00:09:40.793348+00:00,1492,2
2024-05-10 00:09:41.152641+00:00,1340,67
2024-05-10 00:09:41.254755+00:00,1392,1
2024-05-10 00:09:41.383158+00:00,1782,14
2024-05-10 00:09:41.400319+00:00,1658,150
2024-05-10 00:09:41.401063+00:00,1519,9
2024-05-10 00:09:41.502639+00:00,1392,2
2024-05-10 00:09:41.791647+00:00,1825,19
2024-05-10 00:09:42.043179+00:00,1973,51
2024-05-10 00:09:42.338278+00:00,1096,39
2024-05-10 00:09:42.504700+00:00,1392,2
2024-05-10 00:09:42.650938+00:00,1927,3
2024-05-10 00:09:43.502766+00:00,1393,1
2024-05-10 00:09:43.583602+00:00,1856,85
2024-05-10 00:09:43.755587+00:00,1749,3
2024-05-10 00:09:43.831983+00:00,1098,25
2024-05-10 00:09:43.900606+00:00,1208,4
2024-05-10 00:09:43.900677+00:00,1658,261
2024-05-10 00:09:44.005304+00:00,1748,28
2024-05-10 00:09:44.151381+00:00,1332,14
2024-05-10 00:09:44.273212+00:00,1040,59
2024-05-10 00:09:44.505046+00:00,1748,36
2024-05-10 00:09:44.539193+00:00,1987,51
2024-05-10 00:09:44.650396+00:00,1332,1
2024-05-10 00:09:44.833744+00:00,1319,6
2024-05-10 00:09:44.836493+00:00,1642,3
2024-05-10 00:09:44.837254+00:00,1099,198
2024-05-10 00:09:44.901362+00:00,1332,1
2024-05-10 00:09:45.002773+00:00,1693,3
2024-05-10 00:09:45.152938+00:00,1333,3
2024-05-10 00:09:45.503850+00:00,1109,20
2024-05-10 00:09:45.651836+00:00,1333,17
2024-05-10 00:09:46.152551+00:00,2009,24
2024-05-10 00:09:46.155893+00:00,1333,14
2024-05-10 00:09:46.258909+00:00,1811,4
2024-05-10 00:09:46.655309+00:00,1333,1
2024-05-10 00:09:46.900910+00:00,1333,3
2024-05-10 00:09:47.007297+00:00,1748,194
2024-05-10 00:09:47.152296+00:00,1333,9
2024-05-10 00:09:47.257251+00:00,1813,1
2024-05-10 00:09:47.405476+00:00,1333,6
2024-05-10 00:09:47.655022+00:00,1332,4
2024-05-10 00:09:47.901732+00:00,1333,9
2024-05-10 00:09:49.003809+00:00,1232,1
2024-05-10 00:09:49.402406+00:00,1876,2
2024-05-10 00:09:49.901517+00:00,2027,5
2024-05-10 00:09:50.770846+00:00,1163,6
2024-05-10 00:09:51.151456+00:00,2027,1
2024-05-10 00:09:51.651376+00:00,2028,15
2024-05-10 00:09:51.836919+00:00,1109,165
2024-05-10 00:09:52.401307+00:00,1819,24
2024-05-10 00:09:52.510177+00:00,1530,4
2024-05-10 00:09:53.406020+00:00,2029,9
2024-05-10 00:09:53.407376+00:00,1275,5
2024-05-10 00:09:53.506052+00:00,1487,2
2024-05-10 00:09:53.516986+00:00,1452,2
2024-05-10 00:09:53.540354+00:00,1984,4
2024-05-10 00:09:53.767992+00:00,1039,51
2024-05-10 00:09:53.791951+00:00,1985,1
2024-05-10 00:09:54.402398+00:00,2029,1
2024-05-10 00:09:54.540154+00:00,1987,1
2024-05-10 00:09:54.584111+00:00,1557,6
2024-05-10 00:09:54.657252+00:00,1277,3
2024-05-10 00:09:54.833353+00:00,1345,2
2024-05-10 00:09:54.909955+00:00,1341,21
2024-05-10 00:09:55.156061+00:00,2030,11
2024-05-10 00:09:55.157048+00:00,1341,1
2024-05-10 00:09:55.336561+00:00,1345,4
2024-05-10 00:09:55.587352+00:00,1345,4
2024-05-10 00:09:55.659030+00:00,1340,1
2024-05-10 00:09:55.836486+00:00,1560,244
2024-05-10 00:09:55.838924+00:00,1345,4
2024-05-10 00:09:56.082621+00:00,1562,5
2024-05-10 00:09:56.085322+00:00,1346,2
2024-05-10 00:09:56.335351+00:00,1346,2
2024-05-10 00:09:56.541546+00:00,1844,22
2024-05-10 00:09:56.582980+00:00,1562,9
2024-05-10 00:09:56.833924+00:00,1161,10
2024-05-10 00:09:56.907763+00:00,1340,59
2024-05-10 00:09:57.334617+00:00,1111,94
2024-05-10 00:09:57.659811+00:00,1280,9
2024-05-10 00:09:57.756155+00:00,1167,21
2024-05-10 00:09:57.834388+00:00,1111,46
2024-05-10 00:09:57.907389+00:00,1340,55
2024-05-10 00:09:58.336454+00:00,1111,142
2024-05-10 00:09:58.583442+00:00,1567,2
2024-05-10 00:09:58.584829+00:00,1477,3
2024-05-10 00:09:58.652460+00:00,1280,8
2024-05-10 00:09:59.084875+00:00,1114,1
2024-05-10 00:09:59.337514+00:00,1114,6
2024-05-10 00:09:59.402450+00:00,1339,58
2024-05-10 00:09:59.594926+00:00,1567,2
2024-05-10 00:09:59.651715+00:00,1280,9
2024-05-10 00:09:59.840145+00:00,1909,104
2024-05-10 00:09:59.841013+00:00,1567,25
2024-05-10 00:10:00.256737+00:00,1662,3
2024-05-10 00:10:00.342057+00:00,1571,46
2024-05-10 00:10:01.088937+00:00,1909,95
2024-05-10 00:10:01.382331+00:00,1293,12
2024-05-10 00:10:01.600639+00:00,1571,14
2024-05-10 00:10:01.651160+00:00,2030,9
2024-05-10 00:10:02.024127+00:00,1962,4
2024-05-10 00:10:02.089932+00:00,1575,8
2024-05-10 00:10:02.539391+00:00,1747,10
2024-05-10 00:10:02.652821+00:00,2031,9
2024-05-10 00:10:02.655510+00:00,1340,11
2024-05-10 00:10:02.775141+00:00,1963,6
2024-05-10 00:10:03.025585+00:00,1042,28
2024-05-10 00:10:03.038744+00:00,1750,9
2024-05-10 00:10:03.152705+00:00,1340,44
2024-05-10 00:10:03.256500+00:00,1414,13
2024-05-10 00:10:03.588859+00:00,1170,12
2024-05-10 00:10:03.770807+00:00,1450,9
2024-05-10 00:10:03.774905+00:00,1283,172
2024-05-10 00:10:03.787747+00:00,1582,16
2024-05-10 00:10:03.789659+00:00,1750,1
2024-05-10 00:10:03.837793+00:00,1117,31
2024-05-10 00:10:04.088814+00:00,1879,13
2024-05-10 00:10:04.090877+00:00,1119,3
2024-05-10 00:10:04.333569+00:00,1120,2
2024-05-10 00:10:04.588270+00:00,1117,14
2024-05-10 00:10:05.135200+00:00,1773,14
2024-05-10 00:10:05.259778+00:00,1415,65
2024-05-10 00:10:06.253145+00:00,1576,8
2024-05-10 00:10:06.588554+00:00,1453,3
2024-05-10 00:10:06.651154+00:00,1659,163
2024-05-10 00:10:07.151448+00:00,1341,7
2024-05-10 00:10:07.652163+00:00,1658,15
2024-05-10 00:10:07.836295+00:00,1455,67
2024-05-10 00:10:08.097062+00:00,1455,25
2024-05-10 00:10:08.593355+00:00,1455,52
2024-05-10 00:10:08.650558+00:00,1681,9
2024-05-10 00:10:08.835170+00:00,1479,3
2024-05-10 00:10:09.092381+00:00,1456,70
2024-05-10 00:10:09.847474+00:00,1456,67
2024-05-10 00:10:10.350178+00:00,1455,70
2024-05-10 00:10:10.400306+00:00,1683,11
2024-05-10 00:10:10.900717+00:00,1681,9
2024-05-10 00:10:11.010205+00:00,1584,3
2024-05-10 00:10:11.591253+00:00,1144,2
2024-05-10 00:10:12.154654+00:00,1684,1
2024-05-10 00:10:12.344676+00:00,1146,14
2024-05-10 00:10:12.348994+00:00,1419,55
2024-05-10 00:10:12.520696+00:00,1758,3
2024-05-10 00:10:12.607670+00:00,1418,29
2024-05-10 00:10:12.906730+00:00,1687,11
2024-05-10 00:10:13.024468+00:00,1758,1
2024-05-10 00:10:13.025864+00:00,1659,92
2024-05-10 00:10:13.272152+00:00,1758,5
2024-05-10 00:10:13.333631+00:00,1117,2
2024-05-10 00:10:14.082485+00:00,1118,22
2024-05-10 00:10:14.904134+00:00,1688,1
2024-05-10 00:10:15.041297+00:00,1828,10
2024-05-10 00:10:15.261894+00:00,1500,13
2024-05-10 00:10:15.294012+00:00,1828,18
2024-05-10 00:10:15.336227+00:00,1121,8
2024-05-10 00:10:15.400229+00:00,1688,7
2024-05-10 00:10:15.790872+00:00,1782,25
2024-05-10 00:10:15.883076+00:00,1362,69
2024-05-10 00:10:16.537965+00:00,1775,37
2024-05-10 00:10:17.041852+00:00,1792,8
2024-05-10 00:10:17.269803+00:00,1663,157
2024-05-10 00:10:17.666560+00:00,1689,8
2024-05-10 00:10:17.834141+00:00,1124,7
2024-05-10 00:10:18.082496+00:00,1122,189
2024-05-10 00:10:18.763062+00:00,1080,27
2024-05-10 00:10:19.041910+00:00,1791,11
2024-05-10 00:10:19.651019+00:00,1690,3
2024-05-10 00:10:19.838277+00:00,1481,8
2024-05-10 00:10:20.087133+00:00,1417,21
2024-05-10 00:10:20.154875+00:00,1604,1
2024-05-10 00:10:20.338508+00:00,1318,30
2024-05-10 00:10:20.518062+00:00,1663,164
2024-05-10 00:10:21.154840+00:00,1322,3
2024-05-10 00:10:21.155471+00:00,1605,12
2024-05-10 00:10:22.543643+00:00,1828,51
2024-05-10 00:10:22.587298+00:00,1144,2
2024-05-10 00:10:22.655295+00:00,1605,12
2024-05-10 00:10:22.882053+00:00,1142,5
2024-05-10 00:10:22.902404+00:00,1322,3
2024-05-10 00:10:23.010301+00:00,1597,3
2024-05-10 00:10:23.262437+00:00,1402,1
2024-05-10 00:10:23.405030+00:00,1604,1
2024-05-10 00:10:23.663243+00:00,1604,3
2024-05-10 00:10:24.153814+00:00,1605,1
2024-05-10 00:10:24.253357+00:00,1477,8
2024-05-10 00:10:24.382103+00:00,2006,3
2024-05-10 00:10:24.413641+00:00,1605,1
2024-05-10 00:10:25.270176+00:00,1761,2
2024-05-10 00:10:25.332913+00:00,1444,17
2024-05-10 00:10:25.523713+00:00,1761,2
2024-05-10 00:10:25.663850+00:00,1605,1
2024-05-10 00:10:25.773811+00:00,1761,7
2024-05-10 00:10:26.018465+00:00,1317,11
2024-05-10 00:10:26.023379+00:00,1760,8
2024-05-10 00:10:26.410838+00:00,1604,1
2024-05-10 00:10:26.843881+00:00,1144,14
2024-05-10 00:10:26.884945+00:00,1365,15
2024-05-10 00:10:27.502893+00:00,1597,3
2024-05-10 00:10:28.025898+00:00,1499,6
2024-05-10 00:10:28.152065+00:00,1803,5
2024-05-10 00:10:28.382959+00:00,1146,4
2024-05-10 00:10:28.773253+00:00,1761,2
2024-05-10 00:10:28.900490+00:00,1802,1
2024-05-10 00:10:28.903732+00:00,1663,102
2024-05-10 00:10:29.138052+00:00,1203,3
2024-05-10 00:10:29.154830+00:00,1802,10
2024-05-10 00:10:29.538124+00:00,1496,37
2024-05-10 00:10:29.652657+00:00,1776,3
2024-05-10 00:10:29.900244+00:00,1803,5
2024-05-10 00:10:30.266222+00:00,1152,9
2024-05-10 00:10:30.342704+00:00,1470,3
2024-05-10 00:10:30.536837+00:00,1497,127
2024-05-10 00:10:30.883440+00:00,1366,4
2024-05-10 00:10:30.901264+00:00,1805,1
2024-05-10 00:10:31.137349+00:00,1366,4
2024-05-10 00:10:31.287708+00:00,1496,18
2024-05-10 00:10:31.538897+00:00,1497,1
2024-05-10 00:10:31.590537+00:00,1974,16
2024-05-10 00:10:31.636869+00:00,1366,8
2024-05-10 00:10:31.651360+00:00,1807,1
2024-05-10 00:10:32.018330+00:00,1154,236
2024-05-10 00:10:32.091667+00:00,1484,14
2024-05-10 00:10:32.344336+00:00,1125,4
2024-05-10 00:10:32.400608+00:00,1807,1
2024-05-10 00:10:32.402605+00:00,1778,34
2024-05-10 00:10:32.509815+00:00,1598,3
2024-05-10 00:10:32.650991+00:00,1807,2
2024-05-10 00:10:32.834059+00:00,1415,20
2024-05-10 00:10:32.890329+00:00,1369,36
2024-05-10 00:10:33.018954+00:00,1154,248
2024-05-10 00:10:33.152095+00:00,1808,1
2024-05-10 00:10:33.153510+00:00,1664,22
2024-05-10 00:10:33.402166+00:00,1150,3
2024-05-10 00:10:33.835006+00:00,1781,9
2024-05-10 00:10:34.098236+00:00,1397,14
2024-05-10 00:10:34.151608+00:00,1808,10
2024-05-10 00:10:34.590570+00:00,1115,15
2024-05-10 00:10:34.650843+00:00,1809,19
2024-05-10 00:10:34.791550+00:00,1809,1
2024-05-10 00:10:34.848823+00:00,1399,9
2024-05-10 00:10:35.153850+00:00,1809,24
2024-05-10 00:10:35.172640+00:00,1804,14
2024-05-10 00:10:35.650442+00:00,1809,1
2024-05-10 00:10:35.901650+00:00,1808,26
2024-05-10 00:10:36.154243+00:00,1666,20
2024-05-10 00:10:36.341082+00:00,1484,15
2024-05-10 00:10:36.387600+00:00,1541,97
2024-05-10 00:10:36.768284+00:00,1672,1
2024-05-10 00:10:36.894942+00:00,1209,10
2024-05-10 00:10:36.901404+00:00,1682,14
2024-05-10 00:10:37.090737+00:00,1054,9
2024-05-10 00:10:37.091617+00:00,1400,8
2024-05-10 00:10:37.266534+00:00,1598,4
2024-05-10 00:10:37.342991+00:00,1126,635
2024-05-10 00:10:37.508951+00:00,1107,12
2024-05-10 00:10:37.524227+00:00,1672,1
2024-05-10 00:10:37.524368+00:00,1768,31
2024-05-10 00:10:37.586380+00:00,1054,9
2024-05-10 00:10:37.636206+00:00,1535,4
2024-05-10 00:10:37.836982+00:00,1128,3
2024-05-10 00:10:38.087690+00:00,1061,2
2024-05-10 00:10:38.341371+00:00,1401,6
2024-05-10 00:10:38.588424+00:00,1119,32
2024-05-10 00:10:38.771511+00:00,1802,36
2024-05-10 00:10:38.901824+00:00,1549,2
2024-05-10 00:10:39.087869+00:00,1144,20
2024-05-10 00:10:39.334218+00:00,1061,6
2024-05-10 00:10:39.400720+00:00,1549,38
2024-05-10 00:10:39.520537+00:00,1672,9
2024-05-10 00:10:39.654386+00:00,1152,3
2024-05-10 00:10:39.841977+00:00,1163,12
2024-05-10 00:10:40.092688+00:00,1139,16
2024-05-10 00:10:40.337718+00:00,1133,256
2024-05-10 00:10:40.521964+00:00,1672,9
2024-05-10 00:10:40.545944+00:00,1498,17
2024-05-10 00:10:40.631236+00:00,1600,3
2024-05-10 00:10:41.029736+00:00,1673,3
2024-05-10 00:10:41.092307+00:00,1488,18
2024-05-10 00:10:41.297128+00:00,1382,4
2024-05-10 00:10:41.905843+00:00,1670,17
2024-05-10 00:10:42.654020+00:00,1806,18
2024-05-10 00:10:43.007039+00:00,1485,3
2024-05-10 00:10:43.033947+00:00,1331,10
2024-05-10 00:10:43.034750+00:00,1339,7
2024-05-10 00:10:43.152894+00:00,1549,40
2024-05-10 00:10:43.282567+00:00,1685,49
2024-05-10 00:10:43.403531+00:00,1376,17
2024-05-10 00:10:43.506805+00:00,1598,3
2024-05-10 00:10:43.507582+00:00,1485,3
2024-05-10 00:10:43.845439+00:00,1790,27
2024-05-10 00:10:43.849367+00:00,1470,4
2024-05-10 00:10:43.904418+00:00,1376,11
2024-05-10 00:10:44.153383+00:00,1791,13
2024-05-10 00:10:44.275838+00:00,1936,3
2024-05-10 00:10:44.284205+00:00,1685,259
2024-05-10 00:10:44.342826+00:00,1790,41
2024-05-10 00:10:44.503813+00:00,1783,2
2024-05-10 00:10:44.653359+00:00,1375,17
2024-05-10 00:10:44.902750+00:00,1375,106
2024-05-10 00:10:45.004190+00:00,1783,1
2024-05-10 00:10:45.093601+00:00,1471,2
2024-05-10 00:10:45.152128+00:00,1375,16
2024-05-10 00:10:45.152937+00:00,1790,15
2024-05-10 00:10:45.153709+00:00,1280,5
2024-05-10 00:10:45.260313+00:00,1783,1
2024-05-10 00:10:45.507682+00:00,1783,8
2024-05-10 00:10:45.536949+00:00,1384,2
2024-05-10 00:10:45.651483+00:00,1791,14
2024-05-10 00:10:46.277795+00:00,1688,80
2024-05-10 00:10:46.340519+00:00,1471,2
2024-05-10 00:10:46.382990+00:00,1242,5
2024-05-10 00:10:46.591269+00:00,1793,2
2024-05-10 00:10:46.595590+00:00,1417,8
2024-05-10 00:10:46.652816+00:00,1792,13
2024-05-10 00:10:47.278949+00:00,1938,17
2024-05-10 00:10:47.342514+00:00,1794,2
2024-05-10 00:10:47.790393+00:00,1864,13
2024-05-10 00:10:47.838206+00:00,1795,3
2024-05-10 00:10:48.009150+00:00,2039,7
2024-05-10 00:10:48.503737+00:00,1080,27
2024-05-10 00:10:48.789367+00:00,1862,81
2024-05-10 00:10:49.005935+00:00,1114,14
2024-05-10 00:10:49.038291+00:00,1605,9
2024-05-10 00:10:49.160207+00:00,1790,15
2024-05-10 00:10:49.275613+00:00,1938,9
2024-05-10 00:10:49.293204+00:00,1862,91
2024-05-10 00:10:49.904117+00:00,1790,19
2024-05-10 00:10:50.038388+00:00,1609,10
2024-05-10 00:10:50.134703+00:00,1539,7
2024-05-10 00:10:50.338777+00:00,1795,12
2024-05-10 00:10:50.522096+00:00,1781,4
2024-05-10 00:10:50.631224+00:00,1540,6
2024-05-10 00:10:50.631722+00:00,1540,1
2024-05-10 00:10:50.767973+00:00,1938,22
2024-05-10 00:10:50.775293+00:00,1782,8
2024-05-10 00:10:50.786963+00:00,1607,5
2024-05-10 00:10:50.839480+00:00,1796,11
2024-05-10 00:10:51.038083+00:00,1607,5
2024-05-10 00:10:51.256439+00:00,1114,35
2024-05-10 00:10:51.268747+00:00,1941,10
2024-05-10 00:10:51.287355+00:00,1134,1
2024-05-10 00:10:51.504715+00:00,1493,4
2024-05-10 00:10:52.041233+00:00,1501,9
2024-05-10 00:10:52.131313+00:00,1540,3
2024-05-10 00:10:52.286356+00:00,1753,27
2024-05-10 00:10:52.402872+00:00,1673,299
2024-05-10 00:10:52.651570+00:00,1795,13
2024-05-10 00:10:52.766713+00:00,1943,5
2024-05-10 00:10:52.771523+00:00,1331,7
2024-05-10 00:10:52.787740+00:00,1753,46
2024-05-10 00:10:53.084273+00:00,1330,6
2024-05-10 00:10:53.403928+00:00,1794,14
2024-05-10 00:10:53.505461+00:00,1787,34
2024-05-10 00:10:54.018027+00:00,1943,9
2024-05-10 00:10:54.021884+00:00,1328,9
2024-05-10 00:10:54.041130+00:00,1502,1
2024-05-10 00:10:54.530820+00:00,1328,9
2024-05-10 00:10:54.539274+00:00,1502,8
2024-05-10 00:10:54.652780+00:00,1673,35
2024-05-10 00:10:55.005157+00:00,1266,1
2024-05-10 00:10:55.005997+00:00,1694,63
2024-05-10 00:10:55.659183+00:00,1796,16
2024-05-10 00:10:55.769773+00:00,1945,3
2024-05-10 00:10:56.002515+00:00,1787,68
2024-05-10 00:10:56.023736+00:00,1690,17
2024-05-10 00:10:56.503492+00:00,1115,3
2024-05-10 00:10:56.506333+00:00,1696,4
2024-05-10 00:10:56.517856+00:00,1164,3
2024-05-10 00:10:56.753852+00:00,1680,7
2024-05-10 00:10:57.002908+00:00,1690,1
2024-05-10 00:10:57.004642+00:00,1697,3
2024-05-10 00:10:57.252346+00:00,1115,3
2024-05-10 00:10:57.274441+00:00,1947,20
2024-05-10 00:10:57.337068+00:00,1155,52
2024-05-10 00:10:57.409411+00:00,1796,18
2024-05-10 00:10:57.503293+00:00,1690,1
2024-05-10 00:10:57.520148+00:00,1164,1
2024-05-10 00:10:57.776152+00:00,1948,3
2024-05-10 00:10:58.254170+00:00,1271,5
2024-05-10 00:10:58.254490+00:00,1151,6
2024-05-10 00:10:58.335345+00:00,1807,5
2024-05-10 00:10:58.402578+00:00,1796,18
2024-05-10 00:10:58.402981+00:00,1674,56
2024-05-10 00:10:58.504328+00:00,1700,2
2024-05-10 00:10:58.518394+00:00,1163,166
2024-05-10 00:10:58.651181+00:00,1124,14
2024-05-10 00:10:58.790289+00:00,1920,2
2024-05-10 00:10:58.791228+00:00,1864,10
2024-05-10 00:10:58.902027+00:00,1796,19
2024-05-10 00:10:59.336529+00:00,1811,6
2024-05-10 00:10:59.338046+00:00,1879,17
2024-05-10 00:10:59.880702+00:00,1511,2
2024-05-10 00:11:00.026999+00:00,1450,71
2024-05-10 00:11:00.136759+00:00,1510,3
2024-05-10 00:11:01.005433+00:00,1492,2
2024-05-10 00:11:01.084709+00:00,1816,5
2024-05-10 00:11:01.254164+00:00,1115,12
2024-05-10 00:11:01.401083+00:00,1807,8
2024-05-10 00:11:01.506167+00:00,2025,6
2024-05-10 00:11:01.634603+00:00,1311,6
2024-05-10 00:11:01.652102+00:00,1411,13
2024-05-10 00:11:01.773896+00:00,1449,15
2024-05-10 00:11:02.085298+00:00,1820,5
2024-05-10 00:11:02.151374+00:00,1411,3
2024-05-10 00:11:02.257248+00:00,1703,3
2024-05-10 00:11:02.257766+00:00,1294,34
2024-05-10 00:11:02.287400+00:00,1873,3
2024-05-10 00:11:02.505574+00:00,1157,8
2024-05-10 00:11:02.638498+00:00,1314,4
2024-05-10 00:11:02.753475+00:00,1295,1
2024-05-10 00:11:02.755296+00:00,1158,7
2024-05-10 00:11:02.901487+00:00,1518,100
2024-05-10 00:11:03.037726+00:00,1509,1
2024-05-10 00:11:03.039958+00:00,1869,7
2024-05-10 00:11:03.087613+00:00,1824,5
2024-05-10 00:11:03.286611+00:00,1868,3
2024-05-10 00:11:03.382534+00:00,1081,12
2024-05-10 00:11:03.503262+00:00,1494,3
2024-05-10 00:11:03.753913+00:00,2005,35
2024-05-10 00:11:03.904478+00:00,1456,3
2024-05-10 00:11:03.904564+00:00,1518,237
2024-05-10 00:11:04.004150+00:00,1705,2
2024-05-10 00:11:04.286824+00:00,1869,2
2024-05-10 00:11:04.536602+00:00,1869,1
2024-05-10 00:11:04.788166+00:00,1869,2
2024-05-10 00:11:05.005697+00:00,1164,79
2024-05-10 00:11:05.258479+00:00,1493,4
2024-05-10 00:11:05.335927+00:00,1881,18
2024-05-10 00:11:05.639173+00:00,1694,12
2024-05-10 00:11:05.653043+00:00,1288,16
2024-05-10 00:11:05.654329+00:00,1814,6
2024-05-10 00:11:05.757830+00:00,1166,16
2024-05-10 00:11:05.834930+00:00,1881,13
2024-05-10 00:11:05.835727+00:00,1826,3
2024-05-10 00:11:05.838315+00:00,1456,10
2024-05-10 00:11:06.004074+00:00,1167,16
2024-05-10 00:11:06.004391+00:00,1492,2
2024-05-10 00:11:06.083082+00:00,1881,19
2024-05-10 00:11:06.154804+00:00,1676,12
2024-05-10 00:11:06.653448+00:00,1676,6
2024-05-10 00:11:06.753357+00:00,1168,106
2024-05-10 00:11:07.003729+00:00,1166,35
2024-05-10 00:11:07.087754+00:00,1255,9
2024-05-10 00:11:07.401623+00:00,1681,15
2024-05-10 00:11:08.337495+00:00,1257,6
2024-05-10 00:11:08.503986+00:00,1167,418
2024-05-10 00:11:08.836848+00:00,1257,6
2024-05-10 00:11:08.837190+00:00,1970,1
2024-05-10 00:11:09.038969+00:00,1509,169
2024-05-10 00:11:09.083115+00:00,1828,2
2024-05-10 00:11:09.337219+00:00,1160,53
2024-05-10 00:11:09.504706+00:00,2007,1
2024-05-10 00:11:09.516674+00:00,1465,3
2024-05-10 00:11:09.833642+00:00,1829,5
2024-05-10 00:11:10.023123+00:00,1691,73
2024-05-10 00:11:10.156363+00:00,1686,116
2024-05-10 00:11:10.332974+00:00,1162,10
2024-05-10 00:11:10.505853+00:00,1166,28
2024-05-10 00:11:10.507035+00:00,2007,1
2024-05-10 00:11:10.583162+00:00,1255,9
2024-05-10 00:11:10.755595+00:00,1167,16
2024-05-10 00:11:11.014897+00:00,1494,3
2024-05-10 00:11:11.267688+00:00,2008,24
2024-05-10 00:11:11.390380+00:00,1409,31
2024-05-10 00:11:11.508916+00:00,1167,148
2024-05-10 00:11:11.835513+00:00,1165,9
2024-05-10 00:11:11.884268+00:00,1409,25
2024-05-10 00:11:11.906425+00:00,1689,3
2024-05-10 00:11:12.007480+00:00,1169,61
2024-05-10 00:11:12.082237+00:00,1833,4
2024-05-10 00:11:12.084032+00:00,1257,6
2024-05-10 00:11:12.258099+00:00,1169,53
2024-05-10 00:11:12.641858+00:00,1410,11
2024-05-10 00:11:12.756244+00:00,1167,10
2024-05-10 00:11:12.887613+00:00,1134,44
2024-05-10 00:11:13.262202+00:00,1167,40
2024-05-10 00:11:14.021538+00:00,1167,168
2024-05-10 00:11:14.156681+00:00,1288,9
2024-05-10 00:11:14.264785+00:00,1495,6
2024-05-10 00:11:14.513556+00:00,1496,4
2024-05-10 00:11:14.641324+00:00,1135,9
2024-05-10 00:11:14.653759+00:00,1288,9
2024-05-10 00:11:14.833576+00:00,1707,35
2024-05-10 00:11:15.083963+00:00,1173,40
2024-05-10 00:11:15.259444+00:00,1166,1
2024-05-10 00:11:15.332087+00:00,1837,2
2024-05-10 00:11:15.588266+00:00,1260,7
2024-05-10 00:11:15.589251+00:00,1460,10
2024-05-10 00:11:15.635481+00:00,1547,2
2024-05-10 00:11:15.637029+00:00,2000,6
2024-05-10 00:11:16.083086+00:00,1838,4
2024-05-10 00:11:16.141709+00:00,2001,10
2024-05-10 00:11:16.652440+00:00,1690,117
2024-05-10 00:11:16.836827+00:00,1261,6
2024-05-10 00:11:16.837255+00:00,1176,2
2024-05-10 00:11:17.082389+00:00,1881,91
2024-05-10 00:11:17.141091+00:00,2002,10
2024-05-10 00:11:17.152277+00:00,1290,6
2024-05-10 00:11:17.271992+00:00,1211,3
2024-05-10 00:11:17.333347+00:00,1261,6
2024-05-10 00:11:17.401495+00:00,1518,38
2024-05-10 00:11:17.403702+00:00,1290,3
2024-05-10 00:11:17.505773+00:00,1487,7
2024-05-10 00:11:17.643020+00:00,1136,1
2024-05-10 00:11:17.757778+00:00,1488,8
2024-05-10 00:11:17.832364+00:00,1841,5
2024-05-10 00:11:17.833863+00:00,1462,52
2024-05-10 00:11:17.833989+00:00,1261,6
2024-05-10 00:11:17.894366+00:00,2003,12
2024-05-10 00:11:17.901144+00:00,1290,15
2024-05-10 00:11:18.006875+00:00,1485,3
2024-05-10 00:11:18.023787+00:00,1211,9
2024-05-10 00:11:18.137945+00:00,1137,54
2024-05-10 00:11:18.332078+00:00,1841,3
2024-05-10 00:11:18.505514+00:00,1485,3
2024-05-10 00:11:18.521636+00:00,1692,12
2024-05-10 00:11:18.643224+00:00,1137,49
2024-05-10 00:11:18.772559+00:00,1212,1
2024-05-10 00:11:18.896349+00:00,2003,1
2024-05-10 00:11:19.007180+00:00,1485,3
2024-05-10 00:11:19.143316+00:00,1138,59
2024-05-10 00:11:19.833486+00:00,1144,14
2024-05-10 00:11:20.087069+00:00,1262,5
2024-05-10 00:11:20.333330+00:00,1144,14
2024-05-10 00:11:20.336166+00:00,1464,10
2024-05-10 00:11:20.387956+00:00,1139,112
2024-05-10 00:11:20.632962+00:00,1547,2
2024-05-10 00:11:20.771621+00:00,1211,9
2024-05-10 00:11:21.082864+00:00,1841,3
2024-05-10 00:11:21.084886+00:00,1261,4
2024-05-10 00:11:21.138633+00:00,1140,39
2024-05-10 00:11:21.388781+00:00,1676,7
2024-05-10 00:11:21.503018+00:00,1479,3
2024-05-10 00:11:21.832436+00:00,1841,5
2024-05-10 00:11:21.890784+00:00,1139,48
2024-05-10 00:11:22.082267+00:00,1842,4
2024-05-10 00:11:22.253159+00:00,1403,24
2024-05-10 00:11:22.254576+00:00,1840,34
2024-05-10 00:11:22.520318+00:00,1207,6
2024-05-10 00:11:22.588188+00:00,1891,3
2024-05-10 00:11:22.912984+00:00,1304,9
2024-05-10 00:11:23.271867+00:00,1206,7
2024-05-10 00:11:23.506944+00:00,2008,22
2024-05-10 00:11:23.582274+00:00,1892,4
2024-05-10 00:11:23.755647+00:00,1482,16
2024-05-10 00:11:23.890789+00:00,1085,18
2024-05-10 00:11:24.832158+00:00,1481,1
2024-05-10 00:11:24.834756+00:00,1468,12
2024-05-10 00:11:24.885686+00:00,2009,37
2024-05-10 00:11:25.275070+00:00,1181,7
2024-05-10 00:11:25.583202+00:00,1481,10
2024-05-10 00:11:25.901015+00:00,1795,5
2024-05-10 00:11:26.082016+00:00,1483,1
2024-05-10 00:11:26.153980+00:00,1795,19
2024-05-10 00:11:26.259418+00:00,1493,17
2024-05-10 00:11:26.332973+00:00,1717,16
2024-05-10 00:11:26.382483+00:00,1083,15
2024-05-10 00:11:26.584325+00:00,1483,11
2024-05-10 00:11:26.833210+00:00,1484,10
2024-05-10 00:11:27.083447+00:00,1720,20
2024-05-10 00:11:27.584356+00:00,1484,10
2024-05-10 00:11:27.586330+00:00,1275,9
2024-05-10 00:11:28.028532+00:00,1934,52
2024-05-10 00:11:28.043470+00:00,1845,45
2024-05-10 00:11:28.654047+00:00,1111,19
2024-05-10 00:11:29.015235+00:00,1484,14
2024-05-10 00:11:29.083251+00:00,1487,7
2024-05-10 00:11:29.386590+00:00,1912,3
2024-05-10 00:11:29.403432+00:00,1318,3
2024-05-10 00:11:29.404329+00:00,1877,2
2024-05-10 00:11:29.759022+00:00,1274,14
2024-05-10 00:11:29.837335+00:00,1881,39
2024-05-10 00:11:29.908830+00:00,1363,3
2024-05-10 00:11:30.023549+00:00,1198,3
2024-05-10 00:11:30.088538+00:00,1723,16
2024-05-10 00:11:30.585680+00:00,1472,13
2024-05-10 00:11:31.136262+00:00,1912,5
2024-05-10 00:11:31.258482+00:00,1784,35
2024-05-10 00:11:31.587545+00:00,1184,2
2024-05-10 00:11:31.636130+00:00,1137,12
2024-05-10 00:11:32.008219+00:00,1521,3
2024-05-10 00:11:32.131539+00:00,1083,10
2024-05-10 00:11:32.337117+00:00,1896,1
2024-05-10 00:11:32.520234+00:00,1198,3
2024-05-10 00:11:32.592992+00:00,1896,2
2024-05-10 00:11:32.594353+00:00,1185,1
2024-05-10 00:11:32.780557+00:00,1198,3
2024-05-10 00:11:32.902960+00:00,1905,9
2024-05-10 00:11:33.013877+00:00,1500,2
2024-05-10 00:11:33.338599+00:00,1487,3
2024-05-10 00:11:33.338649+00:00,1896,2
2024-05-10 00:11:33.512771+00:00,1788,8
2024-05-10 00:11:33.515161+00:00,1851,9
2024-05-10 00:11:33.525476+00:00,1536,10
2024-05-10 00:11:33.646208+00:00,1778,2
2024-05-10 00:11:33.902276+00:00,1908,4
2024-05-10 00:11:34.048639+00:00,1851,11
2024-05-10 00:11:34.902883+00:00,1910,7
2024-05-10 00:11:35.335821+00:00,1897,1
2024-05-10 00:11:35.385930+00:00,1781,3
2024-05-10 00:11:35.589329+00:00,1489,3
2024-05-10 00:11:35.589688+00:00,1897,1
2024-05-10 00:11:35.591963+00:00,1476,14
2024-05-10 00:11:35.838016+00:00,1897,1
2024-05-10 00:11:36.334120+00:00,1897,2
2024-05-10 00:11:36.510083+00:00,1185,62
2024-05-10 00:11:36.585746+00:00,1493,2
2024-05-10 00:11:36.886649+00:00,1779,4
2024-05-10 00:11:37.039278+00:00,1379,18
2024-05-10 00:11:37.088056+00:00,1188,88
2024-05-10 00:11:37.088241+00:00,1337,33
2024-05-10 00:11:37.133378+00:00,1083,14
2024-05-10 00:11:38.043437+00:00,1821,135
2024-05-10 00:11:38.089765+00:00,1898,14
2024-05-10 00:11:38.092075+00:00,1188,331
2024-05-10 00:11:38.136718+00:00,1757,9
2024-05-10 00:11:38.337184+00:00,1190,1
2024-05-10 00:11:38.507097+00:00,1790,8
2024-05-10 00:11:38.655282+00:00,1793,3
2024-05-10 00:11:38.901491+00:00,1086,13
2024-05-10 00:11:38.903295+00:00,1308,2
2024-05-10 00:11:39.012643+00:00,1264,19
2024-05-10 00:11:39.292942+00:00,1695,69
2024-05-10 00:11:39.402218+00:00,1795,9
2024-05-10 00:11:39.900181+00:00,1795,9
2024-05-10 00:11:40.015050+00:00,1521,3
2024-05-10 00:11:40.152846+00:00,1796,8
2024-05-10 00:11:40.286698+00:00,1695,40
2024-05-10 00:11:40.390021+00:00,1776,3
2024-05-10 00:11:40.654060+00:00,1310,6
2024-05-10 00:11:40.754572+00:00,2010,7
2024-05-10 00:11:40.904744+00:00,1796,7
2024-05-10 00:11:41.003540+00:00,1185,2
2024-05-10 00:11:41.503835+00:00,2010,15
2024-05-10 00:11:41.537448+00:00,1033,13
2024-05-10 00:11:41.601902+00:00,1480,14
2024-05-10 00:11:41.653685+00:00,1795,9
2024-05-10 00:11:41.786696+00:00,1029,3
2024-05-10 00:11:41.881126+00:00,1777,5
2024-05-10 00:11:43.254398+00:00,1812,3
2024-05-10 00:11:43.401451+00:00,1793,3
2024-05-10 00:11:43.545192+00:00,1035,23
2024-05-10 00:11:43.753377+00:00,1492,4
2024-05-10 00:11:44.252648+00:00,1503,1
2024-05-10 00:11:44.335408+00:00,1901,5
2024-05-10 00:11:44.381112+00:00,1778,4
2024-05-10 00:11:44.402056+00:00,1795,6
2024-05-10 00:11:44.901411+00:00,1795,6
2024-05-10 00:11:45.089280+00:00,1901,10
2024-05-10 00:11:45.336028+00:00,1902,1
2024-05-10 00:11:45.590616+00:00,1902,9
2024-05-10 00:11:46.014672+00:00,1495,34
2024-05-10 00:11:46.084176+00:00,1902,1
2024-05-10 00:11:46.333947+00:00,1902,1
2024-05-10 00:11:46.586021+00:00,1902,9
2024-05-10 00:11:46.655090+00:00,1054,16
2024-05-10 00:11:46.834619+00:00,1902,9
2024-05-10 00:11:46.903710+00:00,1797,1
2024-05-10 00:11:46.904353+00:00,1797,1
2024-05-10 00:11:47.406385+00:00,1797,5
2024-05-10 00:11:47.589588+00:00,1484,9
2024-05-10 00:11:47.659811+00:00,1054,9
2024-05-10 00:11:48.132941+00:00,1209,13
2024-05-10 00:11:48.152027+00:00,1797,5
2024-05-10 00:11:48.588008+00:00,1723,10
2024-05-10 00:11:48.900268+00:00,1043,4
2024-05-10 00:11:49.134208+00:00,1209,3
2024-05-10 00:11:49.157201+00:00,1043,10
2024-05-10 00:11:49.267328+00:00,1385,6
2024-05-10 00:11:49.336026+00:00,1903,1
2024-05-10 00:11:49.632222+00:00,1102,17
2024-05-10 00:11:49.632468+00:00,1779,1
2024-05-10 00:11:49.834617+00:00,1903,9
2024-05-10 00:11:49.882003+00:00,1781,4
2024-05-10 00:11:49.883315+00:00,1209,3
2024-05-10 00:11:50.253807+00:00,1464,2
2024-05-10 00:11:50.502343+00:00,1188,19
2024-05-10 00:11:50.503405+00:00,1078,12
2024-05-10 00:11:50.541333+00:00,1600,18
2024-05-10 00:11:50.652920+00:00,1799,3
2024-05-10 00:11:50.754399+00:00,1079,13
2024-05-10 00:11:50.883076+00:00,1209,9
2024-05-10 00:11:51.153739+00:00,1043,16
2024-05-10 00:11:51.253174+00:00,1078,14
2024-05-10 00:11:51.253889+00:00,1189,4
2024-05-10 00:11:51.335146+00:00,1904,1
2024-05-10 00:11:51.505168+00:00,1190,13
2024-05-10 00:11:51.894683+00:00,1209,9
2024-05-10 00:11:51.904597+00:00,1054,4
2024-05-10 00:11:52.006958+00:00,1190,1
2024-05-10 00:11:52.088391+00:00,1905,4
2024-05-10 00:11:52.090800+00:00,1417,18
2024-05-10 00:11:52.334867+00:00,1905,7
2024-05-10 00:11:52.504086+00:00,1190,1
2024-05-10 00:11:52.753860+00:00,1190,12
2024-05-10 00:11:52.836568+00:00,1905,1
2024-05-10 00:11:52.901152+00:00,1608,24
2024-05-10 00:11:53.151950+00:00,1801,9
2024-05-10 00:11:53.254998+00:00,1814,1
2024-05-10 00:11:53.257671+00:00,1192,17
2024-05-10 00:11:53.335206+00:00,1905,7
2024-05-10 00:11:53.335258+00:00,1494,6
2024-05-10 00:11:53.387191+00:00,1209,21
2024-05-10 00:11:53.587097+00:00,1906,6
2024-05-10 00:11:54.002390+00:00,1191,4
2024-05-10 00:11:54.039495+00:00,1602,23
2024-05-10 00:11:54.253127+00:00,1191,10
2024-05-10 00:11:54.755275+00:00,1192,70
2024-05-10 00:11:55.003781+00:00,1530,1
2024-05-10 00:11:55.044282+00:00,1602,21
2024-05-10 00:11:55.089419+00:00,1912,49
2024-05-10 00:11:55.258383+00:00,1532,3
2024-05-10 00:11:56.152348+00:00,1802,6
2024-05-10 00:11:56.401145+00:00,1802,6
2024-05-10 00:11:56.506601+00:00,1082,12
2024-05-10 00:11:56.654206+00:00,1802,1
2024-05-10 00:11:56.758313+00:00,1082,1
2024-05-10 00:11:56.900261+00:00,1366,20
2024-05-10 00:11:57.003149+00:00,1532,83
2024-05-10 00:11:57.007644+00:00,1083,4
2024-05-10 00:11:57.153608+00:00,1802,6
2024-05-10 00:11:57.338775+00:00,1502,14
2024-05-10 00:11:57.339662+00:00,1920,7
2024-05-10 00:11:58.339914+00:00,1926,6
2024-05-10 00:11:58.902076+00:00,1803,6
2024-05-10 00:11:59.003032+00:00,1505,514
2024-05-10 00:11:59.161001+00:00,1803,1
2024-05-10 00:11:59.253922+00:00,1508,16
2024-05-10 00:11:59.255884+00:00,1083,2
2024-05-10 00:11:59.292020+00:00,1424,1
2024-05-10 00:11:59.345157+00:00,1931,6
2024-05-10 00:11:59.382666+00:00,1782,16
2024-05-10 00:11:59.411111+00:00,1803,6
2024-05-10 00:11:59.516488+00:00,1074,8
2024-05-10 00:11:59.884440+00:00,1917,11
2024-05-10 00:12:00.254756+00:00,1084,5
2024-05-10 00:12:00.503906+00:00,1506,1
2024-05-10 00:12:01.002305+00:00,1441,1
2024-05-10 00:12:01.003156+00:00,1506,1
2024-05-10 00:12:01.003448+00:00,1082,1
2024-05-10 00:12:01.253973+00:00,1506,1
2024-05-10 00:12:01.336802+00:00,1936,6
2024-05-10 00:12:01.504918+00:00,1086,56
2024-05-10 00:12:01.753188+00:00,2038,2
2024-05-10 00:12:02.384218+00:00,1918,11
2024-05-10 00:12:02.503578+00:00,1506,283
2024-05-10 00:12:02.754934+00:00,1094,52
2024-05-10 00:12:02.755436+00:00,2038,2
2024-05-10 00:12:02.755938+00:00,1507,21
2024-05-10 00:12:03.134235+00:00,1209,13
2024-05-10 00:12:03.252725+00:00,1507,16
2024-05-10 00:12:03.536633+00:00,1605,21
2024-05-10 00:12:03.767123+00:00,1098,75
2024-05-10 00:12:03.881679+00:00,1788,14
2024-05-10 00:12:04.009004+00:00,1507,188
2024-05-10 00:12:04.256293+00:00,1507,139
2024-05-10 00:12:04.340385+00:00,1938,3
2024-05-10 00:12:04.518776+00:00,1723,5
2024-05-10 00:12:04.881253+00:00,1787,14
2024-05-10 00:12:05.010485+00:00,1811,9
2024-05-10 00:12:05.082281+00:00,1938,3
2024-05-10 00:12:05.332573+00:00,1938,1
2024-05-10 00:12:05.513328+00:00,1508,135
2024-05-10 00:12:05.760462+00:00,1814,2
2024-05-10 00:12:05.840907+00:00,1939,2
2024-05-10 00:12:06.085241+00:00,1492,11
2024-05-10 00:12:06.759145+00:00,1817,46
2024-05-10 00:12:06.832351+00:00,1940,5
2024-05-10 00:12:07.766678+00:00,1187,1
2024-05-10 00:12:07.832756+00:00,1944,4
2024-05-10 00:12:08.514378+00:00,1116,1
2024-05-10 00:12:08.519576+00:00,1184,1
2024-05-10 00:12:08.522663+00:00,1542,3
2024-05-10 00:12:08.769910+00:00,1184,4
2024-05-10 00:12:09.007712+00:00,1546,9
2024-05-10 00:12:09.506865+00:00,1273,1
2024-05-10 00:12:09.507429+00:00,1820,157
2024-05-10 00:12:09.508766+00:00,1328,3
2024-05-10 00:12:09.519276+00:00,1184,4
2024-05-10 00:12:09.520174+00:00,1400,3
2024-05-10 00:12:09.636925+00:00,1093,9
2024-05-10 00:12:09.757270+00:00,1273,6
2024-05-10 00:12:09.835937+00:00,1946,5
2024-05-10 00:12:09.893803+00:00,1250,10
2024-05-10 00:12:10.099151+00:00,1947,5
2024-05-10 00:12:10.256421+00:00,1274,4
2024-05-10 00:12:10.280444+00:00,1723,9
2024-05-10 00:12:10.338850+00:00,1727,27
2024-05-10 00:12:10.414284+00:00,1743,17
2024-05-10 00:12:10.537140+00:00,1542,19
2024-05-10 00:12:10.755351+00:00,1275,1
2024-05-10 00:12:10.758038+00:00,1032,3
2024-05-10 00:12:10.895024+00:00,1251,21
2024-05-10 00:12:11.017206+00:00,1072,3
2024-05-10 00:12:11.253241+00:00,1276,1
2024-05-10 00:12:11.257205+00:00,1198,30
2024-05-10 00:12:11.384263+00:00,1464,15
2024-05-10 00:12:11.504454+00:00,1025,5
2024-05-10 00:12:11.508562+00:00,1207,3
2024-05-10 00:12:11.659012+00:00,1293,1
2024-05-10 00:12:11.753892+00:00,1819,95
2024-05-10 00:12:11.843837+00:00,1727,55
2024-05-10 00:12:11.847778+00:00,1496,13
2024-05-10 00:12:11.887389+00:00,1462,9
2024-05-10 00:12:12.004608+00:00,1821,2
2024-05-10 00:12:12.502846+00:00,1821,2
2024-05-10 00:12:12.504727+00:00,1276,2
2024-05-10 00:12:12.639649+00:00,1462,25
2024-05-10 00:12:13.419730+00:00,1750,220
2024-05-10 00:12:13.754075+00:00,1025,5
2024-05-10 00:12:13.789206+00:00,1541,13
2024-05-10 00:12:13.905044+00:00,1508,1
2024-05-10 00:12:14.162304+00:00,1508,5
2024-05-10 00:12:14.271269+00:00,1723,9
2024-05-10 00:12:14.412546+00:00,1509,1
2024-05-10 00:12:14.507476+00:00,1329,3
2024-05-10 00:12:14.657426+00:00,1509,13
2024-05-10 00:12:14.753775+00:00,1822,4
2024-05-10 00:12:14.758244+00:00,1210,1
2024-05-10 00:12:15.005585+00:00,1210,5
2024-05-10 00:12:15.636517+00:00,1621,3
2024-05-10 00:12:15.636727+00:00,1243,20
2024-05-10 00:12:15.657239+00:00,1972,12
2024-05-10 00:12:15.787266+00:00,1541,2
2024-05-10 00:12:15.837081+00:00,1500,11
2024-05-10 00:12:15.905530+00:00,1509,131
2024-05-10 00:12:16.002732+00:00,1027,5
2024-05-10 00:12:16.415604+00:00,1510,72
2024-05-10 00:12:16.502938+00:00,1029,9
2024-05-10 00:12:16.503240+00:00,1822,1
2024-05-10 00:12:16.504921+00:00,1212,1
2024-05-10 00:12:16.582329+00:00,1961,3
2024-05-10 00:12:16.753562+00:00,1822,1
2024-05-10 00:12:16.753917+00:00,1029,2
2024-05-10 00:12:17.027467+00:00,1753,61
2024-05-10 00:12:17.084941+00:00,1338,33
2024-05-10 00:12:17.264293+00:00,1819,98
2024-05-10 00:12:17.290544+00:00,1542,9
2024-05-10 00:12:17.514040+00:00,1029,23
2024-05-10 00:12:17.518741+00:00,1213,1
2024-05-10 00:12:17.768557+00:00,1213,1
2024-05-10 00:12:17.788466+00:00,1542,2
2024-05-10 00:12:17.832259+00:00,1222,2
2024-05-10 00:12:18.510351+00:00,1028,1
2024-05-10 00:12:19.046457+00:00,1541,2
2024-05-10 00:12:19.332136+00:00,1962,1
2024-05-10 00:12:19.832171+00:00,1962,3
2024-05-10 00:12:20.333100+00:00,1743,14
2024-05-10 00:12:20.390499+00:00,1601,22
2024-05-10 00:12:20.404051+00:00,1511,500
2024-05-10 00:12:20.506444+00:00,1261,1
2024-05-10 00:12:20.507055+00:00,1025,5
2024-05-10 00:12:20.636198+00:00,1601,3
2024-05-10 00:12:21.025222+00:00,1085,3
2024-05-10 00:12:21.582978+00:00,1964,4
2024-05-10 00:12:21.588810+00:00,1220,6
2024-05-10 00:12:22.140389+00:00,1791,31
2024-05-10 00:12:23.286414+00:00,1807,1
2024-05-10 00:12:24.333998+00:00,1223,4
2024-05-10 00:12:24.503079+00:00,1284,7
2024-05-10 00:12:24.753683+00:00,1284,4
2024-05-10 00:12:24.778919+00:00,1045,19
2024-05-10 00:12:24.833218+00:00,1508,7
2024-05-10 00:12:25.255034+00:00,1285,5
2024-05-10 00:12:25.405174+00:00,1922,12
2024-05-10 00:12:25.405611+00:00,1305,109
2024-05-10 00:12:25.656616+00:00,1305,16
2024-05-10 00:12:25.754136+00:00,1286,11
2024-05-10 00:12:25.779062+00:00,1510,3
2024-05-10 00:12:25.837193+00:00,1221,298
2024-05-10 00:12:26.088372+00:00,1221,103
2024-05-10 00:12:26.253659+00:00,1287,16
2024-05-10 00:12:26.270913+00:00,1100,3
2024-05-10 00:12:26.276538+00:00,1821,1
2024-05-10 00:12:26.395280+00:00,1810,214
2024-05-10 00:12:26.408394+00:00,1883,1
2024-05-10 00:12:26.660161+00:00,1924,91
2024-05-10 00:12:26.787914+00:00,1807,1
2024-05-10 00:12:26.893981+00:00,1167,1
2024-05-10 00:12:26.907646+00:00,1307,7
2024-05-10 00:12:27.160766+00:00,1307,1
2024-05-10 00:12:27.164317+00:00,1883,23
2024-05-10 00:12:27.333569+00:00,1968,5
2024-05-10 00:12:27.539257+00:00,1807,1
2024-05-10 00:12:27.658097+00:00,1307,20
2024-05-10 00:12:27.659508+00:00,1884,39
2024-05-10 00:12:27.833008+00:00,1968,7
2024-05-10 00:12:28.003905+00:00,1812,50
2024-05-10 00:12:28.090679+00:00,1969,5
2024-05-10 00:12:28.163900+00:00,1307,20
2024-05-10 00:12:28.538963+00:00,1807,1
2024-05-10 00:12:28.892882+00:00,1956,6
2024-05-10 00:12:28.907383+00:00,1308,19
2024-05-10 00:12:29.252508+00:00,1289,5
2024-05-10 00:12:29.275245+00:00,1191,3
2024-05-10 00:12:29.280855+00:00,1827,4
2024-05-10 00:12:29.344792+00:00,1970,5
2024-05-10 00:12:29.502902+00:00,1514,6
2024-05-10 00:12:29.504139+00:00,1289,5
2024-05-10 00:12:30.002778+00:00,1523,9
2024-05-10 00:12:30.162138+00:00,1308,2
2024-05-10 00:12:30.406387+00:00,1309,3
2024-05-10 00:12:30.551371+00:00,1548,7
2024-05-10 00:12:30.754328+00:00,1512,6
2024-05-10 00:12:30.754763+00:00,1523,9
2024-05-10 00:12:30.788792+00:00,1813,53
2024-05-10 00:12:30.789547+00:00,1831,3
2024-05-10 00:12:31.093557+00:00,1142,26
2024-05-10 00:12:31.387240+00:00,1168,5
2024-05-10 00:12:31.503034+00:00,1525,25
2024-05-10 00:12:31.663055+00:00,1310,3
2024-05-10 00:12:31.776199+00:00,1325,21
2024-05-10 00:12:31.783720+00:00,1042,33
2024-05-10 00:12:31.891710+00:00,1169,1
2024-05-10 00:12:31.917172+00:00,1310,1
2024-05-10 00:12:31.921139+00:00,1813,61
2024-05-10 00:12:32.253109+00:00,1527,4
2024-05-10 00:12:32.340529+00:00,1144,8
2024-05-10 00:12:32.408599+00:00,1309,2
2024-05-10 00:12:32.411282+00:00,1917,18
2024-05-10 00:12:32.657773+00:00,1309,1
2024-05-10 00:12:32.753458+00:00,1527,6
2024-05-10 00:12:32.838896+00:00,1144,9
2024-05-10 00:12:32.888074+00:00,1170,21
2024-05-10 00:12:32.911674+00:00,1309,1
2024-05-10 00:12:33.007719+00:00,1515,3
2024-05-10 00:12:33.008295+00:00,1484,3
2024-05-10 00:12:33.163521+00:00,1310,3
2024-05-10 00:12:33.592654+00:00,1147,6
2024-05-10 00:12:33.786450+00:00,1808,1
2024-05-10 00:12:34.003739+00:00,1081,9
2024-05-10 00:12:34.159647+00:00,1311,1
2024-05-10 00:12:34.161369+00:00,1909,1
2024-05-10 00:12:34.253237+00:00,1530,5
2024-05-10 00:12:34.286828+00:00,1809,4
2024-05-10 00:12:34.412572+00:00,1928,76
2024-05-10 00:12:34.418418+00:00,1909,45
2024-05-10 00:12:34.508977+00:00,1028,1
2024-05-10 00:12:34.601372+00:00,1220,3
2024-05-10 00:12:34.635124+00:00,1795,13
2024-05-10 00:12:34.656297+00:00,1929,3
2024-05-10 00:12:35.004073+00:00,1083,7
2024-05-10 00:12:35.008594+00:00,1028,15
2024-05-10 00:12:35.157962+00:00,1311,67
2024-05-10 00:12:35.409322+00:00,1929,112
2024-05-10 00:12:35.503123+00:00,1083,15
2024-05-10 00:12:35.596885+00:00,1815,51
2024-05-10 00:12:35.660353+00:00,1907,16
2024-05-10 00:12:36.003929+00:00,1027,17
2024-05-10 00:12:36.088259+00:00,1221,17
2024-05-10 00:12:36.289855+00:00,1815,64
2024-05-10 00:12:36.884123+00:00,1923,9
2024-05-10 00:12:36.903965+00:00,1907,111
2024-05-10 00:12:37.253455+00:00,1092,14
2024-05-10 00:12:37.754516+00:00,1533,23
2024-05-10 00:12:37.883535+00:00,1926,4
2024-05-10 00:12:38.163903+00:00,2033,3
2024-05-10 00:12:38.166109+00:00,1995,16
2024-05-10 00:12:38.254140+00:00,1550,2
2024-05-10 00:12:39.591831+00:00,1223,1
2024-05-10 00:12:39.632585+00:00,1927,5
2024-05-10 00:12:39.656337+00:00,2035,6
2024-05-10 00:12:39.846253+00:00,1223,7
2024-05-10 00:12:40.022474+00:00,1687,188
2024-05-10 00:12:40.040112+00:00,1330,500
2024-05-10 00:12:40.097126+00:00,1744,51
2024-05-10 00:12:40.100526+00:00,1067,1
2024-05-10 00:12:40.154031+00:00,2036,1
2024-05-10 00:12:40.406477+00:00,2035,6
2024-05-10 00:12:40.596656+00:00,1067,7
2024-05-10 00:12:40.598243+00:00,1223,3
2024-05-10 00:12:40.656841+00:00,2033,3
2024-05-10 00:12:40.659315+00:00,1687,87
2024-05-10 00:12:41.084044+00:00,1222,16
2024-05-10 00:12:41.154618+00:00,2035,3
2024-05-10 00:12:41.407760+00:00,2036,4
2024-05-10 00:12:41.658676+00:00,2036,6
2024-05-10 00:12:42.046605+00:00,1244,3
2024-05-10 00:12:42.507171+00:00,1819,1
2024-05-10 00:12:42.537184+00:00,1359,1
2024-05-10 00:12:42.585918+00:00,1068,2
2024-05-10 00:12:42.658285+00:00,2033,3
2024-05-10 00:12:42.833901+00:00,1223,13
2024-05-10 00:12:42.910441+00:00,1688,1
2024-05-10 00:12:43.293263+00:00,1360,36
2024-05-10 00:12:43.508402+00:00,1294,5
2024-05-10 00:12:43.508837+00:00,1527,40
2024-05-10 00:12:43.543666+00:00,1359,10
2024-05-10 00:12:43.655415+00:00,1854,9
2024-05-10 00:12:43.655930+00:00,1688,39
2024-05-10 00:12:43.755510+00:00,1026,12
2024-05-10 00:12:43.797299+00:00,1360,4
2024-05-10 00:12:43.905387+00:00,1689,1
2024-05-10 00:12:44.009073+00:00,1294,4
2024-05-10 00:12:44.009557+00:00,1026,23
2024-05-10 00:12:44.261499+00:00,1817,46
2024-05-10 00:12:44.406996+00:00,1690,33
2024-05-10 00:12:44.407535+00:00,1995,13
2024-05-10 00:12:44.545190+00:00,1360,1
2024-05-10 00:12:44.832780+00:00,1226,9
2024-05-10 00:12:45.011606+00:00,1028,23
2024-05-10 00:12:45.152679+00:00,1305,6
2024-05-10 00:12:45.154870+00:00,1993,3
2024-05-10 00:12:45.267729+00:00,1531,20
2024-05-10 00:12:45.332707+00:00,1785,29
2024-05-10 00:12:45.335119+00:00,1224,12
2024-05-10 00:12:45.512763+00:00,1028,17
2024-05-10 00:12:45.838471+00:00,1067,7
2024-05-10 00:12:45.904969+00:00,1988,3
2024-05-10 00:12:46.013765+00:00,1531,20
2024-05-10 00:12:46.264485+00:00,1029,22
2024-05-10 00:12:46.264895+00:00,1382,18
2024-05-10 00:12:46.514547+00:00,1688,17
2024-05-10 00:12:46.583740+00:00,1067,12
2024-05-10 00:12:46.636220+00:00,1601,22
2024-05-10 00:12:46.650805+00:00,1307,10
2024-05-10 00:12:46.883275+00:00,1817,3
2024-05-10 00:12:47.150830+00:00,1307,12
2024-05-10 00:12:47.400319+00:00,1818,2
2024-05-10 00:12:47.541306+00:00,1818,2
2024-05-10 00:12:47.763605+00:00,1028,19
2024-05-10 00:12:48.014897+00:00,1027,3
2024-05-10 00:12:48.084408+00:00,1053,36
2024-05-10 00:12:48.331865+00:00,1387,30
2024-05-10 00:12:48.404088+00:00,1308,3
2024-05-10 00:12:48.542083+00:00,1819,46
2024-05-10 00:12:48.584321+00:00,1225,1
2024-05-10 00:12:48.833929+00:00,1225,9
2024-05-10 00:12:48.909122+00:00,1862,3
2024-05-10 00:12:49.159130+00:00,1693,82
2024-05-10 00:12:49.291918+00:00,1819,14
2024-05-10 00:12:49.407444+00:00,1308,1
2024-05-10 00:12:49.511203+00:00,1382,32
2024-05-10 00:12:49.524570+00:00,1581,1
2024-05-10 00:12:49.653558+00:00,1309,3
2024-05-10 00:12:49.756292+00:00,1702,16
2024-05-10 00:12:49.903064+00:00,1309,3
2024-05-10 00:12:50.256061+00:00,1570,3
2024-05-10 00:12:50.586361+00:00,1776,6
2024-05-10 00:12:50.658848+00:00,1695,67
2024-05-10 00:12:51.003598+00:00,1031,1
2024-05-10 00:12:51.159630+00:00,1865,7
2024-05-10 00:12:51.503722+00:00,1031,15
2024-05-10 00:12:51.634016+00:00,1892,55
2024-05-10 00:12:52.134969+00:00,1798,15
2024-05-10 00:12:52.789518+00:00,1065,1
2024-05-10 00:12:52.835147+00:00,1226,9
2024-05-10 00:12:52.890111+00:00,1798,12
2024-05-10 00:12:53.158103+00:00,1695,1
2024-05-10 00:12:53.384099+00:00,1065,3
2024-05-10 00:12:53.661850+00:00,1695,52
2024-05-10 00:12:54.007491+00:00,1033,1
2024-05-10 00:12:54.266726+00:00,1065,9
2024-05-10 00:12:54.834806+00:00,1227,1
2024-05-10 00:12:54.911080+00:00,1695,27
2024-05-10 00:12:55.131454+00:00,1654,10
2024-05-10 00:12:55.340788+00:00,1227,9
2024-05-10 00:12:55.632381+00:00,1897,2
2024-05-10 00:12:55.653754+00:00,1697,18
2024-05-10 00:12:55.761470+00:00,1279,3
2024-05-10 00:12:56.027224+00:00,1068,61
2024-05-10 00:12:56.253497+00:00,1279,2
2024-05-10 00:12:56.389394+00:00,1654,10
2024-05-10 00:12:56.587341+00:00,1229,7
2024-05-10 00:12:56.892182+00:00,1894,84
2024-05-10 00:12:57.523461+00:00,1309,4
2024-05-10 00:12:57.583533+00:00,1228,8
2024-05-10 00:12:58.270330+00:00,1068,45
2024-05-10 00:12:58.335211+00:00,1227,63
2024-05-10 00:12:58.515170+00:00,1561,14
2024-05-10 00:12:58.790322+00:00,1769,2
2024-05-10 00:12:59.006990+00:00,1703,12
2024-05-10 00:12:59.083539+00:00,1216,15
2024-05-10 00:12:59.257907+00:00,1706,9
2024-05-10 00:12:59.386897+00:00,1914,24
2024-05-10 00:12:59.591334+00:00,1228,7
2024-05-10 00:12:59.633832+00:00,1656,16
2024-05-10 00:13:00.905142+00:00,1701,2
2024-05-10 00:13:01.338184+00:00,1618,14
2024-05-10 00:13:01.525125+00:00,1579,232
2024-05-10 00:13:02.153752+00:00,1701,3
2024-05-10 00:13:02.384743+00:00,1657,32
2024-05-10 00:13:02.668975+00:00,1701,3
2024-05-10 00:13:02.757658+00:00,1409,12
2024-05-10 00:13:02.759459+00:00,1832,46
2024-05-10 00:13:03.151170+00:00,1701,3
2024-05-10 00:13:03.295521+00:00,1756,1
2024-05-10 00:13:03.297979+00:00,1756,2
2024-05-10 00:13:03.403449+00:00,1701,3
2024-05-10 00:13:03.788883+00:00,1756,2
2024-05-10 00:13:04.044124+00:00,1755,9
2024-05-10 00:13:04.339584+00:00,1247,67
2024-05-10 00:13:05.047679+00:00,1756,2
2024-05-10 00:13:05.133570+00:00,1659,10
2024-05-10 00:13:05.529212+00:00,1068,28
2024-05-10 00:13:05.533829+00:00,1580,283
2024-05-10 00:13:05.842464+00:00,1942,1
2024-05-10 00:13:06.339009+00:00,1247,182
2024-05-10 00:13:06.583478+00:00,1942,1
2024-05-10 00:13:06.834824+00:00,1249,1
2024-05-10 00:13:06.886860+00:00,1660,9
2024-05-10 00:13:06.901225+00:00,1703,126
2024-05-10 00:13:07.024274+00:00,1579,13
2024-05-10 00:13:07.082535+00:00,1249,6
2024-05-10 00:13:07.271548+00:00,1834,13
2024-05-10 00:13:07.584473+00:00,1253,5
2024-05-10 00:13:07.776095+00:00,1071,27
2024-05-10 00:13:08.022152+00:00,1579,175
2024-05-10 00:13:08.083227+00:00,1323,13
2024-05-10 00:13:08.279369+00:00,1764,9
2024-05-10 00:13:08.536601+00:00,1579,130
2024-05-10 00:13:08.631641+00:00,1834,13
2024-05-10 00:13:08.774476+00:00,1766,1
2024-05-10 00:13:08.832536+00:00,1254,2
2024-05-10 00:13:09.332393+00:00,1075,7
2024-05-10 00:13:09.774973+00:00,1769,8
2024-05-10 00:13:09.775202+00:00,1835,67
2024-05-10 00:13:10.339906+00:00,1254,58
2024-05-10 00:13:10.525298+00:00,1770,7
2024-05-10 00:13:11.502464+00:00,1843,1
2024-05-10 00:13:12.002512+00:00,1843,6
2024-05-10 00:13:12.089577+00:00,1262,58
2024-05-10 00:13:12.252527+00:00,1844,1
2024-05-10 00:13:12.339258+00:00,1076,7
2024-05-10 00:13:12.504339+00:00,1413,14
2024-05-10 00:13:12.777235+00:00,1073,50
2024-05-10 00:13:13.038181+00:00,1920,6
2024-05-10 00:13:13.274063+00:00,1585,133
2024-05-10 00:13:15.155238+00:00,1680,1
2024-05-10 00:13:15.340368+00:00,1477,142
2024-05-10 00:13:15.382305+00:00,1749,9
2024-05-10 00:13:15.650308+00:00,1680,1
2024-05-10 00:13:15.779664+00:00,1909,64
2024-05-10 00:13:15.842313+00:00,1145,27
2024-05-10 00:13:15.843825+00:00,1271,149
2024-05-10 00:13:16.084361+00:00,1273,1
2024-05-10 00:13:16.335371+00:00,1077,3
2024-05-10 00:13:16.401477+00:00,1194,16
2024-05-10 00:13:16.589159+00:00,1273,3
2024-05-10 00:13:16.589274+00:00,1077,6
2024-05-10 00:13:16.591081+00:00,1481,5
2024-05-10 00:13:16.633156+00:00,1751,9
2024-05-10 00:13:17.037677+00:00,1220,3
2024-05-10 00:13:17.339575+00:00,1145,23
2024-05-10 00:13:17.400563+00:00,1937,13
2024-05-10 00:13:17.631177+00:00,1754,8
2024-05-10 00:13:17.777478+00:00,1770,2
2024-05-10 00:13:17.839954+00:00,1146,21
2024-05-10 00:13:17.901430+00:00,1196,7
2024-05-10 00:13:18.095501+00:00,1278,4
2024-05-10 00:13:18.153442+00:00,1197,10
2024-05-10 00:13:18.274925+00:00,1771,1
2024-05-10 00:13:18.342755+00:00,1145,27
2024-05-10 00:13:18.502553+00:00,1415,1
2024-05-10 00:13:19.037262+00:00,1381,13
2024-05-10 00:13:19.290299+00:00,1206,3
2024-05-10 00:13:19.536204+00:00,1586,341
2024-05-10 00:13:19.590066+00:00,1072,9
2024-05-10 00:13:19.773640+00:00,1324,6
2024-05-10 00:13:19.774642+00:00,1254,3
2024-05-10 00:13:19.901183+00:00,1197,3
2024-05-10 00:13:20.026887+00:00,1169,11
2024-05-10 00:13:20.275158+00:00,1773,5
2024-05-10 00:13:20.344523+00:00,1145,29
2024-05-10 00:13:20.651710+00:00,1198,14
2024-05-10 00:13:20.762203+00:00,1711,33
2024-05-10 00:13:20.774825+00:00,1324,1
2024-05-10 00:13:21.025097+00:00,1323,1
2024-05-10 00:13:21.025752+00:00,1322,1
2024-05-10 00:13:21.037807+00:00,1489,1
2024-05-10 00:13:21.524084+00:00,1323,24
2024-05-10 00:13:21.654535+00:00,1199,15
2024-05-10 00:13:21.786472+00:00,1381,533
2024-05-10 00:13:21.910583+00:00,1922,19
2024-05-10 00:13:22.082470+00:00,1524,3
2024-05-10 00:13:22.151675+00:00,1457,1
2024-05-10 00:13:22.153085+00:00,1199,16
2024-05-10 00:13:22.271926+00:00,1324,19
2024-05-10 00:13:22.540179+00:00,1680,16
2024-05-10 00:13:22.757556+00:00,1418,46
2024-05-10 00:13:22.903732+00:00,1201,10
2024-05-10 00:13:23.016704+00:00,2000,9
2024-05-10 00:13:23.049731+00:00,1458,9
2024-05-10 00:13:23.335326+00:00,1164,6
2024-05-10 00:13:23.512458+00:00,1524,3
2024-05-10 00:13:23.514650+00:00,2003,18
2024-05-10 00:13:23.519275+00:00,1074,6
2024-05-10 00:13:23.548362+00:00,1542,17
2024-05-10 00:13:23.793828+00:00,1384,319
2024-05-10 00:13:23.832749+00:00,1884,11
2024-05-10 00:13:23.900228+00:00,1928,1
2024-05-10 00:13:24.527237+00:00,1912,10
2024-05-10 00:13:24.902277+00:00,1710,69
2024-05-10 00:13:25.020392+00:00,1171,49
2024-05-10 00:13:25.266906+00:00,1322,14
2024-05-10 00:13:25.267346+00:00,1077,1
2024-05-10 00:13:25.336260+00:00,1166,4
2024-05-10 00:13:25.336321+00:00,1525,18
2024-05-10 00:13:25.394876+00:00,1702,13
2024-05-10 00:13:25.402785+00:00,1204,16
2024-05-10 00:13:25.406404+00:00,1461,17
2024-05-10 00:13:25.652693+00:00,1712,60
2024-05-10 00:13:25.767236+00:00,1077,13
2024-05-10 00:13:25.840039+00:00,1166,3
2024-05-10 00:13:26.153712+00:00,1202,18
2024-05-10 00:13:26.517273+00:00,1077,14
2024-05-10 00:13:26.902861+00:00,1204,1
2024-05-10 00:13:27.007541+00:00,1627,20
2024-05-10 00:13:27.007790+00:00,1422,5
2024-05-10 00:13:27.151541+00:00,1204,1
2024-05-10 00:13:27.260836+00:00,1876,15
2024-05-10 00:13:27.514897+00:00,2006,12
2024-05-10 00:13:27.515265+00:00,1610,6
2024-05-10 00:13:27.517255+00:00,1077,3
2024-05-10 00:13:27.766717+00:00,1077,7
2024-05-10 00:13:27.768130+00:00,1876,13
2024-05-10 00:13:27.774025+00:00,1774,4
2024-05-10 00:13:27.840163+00:00,1525,36
2024-05-10 00:13:27.893332+00:00,1705,6
2024-05-10 00:13:27.900792+00:00,2039,1
2024-05-10 00:13:27.902247+00:00,2039,1
2024-05-10 00:13:28.012289+00:00,1629,36
2024-05-10 00:13:28.014975+00:00,1615,7
2024-05-10 00:13:28.267072+00:00,1077,6
2024-05-10 00:13:28.390664+00:00,1704,7
2024-05-10 00:13:28.405862+00:00,1205,19
2024-05-10 00:13:28.517122+00:00,1323,11
2024-05-10 00:13:28.650485+00:00,2041,1
2024-05-10 00:13:29.016662+00:00,1079,3
2024-05-10 00:13:29.093694+00:00,1290,39
2024-05-10 00:13:29.155884+00:00,1250,16
2024-05-10 00:13:29.294397+00:00,1321,8
2024-05-10 00:13:29.539050+00:00,1905,4
2024-05-10 00:13:29.894740+00:00,1079,3
2024-05-10 00:13:30.013129+00:00,1122,99
2024-05-10 00:13:30.016084+00:00,1246,16
2024-05-10 00:13:30.140168+00:00,1168,23
2024-05-10 00:13:30.267359+00:00,2044,1
2024-05-10 00:13:30.273016+00:00,1736,12
2024-05-10 00:13:30.388894+00:00,1079,3
2024-05-10 00:13:30.639738+00:00,1170,3
2024-05-10 00:13:30.767224+00:00,1736,1
2024-05-10 00:13:31.018804+00:00,1736,10
2024-05-10 00:13:31.095945+00:00,2045,3
2024-05-10 00:13:31.516540+00:00,1942,1
2024-05-10 00:13:31.769335+00:00,1384,17
2024-05-10 00:13:31.798995+00:00,1776,49
2024-05-10 00:13:31.903987+00:00,1630,54
2024-05-10 00:13:32.772653+00:00,1385,34
2024-05-10 00:13:33.091824+00:00,1343,3
2024-05-10 00:13:33.139536+00:00,1153,4
2024-05-10 00:13:33.637200+00:00,1301,9
2024-05-10 00:13:34.046555+00:00,1791,46
2024-05-10 00:13:34.269029+00:00,1295,1
2024-05-10 00:13:34.341359+00:00,1345,37
2024-05-10 00:13:34.390855+00:00,1303,1
2024-05-10 00:13:34.542422+00:00,1791,83
2024-05-10 00:13:34.637874+00:00,1304,5
2024-05-10 00:13:34.757675+00:00,1396,3
2024-05-10 00:13:34.769454+00:00,1876,3
2024-05-10 00:13:35.006989+00:00,1423,5
2024-05-10 00:13:35.138406+00:00,1122,106
2024-05-10 00:13:35.383440+00:00,1122,24
2024-05-10 00:13:35.386985+00:00,1303,1
2024-05-10 00:13:35.632791+00:00,1303,6
2024-05-10 00:13:35.654554+00:00,1532,61
2024-05-10 00:13:35.844602+00:00,1345,206
2024-05-10 00:13:35.901681+00:00,1216,21
2024-05-10 00:13:36.017541+00:00,1633,10
2024-05-10 00:13:36.024945+00:00,1388,7
2024-05-10 00:13:36.043780+00:00,1131,16
2024-05-10 00:13:36.132943+00:00,1303,6
2024-05-10 00:13:36.386141+00:00,1306,9
2024-05-10 00:13:36.400834+00:00,1216,3
2024-05-10 00:13:36.518427+00:00,1388,7
2024-05-10 00:13:36.544408+00:00,1808,39
2024-05-10 00:13:36.900756+00:00,1217,38
2024-05-10 00:13:37.151551+00:00,1216,5
2024-05-10 00:13:37.267218+00:00,1740,8
2024-05-10 00:13:37.638946+00:00,1156,2
2024-05-10 00:13:37.651134+00:00,1216,12
2024-05-10 00:13:37.655290+00:00,1631,30
2024-05-10 00:13:37.790771+00:00,1129,6
2024-05-10 00:13:38.019794+00:00,1738,8
2024-05-10 00:13:38.153528+00:00,1628,46
2024-05-10 00:13:38.337800+00:00,1346,9
2024-05-10 00:13:38.504616+00:00,1840,49
2024-05-10 00:13:38.505659+00:00,1153,6
2024-05-10 00:13:38.540682+00:00,1131,5
2024-05-10 00:13:38.789216+00:00,1125,16
2024-05-10 00:13:38.892203+00:00,1156,45
2024-05-10 00:13:39.004946+00:00,1153,6
2024-05-10 00:13:39.257652+00:00,1414,8
2024-05-10 00:13:39.388745+00:00,1158,7
2024-05-10 00:13:39.403647+00:00,2014,7
2024-05-10 00:13:39.898411+00:00,1159,6
2024-05-10 00:13:39.903120+00:00,1579,31
2024-05-10 00:13:40.142052+00:00,2019,8
2024-05-10 00:13:40.253268+00:00,1153,5
2024-05-10 00:13:40.292046+00:00,1126,19
2024-05-10 00:13:40.402487+00:00,1630,34
2024-05-10 00:13:40.892524+00:00,2019,11
2024-05-10 00:13:41.151299+00:00,1277,4
2024-05-10 00:13:41.256831+00:00,1155,5
2024-05-10 00:13:41.296817+00:00,1884,12
2024-05-10 00:13:41.547463+00:00,1810,11
2024-05-10 00:13:41.651526+00:00,1633,17
2024-05-10 00:13:41.897394+00:00,1166,1
2024-05-10 00:13:42.019672+00:00,1759,25
2024-05-10 00:13:42.044098+00:00,1810,1
2024-05-10 00:13:42.151481+00:00,1177,12
2024-05-10 00:13:42.650792+00:00,1216,9
2024-05-10 00:13:42.794777+00:00,1811,12
2024-05-10 00:13:43.153618+00:00,1632,17
2024-05-10 00:13:43.254210+00:00,1971,49
2024-05-10 00:13:43.272022+00:00,1406,69
2024-05-10 00:13:43.295056+00:00,1799,10
2024-05-10 00:13:43.333652+00:00,1347,40
2024-05-10 00:13:43.583576+00:00,1116,5
2024-05-10 00:13:43.632236+00:00,1087,3
2024-05-10 00:13:43.794429+00:00,1732,277
2024-05-10 00:13:43.891942+00:00,1308,3
2024-05-10 00:13:43.893411+00:00,1475,12
2024-05-10 00:13:43.902309+00:00,1630,37
2024-05-10 00:13:44.006585+00:00,1971,40
2024-05-10 00:13:44.134991+00:00,1087,1
2024-05-10 00:13:44.254182+00:00,1155,5
2024-05-10 00:13:44.269137+00:00,1778,9
2024-05-10 00:13:44.333388+00:00,1116,5
2024-05-10 00:13:44.382287+00:00,1087,3
2024-05-10 00:13:44.400519+00:00,1211,3
2024-05-10 00:13:44.537143+00:00,1320,16
2024-05-10 00:13:44.753795+00:00,1653,3
2024-05-10 00:13:44.755518+00:00,1417,11
2024-05-10 00:13:44.885894+00:00,2024,8
2024-05-10 00:13:45.153297+00:00,1630,34
2024-05-10 00:13:45.506169+00:00,1999,13
2024-05-10 00:13:45.636395+00:00,1798,5
2024-05-10 00:13:45.837104+00:00,1118,4
2024-05-10 00:13:45.884841+00:00,1167,3
2024-05-10 00:13:46.021653+00:00,1830,9
2024-05-10 00:13:46.135605+00:00,1823,15
2024-05-10 00:13:46.152909+00:00,1088,57
2024-05-10 00:13:46.252713+00:00,1654,4
2024-05-10 00:13:46.272696+00:00,1832,10
2024-05-10 00:13:46.502725+00:00,1172,3
2024-05-10 00:13:46.583322+00:00,1053,14
2024-05-10 00:13:46.583980+00:00,1119,3
2024-05-10 00:13:46.650716+00:00,1802,3
2024-05-10 00:13:46.771779+00:00,1833,60
2024-05-10 00:13:46.787834+00:00,1320,16
2024-05-10 00:13:46.891744+00:00,1823,16
2024-05-10 00:13:47.002653+00:00,1653,3
2024-05-10 00:13:47.153099+00:00,1802,3
2024-05-10 00:13:47.333055+00:00,1121,7
2024-05-10 00:13:47.584206+00:00,1351,43
2024-05-10 00:13:47.768268+00:00,1830,9
2024-05-10 00:13:47.786984+00:00,1322,1
2024-05-10 00:13:47.884504+00:00,1905,20
2024-05-10 00:13:47.884617+00:00,2028,11
2024-05-10 00:13:47.901302+00:00,1631,1
2024-05-10 00:13:48.083244+00:00,1121,156
2024-05-10 00:13:48.083715+00:00,1075,22
2024-05-10 00:13:48.332270+00:00,1351,4
2024-05-10 00:13:48.631618+00:00,1659,9
2024-05-10 00:13:48.834121+00:00,1352,43
2024-05-10 00:13:49.385705+00:00,1089,2
2024-05-10 00:13:49.630980+00:00,1181,2
2024-05-10 00:13:49.834274+00:00,1351,60
2024-05-10 00:13:49.881327+00:00,1659,6
2024-05-10 00:13:50.137040+00:00,1659,6
2024-05-10 00:13:50.537411+00:00,1152,14
2024-05-10 00:13:50.834702+00:00,1351,61
2024-05-10 00:13:51.253207+00:00,1423,5
2024-05-10 00:13:51.382207+00:00,1181,45
2024-05-10 00:13:51.404071+00:00,1630,34
2024-05-10 00:13:51.906513+00:00,1803,7
2024-05-10 00:13:51.909129+00:00,1479,3
2024-05-10 00:13:52.090249+00:00,1352,61
2024-05-10 00:13:52.382242+00:00,1659,8
2024-05-10 00:13:52.384569+00:00,2031,8
2024-05-10 00:13:52.404967+00:00,1483,29
2024-05-10 00:13:52.787261+00:00,1811,22
2024-05-10 00:13:52.838270+00:00,1353,1
2024-05-10 00:13:53.272380+00:00,1931,22
2024-05-10 00:13:53.337007+00:00,1352,58
2024-05-10 00:13:53.382550+00:00,1187,9
2024-05-10 00:13:53.651710+00:00,1279,58
2024-05-10 00:13:53.652510+00:00,1805,2
2024-05-10 00:13:53.787859+00:00,1151,15
2024-05-10 00:13:53.881062+00:00,1187,9
2024-05-10 00:13:53.901262+00:00,1271,1
2024-05-10 00:13:54.087977+00:00,1449,17
2024-05-10 00:13:54.131250+00:00,1856,5
2024-05-10 00:13:54.132022+00:00,1187,9
2024-05-10 00:13:54.150614+00:00,1806,1
2024-05-10 00:13:54.151866+00:00,1271,7
2024-05-10 00:13:54.259550+00:00,1246,47
2024-05-10 00:13:54.382174+00:00,1187,9
2024-05-10 00:13:54.400729+00:00,1281,6
2024-05-10 00:13:54.524878+00:00,1739,1
2024-05-10 00:13:54.546799+00:00,1737,5
2024-05-10 00:13:54.630985+00:00,1187,9
2024-05-10 00:13:54.757174+00:00,1246,34
2024-05-10 00:13:54.836941+00:00,1351,43
2024-05-10 00:13:54.900378+00:00,1807,1
2024-05-10 00:13:55.044919+00:00,1737,1
2024-05-10 00:13:55.154447+00:00,1284,3
2024-05-10 00:13:55.402997+00:00,1807,1
2024-05-10 00:13:55.403816+00:00,1270,1
2024-05-10 00:13:55.791197+00:00,2035,3
2024-05-10 00:13:55.901167+00:00,1274,4
2024-05-10 00:13:56.038919+00:00,1738,50
2024-05-10 00:13:56.632645+00:00,1187,9
2024-05-10 00:13:57.037843+00:00,1816,1
2024-05-10 00:13:57.153994+00:00,1487,24
2024-05-10 00:13:57.887692+00:00,1196,6
2024-05-10 00:13:58.004331+00:00,1029,15
2024-05-10 00:13:58.085985+00:00,1649,11
2024-05-10 00:13:58.287181+00:00,1817,16
2024-05-10 00:13:58.513910+00:00,1031,14
2024-05-10 00:13:58.536702+00:00,1990,3
2024-05-10 00:13:58.634567+00:00,1197,5
2024-05-10 00:13:58.836761+00:00,1649,10
2024-05-10 00:13:58.883969+00:00,1931,1
2024-05-10 00:13:59.041599+00:00,1742,49
2024-05-10 00:13:59.089895+00:00,1073,16
2024-05-10 00:13:59.093705+00:00,2033,12
2024-05-10 00:13:59.134308+00:00,1199,5
2024-05-10 00:13:59.256743+00:00,2015,3
2024-05-10 00:13:59.411499+00:00,1275,5
2024-05-10 00:13:59.510990+00:00,1254,29
2024-05-10 00:13:59.640913+00:00,1250,38
2024-05-10 00:13:59.889814+00:00,1187,55
2024-05-10 00:14:00.088327+00:00,1075,16
2024-05-10 00:14:00.143905+00:00,1251,36
2024-05-10 00:14:00.254523+00:00,2031,3
2024-05-10 00:14:00.338581+00:00,1650,6
2024-05-10 00:14:00.341140+00:00,2033,4
2024-05-10 00:14:00.408714+00:00,1271,4
2024-05-10 00:14:00.537075+00:00,1818,1
2024-05-10 00:14:00.634269+00:00,1665,1
2024-05-10 00:14:00.769621+00:00,1426,88
2024-05-10 00:14:01.085681+00:00,1734,3
2024-05-10 00:14:01.504004+00:00,1035,1
2024-05-10 00:14:01.636722+00:00,1251,35
2024-05-10 00:14:01.836647+00:00,2033,1
2024-05-10 00:14:02.597081+00:00,1450,14
2024-05-10 00:14:02.640650+00:00,1253,31
2024-05-10 00:14:02.754939+00:00,1254,3
2024-05-10 00:14:02.888091+00:00,1202,3
2024-05-10 00:14:03.145010+00:00,1089,55
2024-05-10 00:14:03.892701+00:00,1577,9
2024-05-10 00:14:04.387758+00:00,1202,2
2024-05-10 00:14:04.635730+00:00,1203,1
2024-05-10 00:14:04.655900+00:00,1985,22
2024-05-10 00:14:04.790358+00:00,1118,3
2024-05-10 00:14:04.888761+00:00,1203,1
2024-05-10 00:14:05.044289+00:00,1962,1
2024-05-10 00:14:05.044792+00:00,1118,3
2024-05-10 00:14:05.636706+00:00,1203,1
2024-05-10 00:14:05.754580+00:00,2018,3
2024-05-10 00:14:05.789284+00:00,1118,3
2024-05-10 00:14:05.890147+00:00,1253,10
2024-05-10 00:14:05.896001+00:00,1582,14
2024-05-10 00:14:05.903381+00:00,1146,6
2024-05-10 00:14:06.005649+00:00,2034,3
2024-05-10 00:14:06.085763+00:00,1354,64
2024-05-10 00:14:06.644492+00:00,1256,28
2024-05-10 00:14:08.254488+00:00,1212,7
2024-05-10 00:14:08.338123+00:00,1154,21
2024-05-10 00:14:08.836225+00:00,1649,3
2024-05-10 00:14:09.084329+00:00,1649,3
2024-05-10 00:14:09.268549+00:00,1360,1
2024-05-10 00:14:09.524835+00:00,1213,7
2024-05-10 00:14:09.772658+00:00,1361,12
2024-05-10 00:14:10.252852+00:00,1207,5
2024-05-10 00:14:10.274039+00:00,1213,90
2024-05-10 00:14:10.549220+00:00,1508,1
2024-05-10 00:14:10.770034+00:00,1306,3
2024-05-10 00:14:10.903352+00:00,1418,19
2024-05-10 00:14:11.008245+00:00,1206,6
2024-05-10 00:14:11.524255+00:00,1305,1
2024-05-10 00:14:11.665562+00:00,1606,15
2024-05-10 00:14:11.666427+00:00,2032,4
2024-05-10 00:14:11.667299+00:00,1418,16
2024-05-10 00:14:11.762863+00:00,1207,1
2024-05-10 00:14:12.153641+00:00,1606,15
2024-05-10 00:14:12.262347+00:00,1207,5
2024-05-10 00:14:12.339233+00:00,1356,55
2024-05-10 00:14:12.837918+00:00,1509,58
2024-05-10 00:14:13.154111+00:00,1271,5
2024-05-10 00:14:13.518497+00:00,1232,2
2024-05-10 00:14:13.593252+00:00,1509,163
2024-05-10 00:14:13.770272+00:00,1395,12
2024-05-10 00:14:14.021346+00:00,1307,2
2024-05-10 00:14:14.130873+00:00,1206,3
2024-05-10 00:14:14.159623+00:00,1421,16
2024-05-10 00:14:14.335932+00:00,1089,11
2024-05-10 00:14:14.336359+00:00,1510,1
2024-05-10 00:14:14.510107+00:00,1988,43
2024-05-10 00:14:14.587861+00:00,1510,1
2024-05-10 00:14:14.757943+00:00,1211,4
2024-05-10 00:14:14.770758+00:00,1227,7
2024-05-10 00:14:14.905205+00:00,1210,3
2024-05-10 00:14:15.024381+00:00,1226,6
2024-05-10 00:14:15.132667+00:00,1248,26
2024-05-10 00:14:15.154262+00:00,1608,18
2024-05-10 00:14:15.266458+00:00,1037,14
2024-05-10 00:14:15.269313+00:00,1226,1
2024-05-10 00:14:15.404114+00:00,1210,3
2024-05-10 00:14:15.527501+00:00,1225,8
2024-05-10 00:14:15.528330+00:00,1845,7
2024-05-10 00:14:15.756278+00:00,2018,11
2024-05-10 00:14:15.770524+00:00,1225,2
2024-05-10 00:14:16.026871+00:00,1396,142
2024-05-10 00:14:16.043338+00:00,1963,2
2024-05-10 00:14:16.543456+00:00,1962,3
2024-05-10 00:14:16.638285+00:00,1253,30
2024-05-10 00:14:16.638853+00:00,1208,6
2024-05-10 00:14:17.011969+00:00,1037,17
2024-05-10 00:14:17.254288+00:00,1528,7
2024-05-10 00:14:17.386695+00:00,1209,5
2024-05-10 00:14:17.406340+00:00,1214,16
2024-05-10 00:14:17.588454+00:00,1512,70
2024-05-10 00:14:17.754502+00:00,1038,20
2024-05-10 00:14:18.392143+00:00,1252,25
2024-05-10 00:14:18.588433+00:00,2045,3
2024-05-10 00:14:19.032489+00:00,1847,5
2024-05-10 00:14:19.293536+00:00,1322,7
2024-05-10 00:14:19.393316+00:00,1673,43
2024-05-10 00:14:19.641467+00:00,1593,32
2024-05-10 00:14:19.643215+00:00,1097,212
2024-05-10 00:14:19.653662+00:00,1213,1
2024-05-10 00:14:19.774463+00:00,1227,33
2024-05-10 00:14:19.780673+00:00,1396,2
2024-05-10 00:14:19.887292+00:00,1674,52
2024-05-10 00:14:20.030635+00:00,1497,1
2024-05-10 00:14:20.161950+00:00,1099,8
2024-05-10 00:14:20.336359+00:00,1455,10
2024-05-10 00:14:20.392011+00:00,1673,152
2024-05-10 00:14:20.403488+00:00,1214,8
2024-05-10 00:14:21.132293+00:00,1676,1
2024-05-10 00:14:21.347191+00:00,2045,3
2024-05-10 00:14:21.388972+00:00,1676,1
2024-05-10 00:14:21.404334+00:00,1215,10
2024-05-10 00:14:21.594233+00:00,1390,3
2024-05-10 00:14:21.639600+00:00,1676,32
2024-05-10 00:14:21.792508+00:00,1321,21
2024-05-10 00:14:21.840937+00:00,1512,169
2024-05-10 00:14:21.909160+00:00,1216,1
2024-05-10 00:14:22.341255+00:00,1371,69
2024-05-10 00:14:22.405084+00:00,1216,10
2024-05-10 00:14:22.543957+00:00,1321,1
2024-05-10 00:14:22.600676+00:00,1892,3
2024-05-10 00:14:22.791544+00:00,1321,15
2024-05-10 00:14:22.838602+00:00,1910,1
2024-05-10 00:14:22.839104+00:00,1371,78
2024-05-10 00:14:23.047835+00:00,1322,16
2024-05-10 00:14:23.091681+00:00,1654,1
2024-05-10 00:14:23.138558+00:00,1099,5
2024-05-10 00:14:23.154844+00:00,1217,9
2024-05-10 00:14:23.341079+00:00,1401,3
2024-05-10 00:14:23.393435+00:00,1677,70
2024-05-10 00:14:23.643378+00:00,2039,7
2024-05-10 00:14:23.753399+00:00,1901,14
2024-05-10 00:14:23.755619+00:00,1254,24
2024-05-10 00:14:23.844377+00:00,1850,16
2024-05-10 00:14:23.907516+00:00,1217,20
2024-05-10 00:14:23.909810+00:00,1423,17
2024-05-10 00:14:24.027776+00:00,1306,29
2024-05-10 00:14:24.049983+00:00,1321,16
2024-05-10 00:14:24.161748+00:00,1420,7
2024-05-10 00:14:24.339240+00:00,1374,10
2024-05-10 00:14:24.392205+00:00,1598,17
2024-05-10 00:14:24.404855+00:00,1850,2
2024-05-10 00:14:24.405460+00:00,1217,1
2024-05-10 00:14:24.406473+00:00,1742,20
2024-05-10 00:14:24.542749+00:00,1320,16
2024-05-10 00:14:24.771528+00:00,1831,12
2024-05-10 00:14:24.798642+00:00,1320,16
2024-05-10 00:14:24.902840+00:00,1219,1
2024-05-10 00:14:25.018171+00:00,1465,11
2024-05-10 00:14:25.047502+00:00,1606,14
2024-05-10 00:14:25.153532+00:00,1219,12
2024-05-10 00:14:25.273238+00:00,1308,3
2024-05-10 00:14:25.293368+00:00,1320,8
2024-05-10 00:14:25.338740+00:00,1512,536
2024-05-10 00:14:25.550970+00:00,1320,15
2024-05-10 00:14:25.590832+00:00,1374,11
2024-05-10 00:14:25.593167+00:00,1927,82
2024-05-10 00:14:26.002346+00:00,1038,18
2024-05-10 00:14:26.018674+00:00,1833,1
2024-05-10 00:14:26.039341+00:00,1610,27
2024-05-10 00:14:26.088638+00:00,1374,10
2024-05-10 00:14:26.090476+00:00,1928,5
2024-05-10 00:14:26.269401+00:00,1308,58
2024-05-10 00:14:26.401010+00:00,1217,4
2024-05-10 00:14:26.401727+00:00,1751,14
2024-05-10 00:14:26.507010+00:00,1256,33
2024-05-10 00:14:26.516513+00:00,1833,1
2024-05-10 00:14:26.523227+00:00,1309,16
2024-05-10 00:14:26.766206+00:00,1833,6
2024-05-10 00:14:26.770468+00:00,1309,7
2024-05-10 00:14:26.832725+00:00,1375,9
2024-05-10 00:14:26.901508+00:00,1751,15
2024-05-10 00:14:27.016683+00:00,1833,1
2024-05-10 00:14:27.017805+00:00,1463,3
2024-05-10 00:14:27.042746+00:00,1612,1
2024-05-10 00:14:27.266396+00:00,1834,6
2024-05-10 00:14:27.286623+00:00,1961,1
2024-05-10 00:14:27.516717+00:00,1858,2
2024-05-10 00:14:27.521569+00:00,1309,52
2024-05-10 00:14:27.536462+00:00,1612,25
2024-05-10 00:14:27.583551+00:00,1375,9
2024-05-10 00:14:27.766901+00:00,1833,8
2024-05-10 00:14:28.005195+00:00,1035,16
2024-05-10 00:14:28.266548+00:00,1833,8
2024-05-10 00:14:28.381536+00:00,1853,4
2024-05-10 00:14:28.538684+00:00,1615,1
2024-05-10 00:14:28.587205+00:00,1421,9
2024-05-10 00:14:28.786790+00:00,1615,1
2024-05-10 00:14:28.832757+00:00,1375,8
2024-05-10 00:14:29.085459+00:00,1423,14
2024-05-10 00:14:29.086256+00:00,1929,5
2024-05-10 00:14:29.332620+00:00,1375,9
2024-05-10 00:14:29.537813+00:00,1616,29
2024-05-10 00:14:29.588838+00:00,1424,51
2024-05-10 00:14:29.753533+00:00,1901,9
2024-05-10 00:14:29.757955+00:00,1878,3
2024-05-10 00:14:29.767345+00:00,1474,3
2024-05-10 00:14:29.768398+00:00,1859,3
2024-05-10 00:14:29.836020+00:00,1461,13
2024-05-10 00:14:30.267524+00:00,1835,1
2024-05-10 00:14:30.268094+00:00,1859,2
2024-05-10 00:14:30.268481+00:00,1227,1
2024-05-10 00:14:30.287746+00:00,1878,13
2024-05-10 00:14:30.382687+00:00,1797,52
2024-05-10 00:14:30.586912+00:00,1374,10
2024-05-10 00:14:30.767186+00:00,1860,2
2024-05-10 00:14:30.767988+00:00,1836,7
2024-05-10 00:14:30.881488+00:00,1828,13
2024-05-10 00:14:30.900764+00:00,1148,4
2024-05-10 00:14:31.018041+00:00,1225,1
2024-05-10 00:14:31.038831+00:00,1616,37
2024-05-10 00:14:31.086337+00:00,1932,35
2024-05-10 00:14:31.289357+00:00,1694,25
2024-05-10 00:14:31.589367+00:00,1933,1
2024-05-10 00:14:32.003459+00:00,1378,25
2024-05-10 00:14:32.131570+00:00,1683,14
2024-05-10 00:14:32.155572+00:00,1251,22
2024-05-10 00:14:32.287954+00:00,1319,14
2024-05-10 00:14:32.342778+00:00,1401,5
2024-05-10 00:14:32.401791+00:00,1142,21
2024-05-10 00:14:32.652346+00:00,1756,23
2024-05-10 00:14:32.770686+00:00,1317,174
2024-05-10 00:14:32.771605+00:00,1317,110
2024-05-10 00:14:32.901981+00:00,1512,9
2024-05-10 00:14:33.151679+00:00,1148,1
2024-05-10 00:14:33.253713+00:00,1990,12
2024-05-10 00:14:33.267088+00:00,1217,9
2024-05-10 00:14:33.401623+00:00,1148,18
2024-05-10 00:14:33.402199+00:00,1758,3
2024-05-10 00:14:33.517705+00:00,1143,19
2024-05-10 00:14:33.587733+00:00,1401,2
2024-05-10 00:14:33.651908+00:00,1417,20
2024-05-10 00:14:33.766885+00:00,1217,2
2024-05-10 00:14:33.767007+00:00,1529,7
2024-05-10 00:14:33.773516+00:00,1317,247
2024-05-10 00:14:34.018115+00:00,1143,19
2024-05-10 00:14:34.150934+00:00,1151,15
2024-05-10 00:14:34.401481+00:00,1758,13
2024-05-10 00:14:34.507467+00:00,1574,19
2024-05-10 00:14:34.516577+00:00,1143,12
2024-05-10 00:14:34.536889+00:00,1616,29
2024-05-10 00:14:34.541174+00:00,1706,23
2024-05-10 00:14:34.651101+00:00,1766,12
2024-05-10 00:14:34.902028+00:00,1766,12
2024-05-10 00:14:35.018159+00:00,1146,1
2024-05-10 00:14:35.021632+00:00,1319,6
2024-05-10 00:14:35.266751+00:00,1146,3
2024-05-10 00:14:35.271075+00:00,1174,14
2024-05-10 00:14:35.286446+00:00,1319,2
2024-05-10 00:14:35.537225+00:00,1405,2
2024-05-10 00:14:35.586704+00:00,1514,25
2024-05-10 00:14:35.650789+00:00,1360,5
2024-05-10 00:14:35.651809+00:00,1151,13
2024-05-10 00:14:35.771874+00:00,1147,17
2024-05-10 00:14:35.848217+00:00,1514,34
2024-05-10 00:14:36.039511+00:00,1889,3
2024-05-10 00:14:36.131835+00:00,1848,32
2024-05-10 00:14:36.272608+00:00,1858,2
2024-05-10 00:14:36.336024+00:00,1514,14
2024-05-10 00:14:36.540840+00:00,1889,3
2024-05-10 00:14:37.082546+00:00,1404,4
2024-05-10 00:14:37.333799+00:00,1515,15
2024-05-10 00:14:37.335376+00:00,1028,4
2024-05-10 00:14:37.545106+00:00,1029,4
2024-05-10 00:14:37.583223+00:00,1405,1
2024-05-10 00:14:37.792799+00:00,1711,85
2024-05-10 00:14:37.793684+00:00,1030,3
2024-05-10 00:14:37.794042+00:00,1713,15
2024-05-10 00:14:38.082224+00:00,1405,4
2024-05-10 00:14:38.290408+00:00,1320,1
2024-05-10 00:14:38.333433+00:00,1408,1
2024-05-10 00:14:38.544878+00:00,1031,2
2024-05-10 00:14:38.584940+00:00,1406,1
2024-05-10 00:14:38.755614+00:00,1032,10
2024-05-10 00:14:38.788459+00:00,1407,21
2024-05-10 00:14:39.038272+00:00,1031,2
2024-05-10 00:14:39.261067+00:00,1032,26
2024-05-10 00:14:39.336815+00:00,1102,3
2024-05-10 00:14:39.510721+00:00,1032,17
2024-05-10 00:14:39.529253+00:00,1742,9
2024-05-10 00:14:39.791770+00:00,1819,12
2024-05-10 00:14:39.792148+00:00,1407,20
2024-05-10 00:14:40.387195+00:00,1295,14
2024-05-10 00:14:40.793685+00:00,1823,18
2024-05-10 00:14:41.021513+00:00,1747,8
2024-05-10 00:14:41.043633+00:00,1966,2
2024-05-10 00:14:41.593239+00:00,1959,4
2024-05-10 00:14:41.840176+00:00,1962,3
2024-05-10 00:14:41.904391+00:00,1296,4
2024-05-10 00:14:42.051780+00:00,2015,1
2024-05-10 00:14:42.142358+00:00,1097,25
2024-05-10 00:14:42.143457+00:00,1856,73
2024-05-10 00:14:42.650982+00:00,1860,7
2024-05-10 00:14:42.839396+00:00,1962,3
2024-05-10 00:14:42.840077+00:00,1519,12
2024-05-10 00:14:43.023013+00:00,1975,9
2024-05-10 00:14:43.139101+00:00,1097,52
2024-05-10 00:14:43.287563+00:00,1629,14
2024-05-10 00:14:43.521717+00:00,1747,4
2024-05-10 00:14:43.591650+00:00,1860,11
2024-05-10 00:14:43.592186+00:00,1520,3
2024-05-10 00:14:43.639760+00:00,1849,33
2024-05-10 00:14:43.780737+00:00,1748,5
2024-05-10 00:14:43.886510+00:00,1102,13
2024-05-10 00:14:43.900823+00:00,1297,8
2024-05-10 00:14:44.007461+00:00,1860,11
2024-05-10 00:14:44.085854+00:00,1521,1
2024-05-10 00:14:44.152377+00:00,1297,4
2024-05-10 00:14:44.280775+00:00,1975,9
2024-05-10 00:14:44.280881+00:00,1520,3
2024-05-10 00:14:44.340817+00:00,1521,10
2024-05-10 00:14:44.344313+00:00,1978,3
2024-05-10 00:14:44.392403+00:00,1861,10
2024-05-10 00:14:44.507319+00:00,1532,7
2024-05-10 00:14:44.637359+00:00,1513,1
2024-05-10 00:14:44.650475+00:00,1298,2
2024-05-10 00:14:44.776800+00:00,1978,3
2024-05-10 00:14:44.785205+00:00,1324,28
2024-05-10 00:14:44.891377+00:00,1849,38
2024-05-10 00:14:44.895153+00:00,1104,22
2024-05-10 00:14:44.900913+00:00,1298,10
2024-05-10 00:14:44.902024+00:00,1298,2
2024-05-10 00:14:45.027987+00:00,1748,5
2024-05-10 00:14:45.042787+00:00,1030,32
2024-05-10 00:14:45.151978+00:00,1298,2
2024-05-10 00:14:45.277450+00:00,1570,8
2024-05-10 00:14:45.345608+00:00,1959,1
2024-05-10 00:14:45.384060+00:00,1105,102
2024-05-10 00:14:45.401186+00:00,1298,2
2024-05-10 00:14:45.403250+00:00,1513,13
2024-05-10 00:14:45.531366+00:00,1975,9
2024-05-10 00:14:45.531605+00:00,1324,142
2024-05-10 00:14:45.585726+00:00,1959,13
2024-05-10 00:14:45.650497+00:00,1298,2
2024-05-10 00:14:45.769973+00:00,1975,9
2024-05-10 00:14:45.900731+00:00,1298,6
2024-05-10 00:14:45.902169+00:00,1297,4
2024-05-10 00:14:46.047170+00:00,1863,52
2024-05-10 00:14:46.294924+00:00,1823,19
2024-05-10 00:14:46.384016+00:00,1232,42
2024-05-10 00:14:46.388136+00:00,1104,124
2024-05-10 00:14:46.545621+00:00,1073,3
2024-05-10 00:14:46.772916+00:00,1577,50
2024-05-10 00:14:46.773181+00:00,1214,1
2024-05-10 00:14:46.792987+00:00,1029,35
2024-05-10 00:14:47.027868+00:00,1163,19
2024-05-10 00:14:47.037926+00:00,1328,1
2024-05-10 00:14:47.043793+00:00,1826,20
2024-05-10 00:14:47.151348+00:00,1297,4
2024-05-10 00:14:47.282781+00:00,1978,7
2024-05-10 00:14:47.290543+00:00,1826,11
2024-05-10 00:14:47.401344+00:00,1781,1
2024-05-10 00:14:47.505185+00:00,1377,1
2024-05-10 00:14:47.529007+00:00,1780,3
2024-05-10 00:14:47.538861+00:00,1031,1
2024-05-10 00:14:47.761601+00:00,1377,6
2024-05-10 00:14:47.769765+00:00,1585,105
2024-05-10 00:14:47.792720+00:00,1829,1
2024-05-10 00:14:47.794272+00:00,1031,4
2024-05-10 00:14:47.900567+00:00,1853,14
2024-05-10 00:14:48.021051+00:00,1328,1
2024-05-10 00:14:48.021240+00:00,1293,5
2024-05-10 00:14:48.021352+00:00,1780,3
2024-05-10 00:14:48.022006+00:00,1978,5
2024-05-10 00:14:48.296724+00:00,1832,20
2024-05-10 00:14:48.300367+00:00,1031,4
2024-05-10 00:14:48.400446+00:00,1298,2
2024-05-10 00:14:48.402584+00:00,1870,85
2024-05-10 00:14:48.522733+00:00,1331,15
2024-05-10 00:14:49.018122+00:00,1164,7
2024-05-10 00:14:49.024801+00:00,1980,7
2024-05-10 00:14:49.043798+00:00,1969,1
2024-05-10 00:14:49.154881+00:00,1298,2
2024-05-10 00:14:49.268694+00:00,1328,15
2024-05-10 00:14:49.293793+00:00,1832,18
2024-05-10 00:14:49.400843+00:00,1299,10
2024-05-10 00:14:49.538941+00:00,1411,4
2024-05-10 00:14:49.650645+00:00,1298,2
2024-05-10 00:14:49.790820+00:00,1412,1
2024-05-10 00:14:49.900477+00:00,1297,4
2024-05-10 00:14:49.901481+00:00,1853,18
2024-05-10 00:14:50.018836+00:00,1166,22
2024-05-10 00:14:50.024095+00:00,1297,99
2024-05-10 00:14:50.024802+00:00,1981,10
2024-05-10 00:14:50.294068+00:00,1835,14
2024-05-10 00:14:50.340041+00:00,1375,3
2024-05-10 00:14:50.587751+00:00,1375,10
2024-05-10 00:14:50.652043+00:00,1636,21
2024-05-10 00:14:50.791655+00:00,1413,65
2024-05-10 00:14:50.793767+00:00,2006,9
2024-05-10 00:14:51.092162+00:00,1407,10
2024-05-10 00:14:51.291652+00:00,1413,28
2024-05-10 00:14:51.343341+00:00,1376,1
2024-05-10 00:14:51.343817+00:00,1408,8
2024-05-10 00:14:51.387325+00:00,1106,11
2024-05-10 00:14:51.525686+00:00,1981,7
2024-05-10 00:14:51.538868+00:00,1841,8
2024-05-10 00:14:51.594354+00:00,1376,10
2024-05-10 00:14:51.595093+00:00,1407,3
2024-05-10 00:14:51.767436+00:00,1167,12
2024-05-10 00:14:51.767637+00:00,1843,7
2024-05-10 00:14:51.904020+00:00,1299,8
2024-05-10 00:14:51.906530+00:00,1853,24
2024-05-10 00:14:52.011247+00:00,1380,2
2024-05-10 00:14:52.018879+00:00,1843,5
2024-05-10 00:14:52.047918+00:00,1844,11
2024-05-10 00:14:52.091713+00:00,1408,1
2024-05-10 00:14:52.095439+00:00,1945,48
2024-05-10 00:14:52.131851+00:00,1848,33
2024-05-10 00:14:52.151599+00:00,1299,8
2024-05-10 00:14:52.266867+00:00,1168,21
2024-05-10 00:14:52.300541+00:00,1212,49
2024-05-10 00:14:52.305032+00:00,1034,248
2024-05-10 00:14:52.385179+00:00,1106,146
2024-05-10 00:14:52.400845+00:00,1300,6
2024-05-10 00:14:52.515115+00:00,1033,60
2024-05-10 00:14:52.517490+00:00,1214,1
2024-05-10 00:14:52.518182+00:00,1168,5
2024-05-10 00:14:52.541182+00:00,1844,17
2024-05-10 00:14:52.635904+00:00,1848,29
2024-05-10 00:14:52.639070+00:00,1107,25
2024-05-10 00:14:52.652604+00:00,1302,2
2024-05-10 00:14:52.891119+00:00,1848,31
2024-05-10 00:14:52.903953+00:00,1853,21
2024-05-10 00:14:53.018532+00:00,1215,7
2024-05-10 00:14:53.091697+00:00,1525,7
2024-05-10 00:14:53.266002+00:00,1033,33
2024-05-10 00:14:53.266641+00:00,1219,2
2024-05-10 00:14:53.272414+00:00,1542,155
2024-05-10 00:14:53.339699+00:00,1411,5
2024-05-10 00:14:53.381877+00:00,1848,7
2024-05-10 00:14:53.402263+00:00,1853,15
2024-05-10 00:14:53.511875+00:00,1047,9
2024-05-10 00:14:53.517982+00:00,1172,17
2024-05-10 00:14:53.537242+00:00,1844,20
2024-05-10 00:14:53.538101+00:00,1345,7
2024-05-10 00:14:53.592428+00:00,1025,9
2024-05-10 00:14:53.655087+00:00,1853,18
2024-05-10 00:14:53.843222+00:00,1385,30
2024-05-10 00:14:53.880893+00:00,1848,48
2024-05-10 00:14:54.134453+00:00,1109,20
2024-05-10 00:14:54.338787+00:00,1525,4
2024-05-10 00:14:54.340201+00:00,1950,1
2024-05-10 00:14:54.511301+00:00,1383,3
2024-05-10 00:14:54.536852+00:00,1845,1
2024-05-10 00:14:54.650397+00:00,1300,6
2024-05-10 00:14:54.650965+00:00,1299,8
2024-05-10 00:14:54.758963+00:00,1383,5
2024-05-10 00:14:54.770870+00:00,1442,56
2024-05-10 00:14:54.900520+00:00,1299,8
2024-05-10 00:14:55.019774+00:00,1331,6
2024-05-10 00:14:55.083586+00:00,1177,1
2024-05-10 00:14:55.276823+00:00,1490,7
2024-05-10 00:14:55.339947+00:00,1952,11
2024-05-10 00:14:55.537877+00:00,1097,15
2024-05-10 00:14:55.538736+00:00,1845,19
2024-05-10 00:14:55.764439+00:00,1046,15
2024-05-10 00:14:55.891012+00:00,1848,4
2024-05-10 00:14:56.039085+00:00,1845,21
2024-05-10 00:14:56.140908+00:00,1848,13
2024-05-10 00:14:56.266803+00:00,1188,15
2024-05-10 00:14:56.638673+00:00,1848,48
2024-05-10 00:14:56.656104+00:00,1299,9
2024-05-10 00:14:56.774648+00:00,1442,76
2024-05-10 00:14:56.900957+00:00,1871,7
2024-05-10 00:14:57.145539+00:00,1203,9
2024-05-10 00:14:57.153313+00:00,1515,5
2024-05-10 00:14:57.265969+00:00,1385,4
2024-05-10 00:14:57.266702+00:00,1578,3
2024-05-10 00:14:57.267502+00:00,1188,30
2024-05-10 00:14:57.397959+00:00,1721,3
2024-05-10 00:14:57.398866+00:00,1203,5
2024-05-10 00:14:57.657176+00:00,1216,1
2024-05-10 00:14:57.660523+00:00,1854,21
2024-05-10 00:14:57.767264+00:00,1988,19
2024-05-10 00:14:57.769919+00:00,1332,4
2024-05-10 00:14:57.902417+00:00,1204,7
2024-05-10 00:14:58.043590+00:00,1070,3
2024-05-10 00:14:58.287495+00:00,1994,1
2024-05-10 00:14:58.396380+00:00,1112,5
2024-05-10 00:14:58.518566+00:00,1449,18
2024-05-10 00:14:58.537084+00:00,1847,16
2024-05-10 00:14:58.650448+00:00,1217,25
2024-05-10 00:14:58.656116+00:00,1625,21
2024-05-10 00:14:58.787061+00:00,1070,139
2024-05-10 00:14:58.900549+00:00,1216,1
2024-05-10 00:14:59.003818+00:00,1383,4
2024-05-10 00:14:59.021328+00:00,1601,78
2024-05-10 00:14:59.039024+00:00,1848,16
2024-05-10 00:14:59.133981+00:00,1113,5
2024-05-10 00:14:59.266636+00:00,1688,11
2024-05-10 00:14:59.269833+00:00,1448,14
2024-05-10 00:14:59.383621+00:00,1202,4
2024-05-10 00:14:59.589834+00:00,1025,9
2024-05-10 00:14:59.634454+00:00,1112,6
2024-05-10 00:14:59.902920+00:00,1854,22
2024-05-10 00:15:00.094623+00:00,1027,4
2024-05-10 00:15:00.133977+00:00,1850,4
2024-05-10 00:15:00.152083+00:00,1216,3
2024-05-10 00:15:00.269542+00:00,1334,2
2024-05-10 00:15:00.388342+00:00,1850,15
2024-05-10 00:15:00.390467+00:00,1111,1
2024-05-10 00:15:00.507107+00:00,1993,14
2024-05-10 00:15:00.591467+00:00,1618,1
2024-05-10 00:15:00.635859+00:00,1204,6
2024-05-10 00:15:00.655754+00:00,1513,3
2024-05-10 00:15:00.793752+00:00,1849,21
2024-05-10 00:15:00.841076+00:00,1377,10
2024-05-10 00:15:01.100470+00:00,1027,3
2024-05-10 00:15:01.137221+00:00,1205,9
2024-05-10 00:15:01.152000+00:00,1218,11
2024-05-10 00:15:01.257455+00:00,1992,15
2024-05-10 00:15:01.268531+00:00,1879,3
2024-05-10 00:15:01.287938+00:00,1849,21
2024-05-10 00:15:01.392105+00:00,1723,16
2024-05-10 00:15:01.392683+00:00,1112,4
2024-05-10 00:15:01.400885+00:00,1375,3
2024-05-10 00:15:01.600801+00:00,1028,3
2024-05-10 00:15:01.639560+00:00,1723,79
2024-05-10 00:15:01.788650+00:00,1851,42
2024-05-10 00:15:02.086994+00:00,1032,3
2024-05-10 00:15:02.134513+00:00,1114,1
2024-05-10 00:15:02.389445+00:00,1114,4
2024-05-10 00:15:02.537756+00:00,1850,20
2024-05-10 00:15:02.595726+00:00,1960,88
2024-05-10 00:15:02.882253+00:00,1318,83
2024-05-10 00:15:03.008840+00:00,1037,1
2024-05-10 00:15:03.266429+00:00,1223,1
2024-05-10 00:15:03.267872+00:00,1222,1
2024-05-10 00:15:03.268014+00:00,1784,15
2024-05-10 00:15:03.279882+00:00,1427,37
2024-05-10 00:15:03.280769+00:00,1334,2
2024-05-10 00:15:03.281907+00:00,1608,6
2024-05-10 00:15:03.289448+00:00,1851,16
2024-05-10 00:15:03.400993+00:00,1513,3
2024-05-10 00:15:03.401418+00:00,1854,20
2024-05-10 00:15:03.506062+00:00,1992,15
2024-05-10 00:15:03.516520+00:00,1222,2
2024-05-10 00:15:03.538478+00:00,1851,2
2024-05-10 00:15:03.791370+00:00,1852,12
2024-05-10 00:15:04.017692+00:00,1228,1
2024-05-10 00:15:04.025356+00:00,1608,6
2024-05-10 00:15:04.401317+00:00,1853,18
2024-05-10 00:15:04.511039+00:00,1993,14
2024-05-10 00:15:04.637686+00:00,1736,53
2024-05-10 00:15:04.786823+00:00,1853,14
2024-05-10 00:15:04.833524+00:00,1690,229
2024-05-10 00:15:05.002610+00:00,1060,1
2024-05-10 00:15:05.005480+00:00,1504,8
2024-05-10 00:15:05.026669+00:00,1522,87
2024-05-10 00:15:05.037045+00:00,1853,2
2024-05-10 00:15:05.153404+00:00,1220,18
2024-05-10 00:15:05.287555+00:00,1854,14
2024-05-10 00:15:05.636369+00:00,1117,108
2024-05-10 00:15:05.883331+00:00,1204,6
2024-05-10 00:15:05.901386+00:00,1221,18
2024-05-10 00:15:05.906173+00:00,1852,19
2024-05-10 00:15:06.038224+00:00,1320,2
2024-05-10 00:15:06.152799+00:00,1637,1
2024-05-10 00:15:06.288235+00:00,1320,11
2024-05-10 00:15:06.537685+00:00,1856,3
2024-05-10 00:15:06.538114+00:00,1225,44
2024-05-10 00:15:06.651172+00:00,1220,18
2024-05-10 00:15:06.771229+00:00,1737,1
2024-05-10 00:15:07.002691+00:00,1062,1
2024-05-10 00:15:07.038109+00:00,1966,3
2024-05-10 00:15:07.253793+00:00,1387,4
2024-05-10 00:15:07.287824+00:00,1102,18
2024-05-10 00:15:07.288010+00:00,1225,52
2024-05-10 00:15:07.503538+00:00,1389,4
2024-05-10 00:15:07.537728+00:00,1229,11
2024-05-10 00:15:07.651630+00:00,1220,62
2024-05-10 00:15:07.775058+00:00,1337,1
2024-05-10 00:15:07.787705+00:00,1319,11
2024-05-10 00:15:07.788203+00:00,1968,1
2024-05-10 00:15:08.286484+00:00,1968,3
2024-05-10 00:15:08.536628+00:00,1859,15
2024-05-10 00:15:08.536717+00:00,1103,19
2024-05-10 00:15:08.769070+00:00,1337,7
2024-05-10 00:15:08.769665+00:00,1607,6
2024-05-10 00:15:08.786705+00:00,1968,3
2024-05-10 00:15:09.082260+00:00,1375,3
2024-05-10 00:15:09.332601+00:00,1376,8
2024-05-10 00:15:09.761720+00:00,1843,1
2024-05-10 00:15:09.762051+00:00,2024,2
2024-05-10 00:15:09.769708+00:00,1337,196
2024-05-10 00:15:10.260370+00:00,1843,21
2024-05-10 00:15:10.267973+00:00,1608,6
2024-05-10 00:15:10.286556+00:00,1229,96
2024-05-10 00:15:10.583872+00:00,1379,8
2024-05-10 00:15:10.885836+00:00,1206,8
2024-05-10 00:15:10.900187+00:00,1515,1
2024-05-10 00:15:11.027027+00:00,1445,103
2024-05-10 00:15:11.039774+00:00,1744,17
2024-05-10 00:15:11.385737+00:00,1206,8
2024-05-10 00:15:11.631534+00:00,1122,100
2024-05-10 00:15:11.652322+00:00,1515,10
2024-05-10 00:15:11.759534+00:00,1392,3
2024-05-10 00:15:11.832582+00:00,1408,3
2024-05-10 00:15:12.007660+00:00,1394,3
2024-05-10 00:15:12.039227+00:00,1745,276
2024-05-10 00:15:12.254239+00:00,1994,3
2024-05-10 00:15:12.508952+00:00,1993,3
2024-05-10 00:15:12.588751+00:00,1962,1
2024-05-10 00:15:12.589423+00:00,1962,2
2024-05-10 00:15:12.755303+00:00,1394,9
2024-05-10 00:15:12.786880+00:00,1970,5
2024-05-10 00:15:12.787444+00:00,1861,14
2024-05-10 00:15:12.885215+00:00,1759,17
2024-05-10 00:15:13.042864+00:00,1861,16
2024-05-10 00:15:13.286584+00:00,1536,17
2024-05-10 00:15:13.332345+00:00,1376,8
2024-05-10 00:15:13.334360+00:00,1046,3
2024-05-10 00:15:13.388366+00:00,1208,12
2024-05-10 00:15:13.402036+00:00,1427,6
2024-05-10 00:15:14.018828+00:00,1594,2
2024-05-10 00:15:14.084152+00:00,1411,3
2024-05-10 00:15:14.133377+00:00,1207,1
2024-05-10 00:15:14.152949+00:00,1517,8
2024-05-10 00:15:14.288000+00:00,1971,3
2024-05-10 00:15:14.504167+00:00,1456,1
2024-05-10 00:15:14.525308+00:00,1536,57
2024-05-10 00:15:14.526414+00:00,1609,6
2024-05-10 00:15:14.583896+00:00,1383,36
2024-05-10 00:15:14.584452+00:00,1411,3
2024-05-10 00:15:14.631868+00:00,1208,15
2024-05-10 00:15:14.769825+00:00,1610,2
2024-05-10 00:15:14.789414+00:00,1861,3
2024-05-10 00:15:14.901435+00:00,1853,1
2024-05-10 00:15:14.901909+00:00,1431,2
2024-05-10 00:15:15.043742+00:00,1972,2
2024-05-10 00:15:15.082272+00:00,1412,4
2024-05-10 00:15:15.132817+00:00,1392,26
2024-05-10 00:15:15.152844+00:00,1853,16
2024-05-10 00:15:15.273373+00:00,1855,19
2024-05-10 00:15:15.287520+00:00,1861,13
2024-05-10 00:15:15.332704+00:00,1415,2
2024-05-10 00:15:15.401023+00:00,1431,4
2024-05-10 00:15:15.538849+00:00,1538,5
2024-05-10 00:15:15.540127+00:00,1610,13
2024-05-10 00:15:15.772505+00:00,1855,99
2024-05-10 00:15:15.778612+00:00,1538,16
2024-05-10 00:15:15.888105+00:00,1541,18
2024-05-10 00:15:16.042352+00:00,1862,16
2024-05-10 00:15:16.139528+00:00,1541,19
2024-05-10 00:15:16.139847+00:00,1209,9
2024-05-10 00:15:16.152249+00:00,1854,2
2024-05-10 00:15:16.269375+00:00,1538,4
2024-05-10 00:15:16.524443+00:00,1342,2
2024-05-10 00:15:16.545618+00:00,1863,13
2024-05-10 00:15:16.650896+00:00,1400,16
2024-05-10 00:15:16.653115+00:00,1853,9
2024-05-10 00:15:16.758283+00:00,1692,13
2024-05-10 00:15:17.009678+00:00,1840,52
2024-05-10 00:15:17.036623+00:00,1343,49
2024-05-10 00:15:17.140299+00:00,1406,26
2024-05-10 00:15:17.143012+00:00,1141,2
2024-05-10 00:15:17.143666+00:00,1209,9
2024-05-10 00:15:17.292635+00:00,1862,14
2024-05-10 00:15:17.333228+00:00,1383,36
2024-05-10 00:15:17.400590+00:00,1300,4
2024-05-10 00:15:17.513836+00:00,1691,18
2024-05-10 00:15:17.532989+00:00,1736,3
2024-05-10 00:15:17.651292+00:00,1782,17
2024-05-10 00:15:17.654782+00:00,1433,1
2024-05-10 00:15:17.772097+00:00,1714,70
2024-05-10 00:15:17.831943+00:00,1392,1
2024-05-10 00:15:17.891643+00:00,1138,5
2024-05-10 00:15:17.901304+00:00,1301,30
2024-05-10 00:15:17.901805+00:00,1300,4
2024-05-10 00:15:18.023271+00:00,1862,103
2024-05-10 00:15:18.082753+00:00,1959,10
2024-05-10 00:15:18.141668+00:00,1848,33
2024-05-10 00:15:18.144953+00:00,1875,49
2024-05-10 00:15:18.295488+00:00,1862,11
2024-05-10 00:15:18.520160+00:00,1347,5
2024-05-10 00:15:18.633955+00:00,1209,9
2024-05-10 00:15:18.652789+00:00,1299,9
2024-05-10 00:15:18.882041+00:00,1420,25
2024-05-10 00:15:18.905295+00:00,1400,14
2024-05-10 00:15:19.136810+00:00,1631,15
2024-05-10 00:15:19.270912+00:00,1864,46
2024-05-10 00:15:19.652394+00:00,1400,13
2024-05-10 00:15:19.773986+00:00,1864,115
2024-05-10 00:15:19.791475+00:00,1862,17
2024-05-10 00:15:20.043168+00:00,1975,1
2024-05-10 00:15:20.132381+00:00,1848,16
2024-05-10 00:15:20.152739+00:00,1301,19
2024-05-10 00:15:20.154039+00:00,1301,8
2024-05-10 00:15:20.158601+00:00,1400,13
2024-05-10 00:15:20.291113+00:00,1746,49
2024-05-10 00:15:20.383361+00:00,1434,26
2024-05-10 00:15:20.401071+00:00,1301,8
2024-05-10 00:15:20.401698+00:00,1301,8
2024-05-10 00:15:20.524971+00:00,1547,4
2024-05-10 00:15:20.539334+00:00,1975,1
2024-05-10 00:15:20.792348+00:00,1976,2
2024-05-10 00:15:20.832207+00:00,1603,3
2024-05-10 00:15:20.881551+00:00,1848,1
2024-05-10 00:15:20.885159+00:00,1139,1
2024-05-10 00:15:21.044051+00:00,1746,160
2024-05-10 00:15:21.131815+00:00,1848,12
2024-05-10 00:15:21.258446+00:00,1695,13
2024-05-10 00:15:21.293315+00:00,1975,1
2024-05-10 00:15:21.333618+00:00,1603,9
2024-05-10 00:15:21.389615+00:00,1848,22
2024-05-10 00:15:21.400766+00:00,1301,8
2024-05-10 00:15:21.402821+00:00,1400,13
2024-05-10 00:15:21.533334+00:00,1312,49
2024-05-10 00:15:21.583466+00:00,1960,51
2024-05-10 00:15:21.650292+00:00,1301,8
2024-05-10 00:15:21.882225+00:00,1448,26
2024-05-10 00:15:21.904013+00:00,1301,8
2024-05-10 00:15:21.905186+00:00,1301,8
2024-05-10 00:15:22.132316+00:00,1140,1
2024-05-10 00:15:22.276731+00:00,1446,111
2024-05-10 00:15:22.277423+00:00,1697,13
2024-05-10 00:15:22.333771+00:00,1960,87
2024-05-10 00:15:22.401080+00:00,1302,8
2024-05-10 00:15:22.403142+00:00,1400,14
2024-05-10 00:15:22.632953+00:00,1140,17
2024-05-10 00:15:22.651150+00:00,1302,8
2024-05-10 00:15:22.900408+00:00,1302,8
2024-05-10 00:15:22.901295+00:00,1302,9
2024-05-10 00:15:22.902309+00:00,1302,8
2024-05-10 00:15:23.036201+00:00,1314,2
2024-05-10 00:15:23.083096+00:00,1044,7
2024-05-10 00:15:23.332117+00:00,1047,1
2024-05-10 00:15:23.382952+00:00,1462,25
2024-05-10 00:15:23.386790+00:00,1141,6
2024-05-10 00:15:23.401136+00:00,1302,8
2024-05-10 00:15:23.523734+00:00,1865,22
2024-05-10 00:15:23.630730+00:00,1853,116
2024-05-10 00:15:23.650832+00:00,1302,9
2024-05-10 00:15:23.651474+00:00,1302,8
2024-05-10 00:15:23.652093+00:00,1302,8
2024-05-10 00:15:23.774124+00:00,1314,102
2024-05-10 00:15:23.833211+00:00,1048,58
2024-05-10 00:15:23.881806+00:00,1855,15
2024-05-10 00:15:23.884020+00:00,1143,6
2024-05-10 00:15:23.900769+00:00,1302,8
2024-05-10 00:15:24.025256+00:00,1867,39
2024-05-10 00:15:24.384138+00:00,1858,31
2024-05-10 00:15:24.400567+00:00,1303,12
2024-05-10 00:15:24.525739+00:00,1955,10
2024-05-10 00:15:24.632105+00:00,1867,18
2024-05-10 00:15:24.636049+00:00,1143,6
2024-05-10 00:15:24.756850+00:00,1524,3
2024-05-10 00:15:24.786859+00:00,1864,23
2024-05-10 00:15:24.882469+00:00,1858,31
2024-05-10 00:15:24.882995+00:00,1476,25
2024-05-10 00:15:24.901046+00:00,1302,8
2024-05-10 00:15:25.160526+00:00,1622,15
2024-05-10 00:15:25.274452+00:00,1319,55
2024-05-10 00:15:25.289947+00:00,1748,136
2024-05-10 00:15:25.333020+00:00,1048,43
2024-05-10 00:15:25.530952+00:00,1701,127
2024-05-10 00:15:25.632777+00:00,1145,4
2024-05-10 00:15:25.787749+00:00,1864,22
2024-05-10 00:15:25.839252+00:00,1154,20
2024-05-10 00:15:25.882786+00:00,1208,10
2024-05-10 00:15:26.270358+00:00,1449,5
2024-05-10 00:15:26.335120+00:00,1053,14
2024-05-10 00:15:26.383310+00:00,1860,2
2024-05-10 00:15:26.630895+00:00,1490,27
2024-05-10 00:15:26.651611+00:00,1876,2
2024-05-10 00:15:26.766519+00:00,1739,5
2024-05-10 00:15:27.002453+00:00,1985,1
2024-05-10 00:15:27.018284+00:00,1868,64
2024-05-10 00:15:27.018867+00:00,1531,9
2024-05-10 00:15:27.025406+00:00,1451,9
2024-05-10 00:15:27.037770+00:00,1974,4
2024-05-10 00:15:27.087894+00:00,1050,3
2024-05-10 00:15:27.252505+00:00,2024,3
2024-05-10 00:15:27.406631+00:00,1306,9
2024-05-10 00:15:27.502605+00:00,1542,4
2024-05-10 00:15:27.537239+00:00,1864,7
2024-05-10 00:15:28.003083+00:00,1982,4
2024-05-10 00:15:28.018428+00:00,1871,1
2024-05-10 00:15:28.025702+00:00,1452,11
2024-05-10 00:15:28.131424+00:00,1829,12
2024-05-10 00:15:28.131716+00:00,1504,26
2024-05-10 00:15:28.266478+00:00,1533,7
2024-05-10 00:15:28.517219+00:00,1531,9
2024-05-10 00:15:28.588911+00:00,1160,10
2024-05-10 00:15:28.631985+00:00,1841,18
2024-05-10 00:15:28.754544+00:00,1983,3
2024-05-10 00:15:28.766658+00:00,1871,11
2024-05-10 00:15:28.798384+00:00,1864,7
2024-05-10 00:15:28.840703+00:00,1452,12
2024-05-10 00:15:29.004816+00:00,1983,1
2024-05-10 00:15:29.017618+00:00,1531,9
2024-05-10 00:15:29.024800+00:00,1316,94
2024-05-10 00:15:29.267832+00:00,1872,8
2024-05-10 00:15:29.293997+00:00,1434,3
2024-05-10 00:15:29.294449+00:00,1036,3
2024-05-10 00:15:29.382212+00:00,1195,8
2024-05-10 00:15:29.538361+00:00,1434,3
2024-05-10 00:15:29.755084+00:00,1542,4
2024-05-10 00:15:29.755470+00:00,1984,4
2024-05-10 00:15:29.766469+00:00,1531,9
2024-05-10 00:15:30.018536+00:00,1873,11
2024-05-10 00:15:30.252886+00:00,1870,5
2024-05-10 00:15:30.521401+00:00,1319,10
2024-05-10 00:15:30.522173+00:00,1703,258
2024-05-10 00:15:30.833981+00:00,1908,9
2024-05-10 00:15:31.017470+00:00,1875,15
2024-05-10 00:15:31.409579+00:00,1183,26
2024-05-10 00:15:31.516870+00:00,1875,15
2024-05-10 00:15:31.660974+00:00,1183,31
2024-05-10 00:15:31.756126+00:00,1810,33
2024-05-10 00:15:31.800462+00:00,2030,6
2024-05-10 00:15:31.836063+00:00,1053,5
2024-05-10 00:15:32.016869+00:00,1874,16
2024-05-10 00:15:32.269971+00:00,1319,8
2024-05-10 00:15:32.301506+00:00,1444,24
2024-05-10 00:15:32.333362+00:00,1910,18
2024-05-10 00:15:32.383028+00:00,1025,21
2024-05-10 00:15:32.412279+00:00,1183,17
2024-05-10 00:15:32.520017+00:00,1703,320
2024-05-10 00:15:32.767995+00:00,1873,11
2024-05-10 00:15:32.776250+00:00,1320,2
2024-05-10 00:15:33.021501+00:00,1706,6
2024-05-10 00:15:33.267046+00:00,1536,5
2024-05-10 00:15:33.772019+00:00,1320,82
2024-05-10 00:15:33.833627+00:00,1911,8
2024-05-10 00:15:34.004460+00:00,1987,5
2024-05-10 00:15:34.043088+00:00,1988,2
2024-05-10 00:15:34.252606+00:00,1987,2
2024-05-10 00:15:34.266673+00:00,1964,3
2024-05-10 00:15:34.657280+00:00,1279,3
2024-05-10 00:15:34.753924+00:00,1810,24
2024-05-10 00:15:35.082264+00:00,1656,9
2024-05-10 00:15:35.266524+00:00,1883,91
2024-05-10 00:15:35.655862+00:00,1281,6
2024-05-10 00:15:35.767111+00:00,1558,1
2024-05-10 00:15:35.889901+00:00,1084,67
2024-05-10 00:15:35.906437+00:00,1283,16
2024-05-10 00:15:36.042768+00:00,2034,6
2024-05-10 00:15:36.267348+00:00,1968,15
2024-05-10 00:15:36.518206+00:00,1321,5
2024-05-10 00:15:37.082719+00:00,1658,6
2024-05-10 00:15:37.139153+00:00,1155,9
2024-05-10 00:15:37.390849+00:00,1026,19
2024-05-10 00:15:37.641831+00:00,1260,3
2024-05-10 00:15:37.645283+00:00,1069,61
2024-05-10 00:15:37.770104+00:00,1711,296
2024-05-10 00:15:37.792390+00:00,1035,9
2024-05-10 00:15:38.082365+00:00,1722,3
2024-05-10 00:15:38.134068+00:00,1160,7
2024-05-10 00:15:38.252927+00:00,1988,4
2024-05-10 00:15:38.412799+00:00,1205,57
2024-05-10 00:15:38.547281+00:00,1865,19
2024-05-10 00:15:38.634783+00:00,1261,4
2024-05-10 00:15:38.756359+00:00,1986,15
2024-05-10 00:15:39.256094+00:00,1985,14
2024-05-10 00:15:39.333220+00:00,1903,5
2024-05-10 00:15:40.045422+00:00,2037,5
2024-05-10 00:15:40.295255+00:00,1040,4
2024-05-10 00:15:40.387378+00:00,1166,42
2024-05-10 00:15:40.519340+00:00,1321,5
2024-05-10 00:15:40.586213+00:00,1906,2
2024-05-10 00:15:40.638535+00:00,1197,8
2024-05-10 00:15:40.665015+00:00,1216,48
2024-05-10 00:15:40.762966+00:00,1813,4
2024-05-10 00:15:40.774049+00:00,1717,31
2024-05-10 00:15:41.043405+00:00,1864,16
2024-05-10 00:15:41.273020+00:00,1717,59
2024-05-10 00:15:41.294489+00:00,1040,4
2024-05-10 00:15:41.386548+00:00,1156,3
2024-05-10 00:15:41.542649+00:00,1864,17
2024-05-10 00:15:41.891127+00:00,1027,4
2024-05-10 00:15:42.005178+00:00,1986,1
2024-05-10 00:15:42.257686+00:00,1542,1
2024-05-10 00:15:42.259159+00:00,1986,17
2024-05-10 00:15:42.388695+00:00,1028,2
2024-05-10 00:15:42.391331+00:00,1157,2
2024-05-10 00:15:42.517283+00:00,1478,5
2024-05-10 00:15:42.658030+00:00,1228,53
2024-05-10 00:15:42.761811+00:00,1066,22
2024-05-10 00:15:42.890053+00:00,1027,15
2024-05-10 00:15:42.891412+00:00,1124,14
2024-05-10 00:15:42.894243+00:00,1197,7
2024-05-10 00:15:43.047996+00:00,1040,2
2024-05-10 00:15:43.508622+00:00,1897,63
2024-05-10 00:15:43.511199+00:00,1990,11
2024-05-10 00:15:43.641889+00:00,1027,15
2024-05-10 00:15:43.646028+00:00,1198,6
2024-05-10 00:15:43.757541+00:00,2004,41
2024-05-10 00:15:43.773795+00:00,1720,2
2024-05-10 00:15:43.890677+00:00,1262,4
2024-05-10 00:15:44.004706+00:00,1814,3
2024-05-10 00:15:44.045179+00:00,1040,4
2024-05-10 00:15:44.293403+00:00,1040,1
2024-05-10 00:15:44.335699+00:00,1062,1
2024-05-10 00:15:44.661545+00:00,1239,51
2024-05-10 00:15:44.775645+00:00,1719,2
2024-05-10 00:15:45.019031+00:00,1481,15
2024-05-10 00:15:45.024055+00:00,1719,2
2024-05-10 00:15:45.132963+00:00,1029,16
2024-05-10 00:15:45.640607+00:00,1085,9
2024-05-10 00:15:45.766073+00:00,1990,3
2024-05-10 00:15:46.146394+00:00,1200,19
2024-05-10 00:15:46.332914+00:00,1919,9
2024-05-10 00:15:46.335496+00:00,1063,4
2024-05-10 00:15:46.417186+00:00,1250,49
2024-05-10 00:15:46.514627+00:00,1868,36
2024-05-10 00:15:46.758215+00:00,1566,3
2024-05-10 00:15:46.840689+00:00,1063,3
2024-05-10 00:15:46.891532+00:00,1028,13
2024-05-10 00:15:47.542061+00:00,1395,12
2024-05-10 00:15:47.587361+00:00,1921,10
2024-05-10 00:15:47.588964+00:00,1064,2
2024-05-10 00:15:48.007153+00:00,1505,1
2024-05-10 00:15:48.086848+00:00,1922,14
2024-05-10 00:15:48.165446+00:00,1262,51
2024-05-10 00:15:48.295394+00:00,1220,33
2024-05-10 00:15:48.659857+00:00,1701,30
2024-05-10 00:15:48.884754+00:00,1181,11
2024-05-10 00:15:49.159808+00:00,1853,1
2024-05-10 00:15:49.757346+00:00,2003,9
2024-05-10 00:15:49.771742+00:00,1347,27
2024-05-10 00:15:49.916908+00:00,1273,53
2024-05-10 00:15:50.519078+00:00,1542,11
2024-05-10 00:15:50.551373+00:00,1223,39
2024-05-10 00:15:50.642934+00:00,1123,5
2024-05-10 00:15:50.758998+00:00,1243,17
2024-05-10 00:15:50.892108+00:00,1027,15
2024-05-10 00:15:50.893463+00:00,1844,6
2024-05-10 00:15:50.897815+00:00,1211,8
2024-05-10 00:15:50.900564+00:00,1303,3
2024-05-10 00:15:51.019886+00:00,1347,24
2024-05-10 00:15:51.138025+00:00,1152,1
2024-05-10 00:15:51.138515+00:00,1123,20
2024-05-10 00:15:51.388283+00:00,1175,1
2024-05-10 00:15:51.538606+00:00,1221,1
2024-05-10 00:15:51.795587+00:00,1221,33
2024-05-10 00:15:51.905136+00:00,1284,51
2024-05-10 00:15:52.388389+00:00,1063,7
2024-05-10 00:15:52.547806+00:00,1743,37
2024-05-10 00:15:52.640846+00:00,1029,17
2024-05-10 00:15:53.138690+00:00,1176,9
2024-05-10 00:15:53.293990+00:00,1742,15
2024-05-10 00:15:53.385350+00:00,1152,4
2024-05-10 00:15:53.537438+00:00,2016,1
2024-05-10 00:15:53.768799+00:00,1319,45
2024-05-10 00:15:53.886322+00:00,1030,13
2024-05-10 00:15:54.540514+00:00,1988,5
2024-05-10 00:15:54.637904+00:00,1030,11
2024-05-10 00:15:54.651413+00:00,1295,49
2024-05-10 00:15:54.753637+00:00,1647,4
2024-05-10 00:15:54.887566+00:00,1152,6
2024-05-10 00:15:55.387514+00:00,1031,13
2024-05-10 00:15:55.635833+00:00,1160,5
2024-05-10 00:15:56.002424+00:00,1879,1
2024-05-10 00:15:56.139392+00:00,1067,186
2024-05-10 00:15:56.502507+00:00,1879,1
2024-05-10 00:15:56.518803+00:00,1493,7
2024-05-10 00:15:56.833769+00:00,1058,9
2024-05-10 00:15:57.021792+00:00,1228,10
2024-05-10 00:15:57.085220+00:00,2021,1
2024-05-10 00:15:57.086337+00:00,1058,1
2024-05-10 00:15:57.143340+00:00,1168,3
2024-05-10 00:15:57.162884+00:00,1306,51
2024-05-10 00:15:57.336411+00:00,2021,6
2024-05-10 00:15:57.536722+00:00,2016,1
2024-05-10 00:15:57.640058+00:00,1067,418
2024-05-10 00:15:57.755198+00:00,1879,132
2024-05-10 00:15:57.787200+00:00,1747,10
2024-05-10 00:15:57.885504+00:00,1122,168
2024-05-10 00:15:58.004786+00:00,1527,13
2024-05-10 00:15:58.138629+00:00,1216,3
2024-05-10 00:15:58.271095+00:00,1494,1
2024-05-10 00:15:58.271181+00:00,1230,7
2024-05-10 00:15:58.503087+00:00,1916,13
2024-05-10 00:15:58.634978+00:00,1172,42
2024-05-10 00:15:59.002521+00:00,1527,1
2024-05-10 00:15:59.278375+00:00,1232,94
2024-05-10 00:15:59.894514+00:00,1032,29
2024-05-10 00:16:00.253902+00:00,1649,5
2024-05-10 00:16:00.255549+00:00,1527,13
2024-05-10 00:16:00.287311+00:00,1038,3
2024-05-10 00:16:00.587124+00:00,1824,2
2024-05-10 00:16:01.022241+00:00,1497,5
2024-05-10 00:16:01.272749+00:00,1471,5
2024-05-10 00:16:01.383070+00:00,1218,6
2024-05-10 00:16:01.761092+00:00,1081,9
2024-05-10 00:16:03.023384+00:00,1719,3
2024-05-10 00:16:03.159692+00:00,1024,59
2024-05-10 00:16:03.279162+00:00,1165,2
2024-05-10 00:16:03.387388+00:00,1034,67
2024-05-10 00:16:03.508970+00:00,1538,6
2024-05-10 00:16:03.637702+00:00,1216,3
2024-05-10 00:16:03.769719+00:00,1474,9
2024-05-10 00:16:03.886773+00:00,1034,8
2024-05-10 00:16:04.295960+00:00,1755,16
2024-05-10 00:16:04.389024+00:00,1181,4
2024-05-10 00:16:04.416628+00:00,1361,4
2024-05-10 00:16:04.639661+00:00,1125,87
2024-05-10 00:16:04.642472+00:00,1216,3
2024-05-10 00:16:04.642588+00:00,1720,7
2024-05-10 00:16:05.386750+00:00,1216,3
2024-05-10 00:16:05.631911+00:00,1035,126
2024-05-10 00:16:05.651326+00:00,1074,9
2024-05-10 00:16:05.774811+00:00,1520,225
2024-05-10 00:16:06.027677+00:00,1326,28
2024-05-10 00:16:06.261506+00:00,1990,20
2024-05-10 00:16:06.630927+00:00,1215,1
2024-05-10 00:16:06.882088+00:00,1215,4
2024-05-10 00:16:07.131198+00:00,1867,1
2024-05-10 00:16:07.154974+00:00,2023,15
2024-05-10 00:16:07.259992+00:00,1484,8
2024-05-10 00:16:07.289927+00:00,1099,3
2024-05-10 00:16:07.400475+00:00,1076,1
2024-05-10 00:16:07.637115+00:00,1721,131
2024-05-10 00:16:07.757995+00:00,1484,8
2024-05-10 00:16:07.795725+00:00,1099,3
2024-05-10 00:16:07.832140+00:00,1962,2
2024-05-10 00:16:07.881307+00:00,1036,86
2024-05-10 00:16:07.886130+00:00,1183,2
2024-05-10 00:16:08.158470+00:00,1077,11
2024-05-10 00:16:08.409734+00:00,1432,40
2024-05-10 00:16:08.546471+00:00,1221,1
2024-05-10 00:16:08.636759+00:00,1213,6
2024-05-10 00:16:08.652890+00:00,1024,21
2024-05-10 00:16:08.765194+00:00,1057,4
2024-05-10 00:16:09.021432+00:00,1550,3
2024-05-10 00:16:09.175792+00:00,1491,99
2024-05-10 00:16:09.260887+00:00,1899,2
2024-05-10 00:16:09.383530+00:00,1037,16
2024-05-10 00:16:09.406460+00:00,1026,12
2024-05-10 00:16:09.520237+00:00,1550,3
2024-05-10 00:16:09.542031+00:00,1313,19
2024-05-10 00:16:09.631010+00:00,1214,5
2024-05-10 00:16:09.766984+00:00,1889,5
2024-05-10 00:16:09.910762+00:00,1027,21
2024-05-10 00:16:09.912806+00:00,1077,9
2024-05-10 00:16:10.010111+00:00,1880,16
2024-05-10 00:16:10.010911+00:00,1484,14
2024-05-10 00:16:10.021878+00:00,1333,1
2024-05-10 00:16:10.257474+00:00,1899,2
2024-05-10 00:16:10.258187+00:00,1060,9
2024-05-10 00:16:10.298164+00:00,1668,10
2024-05-10 00:16:10.402220+00:00,1077,1
2024-05-10 00:16:10.540605+00:00,1316,10
2024-05-10 00:16:10.653409+00:00,1077,9
2024-05-10 00:16:10.882771+00:00,1633,6
2024-05-10 00:16:11.021058+00:00,1551,4
2024-05-10 00:16:11.269165+00:00,1333,334
2024-05-10 00:16:11.382010+00:00,1726,9
2024-05-10 00:16:11.547441+00:00,1681,10
2024-05-10 00:16:11.662210+00:00,1029,8
2024-05-10 00:16:11.664967+00:00,1428,37
2024-05-10 00:16:11.764960+00:00,1845,4
2024-05-10 00:16:11.880976+00:00,1037,3
2024-05-10 00:16:12.019002+00:00,1238,22
2024-05-10 00:16:12.131952+00:00,1739,47
2024-05-10 00:16:12.333721+00:00,1470,12
2024-05-10 00:16:12.405280+00:00,1078,9
2024-05-10 00:16:12.656194+00:00,1078,2
2024-05-10 00:16:12.792976+00:00,1271,27
2024-05-10 00:16:12.905560+00:00,1078,10
2024-05-10 00:16:13.271724+00:00,1333,388
2024-05-10 00:16:13.333126+00:00,1471,7
2024-05-10 00:16:13.382357+00:00,1634,12
2024-05-10 00:16:13.512251+00:00,1062,4
2024-05-10 00:16:13.515806+00:00,1474,4
2024-05-10 00:16:13.631452+00:00,1213,6
2024-05-10 00:16:13.769935+00:00,1554,1
2024-05-10 00:16:13.771158+00:00,1333,265
2024-05-10 00:16:13.882005+00:00,1633,6
2024-05-10 00:16:14.150972+00:00,1033,5
2024-05-10 00:16:14.288255+00:00,1769,17
2024-05-10 00:16:14.402323+00:00,1081,10
2024-05-10 00:16:14.583187+00:00,1472,1
2024-05-10 00:16:14.832405+00:00,1472,1
2024-05-10 00:16:14.884288+00:00,1213,6
2024-05-10 00:16:15.082430+00:00,1472,6
2024-05-10 00:16:15.130939+00:00,1039,1
2024-05-10 00:16:15.545915+00:00,1295,27
2024-05-10 00:16:15.631353+00:00,1039,7
2024-05-10 00:16:15.883557+00:00,1160,5
2024-05-10 00:16:16.154132+00:00,1081,1
2024-05-10 00:16:16.333353+00:00,1472,6
2024-05-10 00:16:16.383336+00:00,1848,19
2024-05-10 00:16:16.386801+00:00,1161,65
2024-05-10 00:16:16.401185+00:00,2021,15
2024-05-10 00:16:16.404223+00:00,1081,11
2024-05-10 00:16:16.509188+00:00,1847,41
2024-05-10 00:16:16.551821+00:00,1714,10
2024-05-10 00:16:16.650911+00:00,1034,8
2024-05-10 00:16:16.653500+00:00,1081,4
2024-05-10 00:16:16.769829+00:00,1335,710
2024-05-10 00:16:16.790543+00:00,1319,226
2024-05-10 00:16:16.832657+00:00,1472,6
2024-05-10 00:16:17.022109+00:00,1891,1
2024-05-10 00:16:17.025208+00:00,1337,1
2024-05-10 00:16:17.333831+00:00,1528,1
2024-05-10 00:16:17.405851+00:00,1081,14
2024-05-10 00:16:17.774938+00:00,1258,1
2024-05-10 00:16:17.831920+00:00,1471,7
2024-05-10 00:16:18.025362+00:00,1965,43
2024-05-10 00:16:18.082516+00:00,1528,1
2024-05-10 00:16:18.083168+00:00,1471,11
2024-05-10 00:16:18.131928+00:00,1864,3
2024-05-10 00:16:18.260195+00:00,1849,3
2024-05-10 00:16:18.273734+00:00,1891,1
2024-05-10 00:16:18.278581+00:00,1338,244
2024-05-10 00:16:18.332201+00:00,1528,1
2024-05-10 00:16:18.547249+00:00,1683,5
2024-05-10 00:16:18.583450+00:00,1528,5
2024-05-10 00:16:18.631684+00:00,1863,15
2024-05-10 00:16:19.083087+00:00,1529,4
2024-05-10 00:16:19.281382+00:00,1340,14
2024-05-10 00:16:19.295294+00:00,1103,1
2024-05-10 00:16:19.652311+00:00,1851,9
2024-05-10 00:16:19.768858+00:00,1340,1
2024-05-10 00:16:19.832229+00:00,1530,3
2024-05-10 00:16:20.024345+00:00,1340,14
2024-05-10 00:16:20.338622+00:00,1584,5
2024-05-10 00:16:20.541665+00:00,1584,5
2024-05-10 00:16:20.880758+00:00,1153,1
2024-05-10 00:16:20.881883+00:00,1155,6
2024-05-10 00:16:21.005675+00:00,1483,9
2024-05-10 00:16:21.028793+00:00,1341,1
2024-05-10 00:16:21.520993+00:00,1891,15
2024-05-10 00:16:22.267555+00:00,1082,39
2024-05-10 00:16:22.831849+00:00,1472,1
2024-05-10 00:16:23.254558+00:00,1857,8
2024-05-10 00:16:24.333139+00:00,1473,4
2024-05-10 00:16:24.383701+00:00,1864,51
2024-05-10 00:16:24.767112+00:00,1253,2
2024-05-10 00:16:24.774795+00:00,1342,1
2024-05-10 00:16:24.787175+00:00,1773,7
2024-05-10 00:16:24.881080+00:00,1636,2
2024-05-10 00:16:24.881643+00:00,1181,9
2024-05-10 00:16:25.030886+00:00,1342,11
2024-05-10 00:16:25.383925+00:00,1637,1
2024-05-10 00:16:25.526675+00:00,1252,1
2024-05-10 00:16:25.768285+00:00,1252,1
2024-05-10 00:16:25.905991+00:00,1034,56
2024-05-10 00:16:25.907667+00:00,1510,3
2024-05-10 00:16:26.003382+00:00,1786,12
2024-05-10 00:16:26.005418+00:00,1858,3
2024-05-10 00:16:26.025777+00:00,1619,20
2024-05-10 00:16:26.132099+00:00,1869,99
2024-05-10 00:16:26.158779+00:00,1034,36
2024-05-10 00:16:26.405174+00:00,1034,4
2024-05-10 00:16:26.630959+00:00,1871,26
2024-05-10 00:16:26.908169+00:00,1039,3
2024-05-10 00:16:27.161068+00:00,1589,53
2024-05-10 00:16:27.275342+00:00,1252,1
2024-05-10 00:16:27.340203+00:00,1533,1
2024-05-10 00:16:27.383213+00:00,1056,14
2024-05-10 00:16:27.503411+00:00,1881,16
2024-05-10 00:16:27.527548+00:00,1102,53
2024-05-10 00:16:27.753074+00:00,1861,2
2024-05-10 00:16:27.837694+00:00,1192,12
2024-05-10 00:16:27.885942+00:00,1486,17
2024-05-10 00:16:27.886188+00:00,1589,53
2024-05-10 00:16:28.038925+00:00,1116,3
2024-05-10 00:16:28.336828+00:00,1533,1
2024-05-10 00:16:28.504379+00:00,1736,9
2024-05-10 00:16:29.003065+00:00,1881,6
2024-05-10 00:16:29.021594+00:00,1898,9
2024-05-10 00:16:29.137551+00:00,1486,17
2024-05-10 00:16:29.291838+00:00,1166,9
2024-05-10 00:16:29.408145+00:00,1615,15
2024-05-10 00:16:29.586583+00:00,1540,4
2024-05-10 00:16:29.663754+00:00,1037,88
2024-05-10 00:16:29.667308+00:00,1935,4
2024-05-10 00:16:30.004204+00:00,1739,1
2024-05-10 00:16:30.005847+00:00,1739,1
2024-05-10 00:16:30.022980+00:00,1895,9
2024-05-10 00:16:30.147676+00:00,1215,26
2024-05-10 00:16:30.156549+00:00,1615,20
2024-05-10 00:16:30.278736+00:00,1546,8
2024-05-10 00:16:30.383286+00:00,1056,19
2024-05-10 00:16:30.408043+00:00,1614,3
2024-05-10 00:16:30.410713+00:00,1933,5
2024-05-10 00:16:30.503779+00:00,1739,6
2024-05-10 00:16:30.522091+00:00,1895,1
2024-05-10 00:16:30.583411+00:00,1539,30
2024-05-10 00:16:30.771992+00:00,1895,2
2024-05-10 00:16:31.005724+00:00,1493,21
2024-05-10 00:16:31.404478+00:00,1614,14
2024-05-10 00:16:31.524080+00:00,1897,1
2024-05-10 00:16:31.536860+00:00,1249,3
2024-05-10 00:16:31.633369+00:00,1488,2
2024-05-10 00:16:31.788350+00:00,1775,11
2024-05-10 00:16:32.029643+00:00,1547,9
2024-05-10 00:16:32.083531+00:00,1533,57
2024-05-10 00:16:32.287838+00:00,1046,42
2024-05-10 00:16:32.385622+00:00,1643,1
2024-05-10 00:16:32.531049+00:00,1901,1
2024-05-10 00:16:32.538426+00:00,1547,9
2024-05-10 00:16:32.756137+00:00,1032,110
2024-05-10 00:16:33.007378+00:00,1046,6
2024-05-10 00:16:33.010679+00:00,2033,7
2024-05-10 00:16:33.011204+00:00,1859,3
2024-05-10 00:16:33.253519+00:00,1886,1
2024-05-10 00:16:33.255294+00:00,2034,6
2024-05-10 00:16:33.287065+00:00,1547,8
2024-05-10 00:16:33.406802+00:00,1617,132
2024-05-10 00:16:33.754254+00:00,1048,17
2024-05-10 00:16:33.786502+00:00,1250,2
2024-05-10 00:16:34.134960+00:00,1644,6
2024-05-10 00:16:34.252536+00:00,1912,8
2024-05-10 00:16:34.253063+00:00,1886,1
2024-05-10 00:16:34.530630+00:00,1547,8
2024-05-10 00:16:34.537674+00:00,1365,1
2024-05-10 00:16:34.584061+00:00,1340,21
2024-05-10 00:16:34.887811+00:00,1142,11
2024-05-10 00:16:34.907434+00:00,1617,132
2024-05-10 00:16:35.002242+00:00,1053,12
2024-05-10 00:16:35.259899+00:00,1867,1
2024-05-10 00:16:35.274782+00:00,1877,55
2024-05-10 00:16:35.409686+00:00,2009,13
2024-05-10 00:16:35.413323+00:00,1077,48
2024-05-10 00:16:35.505888+00:00,1865,3
2024-05-10 00:16:35.531117+00:00,1547,7
2024-05-10 00:16:35.787458+00:00,1116,3
2024-05-10 00:16:36.082309+00:00,1339,12
2024-05-10 00:16:36.504770+00:00,1860,5
2024-05-10 00:16:36.639579+00:00,1654,11
2024-05-10 00:16:37.659987+00:00,1776,40
2024-05-10 00:16:37.668872+00:00,1079,8
2024-05-10 00:16:38.502749+00:00,1860,1
2024-05-10 00:16:38.537101+00:00,2031,4
2024-05-10 00:16:38.645850+00:00,1648,11
2024-05-10 00:16:38.769369+00:00,1961,44
2024-05-10 00:16:38.787905+00:00,1993,9
2024-05-10 00:16:38.906426+00:00,1080,3
2024-05-10 00:16:39.582186+00:00,1827,16
2024-05-10 00:16:39.582757+00:00,1230,4
2024-05-10 00:16:39.771320+00:00,1393,12
2024-05-10 00:16:40.157615+00:00,1076,13
2024-05-10 00:16:40.269860+00:00,1867,79
2024-05-10 00:16:40.287758+00:00,1714,12
2024-05-10 00:16:40.402977+00:00,1074,9
2024-05-10 00:16:40.891307+00:00,1891,18
2024-05-10 00:16:41.084985+00:00,1231,45
2024-05-10 00:16:41.148487+00:00,1892,19
2024-05-10 00:16:41.516457+00:00,1111,3
2024-05-10 00:16:42.137242+00:00,1657,7
2024-05-10 00:16:42.333329+00:00,1396,1
2024-05-10 00:16:42.405552+00:00,1824,11
2024-05-10 00:16:42.407203+00:00,1034,1
2024-05-10 00:16:42.787253+00:00,1715,11
2024-05-10 00:16:43.582783+00:00,1396,2
2024-05-10 00:16:44.082929+00:00,1414,8
2024-05-10 00:16:45.082182+00:00,1541,3
2024-05-10 00:16:45.405508+00:00,1828,15
2024-05-10 00:16:45.883921+00:00,1752,30
2024-05-10 00:16:46.082381+00:00,1478,1
2024-05-10 00:16:46.332370+00:00,1477,13
2024-05-10 00:16:47.018724+00:00,1251,31
2024-05-10 00:16:47.085735+00:00,1480,3
2024-05-10 00:16:47.407468+00:00,1828,41
2024-05-10 00:16:47.503487+00:00,1236,8
2024-05-10 00:16:47.766920+00:00,1965,43
2024-05-10 00:16:48.010112+00:00,1236,2
2024-05-10 00:16:48.151164+00:00,1832,18
2024-05-10 00:16:48.261712+00:00,1203,5
2024-05-10 00:16:49.090214+00:00,1125,38
2024-05-10 00:16:49.264377+00:00,2041,3
2024-05-10 00:16:49.772680+00:00,1799,1
2024-05-10 00:16:49.899003+00:00,1061,11
2024-05-10 00:16:49.901223+00:00,1832,16
2024-05-10 00:16:50.274403+00:00,1799,2
2024-05-10 00:16:50.584286+00:00,1235,15
2024-05-10 00:16:50.772043+00:00,1498,6
2024-05-10 00:16:51.011237+00:00,1816,2
2024-05-10 00:16:51.151486+00:00,1099,2
2024-05-10 00:16:51.538466+00:00,1690,14
2024-05-10 00:16:51.584446+00:00,1480,4
2024-05-10 00:16:51.651026+00:00,1110,2
2024-05-10 00:16:52.021282+00:00,1499,2
2024-05-10 00:16:52.082346+00:00,1482,4
2024-05-10 00:16:52.889239+00:00,1890,2
2024-05-10 00:16:53.273969+00:00,1882,16
2024-05-10 00:16:53.401432+00:00,1836,14
2024-05-10 00:16:53.832149+00:00,1483,2
2024-05-10 00:16:53.893604+00:00,1069,1
2024-05-10 00:16:53.903111+00:00,1107,55
2024-05-10 00:16:54.110416+00:00,1483,46
2024-05-10 00:16:54.147585+00:00,1891,16
2024-05-10 00:16:54.402764+00:00,1838,68
2024-05-10 00:16:54.516460+00:00,1941,2
2024-05-10 00:16:54.542231+00:00,1884,32
2024-05-10 00:16:54.584516+00:00,1484,59
2024-05-10 00:16:54.901334+00:00,1840,14
2024-05-10 00:16:55.027445+00:00,1884,127
2024-05-10 00:16:55.082853+00:00,1541,1
2024-05-10 00:16:55.334200+00:00,1540,3
2024-05-10 00:16:55.397124+00:00,1969,15
2024-05-10 00:16:55.410506+00:00,1108,1
2024-05-10 00:16:55.656209+00:00,1840,13
2024-05-10 00:16:56.332911+00:00,1485,46
2024-05-10 00:16:56.642426+00:00,1070,403
2024-05-10 00:16:57.270869+00:00,1941,2
2024-05-10 00:16:57.407774+00:00,1840,14
2024-05-10 00:16:57.410487+00:00,1112,6
2024-05-10 00:16:57.540606+00:00,1992,7
2024-05-10 00:16:58.040208+00:00,1994,6
2024-05-10 00:16:58.396751+00:00,1661,6
2024-05-10 00:16:58.641779+00:00,1207,9
2024-05-10 00:16:58.888565+00:00,1074,16
2024-05-10 00:16:59.144836+00:00,1982,13
2024-05-10 00:16:59.156179+00:00,1845,13
2024-05-10 00:16:59.538968+00:00,1663,3
2024-05-10 00:16:59.589939+00:00,1888,98
2024-05-10 00:16:59.905550+00:00,1662,1
2024-05-10 00:17:00.778439+00:00,1890,21
2024-05-10 00:17:02.004927+00:00,1814,2
2024-05-10 00:17:02.387259+00:00,1075,35
2024-05-10 00:17:02.839052+00:00,1729,56
2024-05-10 00:17:03.011135+00:00,1465,28
2024-05-10 00:17:03.086880+00:00,1490,67
2024-05-10 00:17:03.258474+00:00,1175,5
2024-05-10 00:17:03.405282+00:00,1108,500
2024-05-10 00:17:03.514010+00:00,1464,29
2024-05-10 00:17:03.548339+00:00,1663,3
2024-05-10 00:17:03.835903+00:00,1471,4
2024-05-10 00:17:03.894608+00:00,1188,132
2024-05-10 00:17:03.895946+00:00,1980,13
2024-05-10 00:17:04.281465+00:00,1142,3
2024-05-10 00:17:04.401046+00:00,1188,62
2024-05-10 00:17:04.508609+00:00,1175,5
2024-05-10 00:17:04.527043+00:00,1892,127
2024-05-10 00:17:04.536180+00:00,1143,2
2024-05-10 00:17:04.583397+00:00,1493,7
2024-05-10 00:17:05.009637+00:00,1870,52
2024-05-10 00:17:05.031545+00:00,1142,3
2024-05-10 00:17:05.505506+00:00,1389,5
2024-05-10 00:17:05.763347+00:00,1892,17
2024-05-10 00:17:05.835482+00:00,1233,14
2024-05-10 00:17:05.905946+00:00,1113,1
2024-05-10 00:17:06.081989+00:00,1995,1
2024-05-10 00:17:06.082953+00:00,1493,7
2024-05-10 00:17:06.332461+00:00,1495,4
2024-05-10 00:17:06.635535+00:00,1666,2
2024-05-10 00:17:06.772410+00:00,1406,1
2024-05-10 00:17:06.832612+00:00,1496,1
2024-05-10 00:17:06.901634+00:00,1845,17
2024-05-10 00:17:07.084339+00:00,1729,243
2024-05-10 00:17:07.259185+00:00,1875,52
2024-05-10 00:17:07.332687+00:00,1497,3
2024-05-10 00:17:07.410404+00:00,1491,50
2024-05-10 00:17:07.509764+00:00,1566,40
2024-05-10 00:17:07.541881+00:00,2001,2
2024-05-10 00:17:07.907120+00:00,1847,15
2024-05-10 00:17:07.909080+00:00,1115,24
2024-05-10 00:17:08.332614+00:00,1499,44
2024-05-10 00:17:08.630973+00:00,1401,1
2024-05-10 00:17:08.882459+00:00,1078,9
2024-05-10 00:17:09.011563+00:00,1054,19
2024-05-10 00:17:09.044046+00:00,1896,4
2024-05-10 00:17:09.046828+00:00,1650,16
2024-05-10 00:17:09.082608+00:00,1838,9
2024-05-10 00:17:09.271597+00:00,1402,10
2024-05-10 00:17:09.333203+00:00,1075,37
2024-05-10 00:17:09.518956+00:00,1402,1
2024-05-10 00:17:09.630655+00:00,1078,35
2024-05-10 00:17:09.774473+00:00,1402,31
2024-05-10 00:17:09.887876+00:00,1982,13
2024-05-10 00:17:10.009915+00:00,1877,1
2024-05-10 00:17:10.009995+00:00,1500,4
2024-05-10 00:17:10.010510+00:00,1589,22
2024-05-10 00:17:10.020985+00:00,1403,9
2024-05-10 00:17:10.045680+00:00,1775,37
2024-05-10 00:17:10.089307+00:00,1500,25
2024-05-10 00:17:10.257721+00:00,1877,8
2024-05-10 00:17:10.586667+00:00,1841,4
2024-05-10 00:17:10.769451+00:00,1404,24
2024-05-10 00:17:10.793966+00:00,1439,42
2024-05-10 00:17:10.798310+00:00,1775,34
2024-05-10 00:17:10.838532+00:00,1844,1
2024-05-10 00:17:11.012002+00:00,1061,21
2024-05-10 00:17:11.383292+00:00,1750,68
2024-05-10 00:17:11.590432+00:00,1844,1
2024-05-10 00:17:11.835226+00:00,1844,5
2024-05-10 00:17:12.154094+00:00,1491,548
2024-05-10 00:17:12.799380+00:00,1778,43
2024-05-10 00:17:13.043186+00:00,1777,257
2024-05-10 00:17:13.044902+00:00,1653,14
2024-05-10 00:17:13.288841+00:00,1898,2
2024-05-10 00:17:13.289580+00:00,1553,14
2024-05-10 00:17:13.790106+00:00,1898,2
2024-05-10 00:17:13.882836+00:00,1600,1
2024-05-10 00:17:13.913177+00:00,1117,6
2024-05-10 00:17:14.132263+00:00,1082,13
2024-05-10 00:17:14.133303+00:00,1758,18
2024-05-10 00:17:14.758169+00:00,1512,5
2024-05-10 00:17:14.841952+00:00,1476,4
2024-05-10 00:17:15.040035+00:00,1213,3
2024-05-10 00:17:15.339682+00:00,1846,1
2024-05-10 00:17:15.767567+00:00,1877,1
2024-05-10 00:17:15.774836+00:00,1877,1
2024-05-10 00:17:16.040057+00:00,1553,11
2024-05-10 00:17:16.279347+00:00,1877,4
2024-05-10 00:17:16.279466+00:00,1065,166
2024-05-10 00:17:16.287163+00:00,1897,2
2024-05-10 00:17:16.340947+00:00,2015,9
2024-05-10 00:17:16.506594+00:00,1620,111
2024-05-10 00:17:16.536857+00:00,1213,3
2024-05-10 00:17:16.583288+00:00,1419,9
2024-05-10 00:17:16.592626+00:00,2015,7
2024-05-10 00:17:16.787411+00:00,1666,13
2024-05-10 00:17:17.006547+00:00,1878,5
2024-05-10 00:17:17.041333+00:00,1562,3
2024-05-10 00:17:17.131154+00:00,1083,12
2024-05-10 00:17:17.252763+00:00,1620,3
2024-05-10 00:17:17.332784+00:00,1417,2
2024-05-10 00:17:17.659167+00:00,1118,11
2024-05-10 00:17:17.881563+00:00,1083,13
2024-05-10 00:17:18.039112+00:00,1897,3
2024-05-10 00:17:18.040559+00:00,1216,56
2024-05-10 00:17:18.082498+00:00,1418,9
2024-05-10 00:17:18.152244+00:00,1264,14
2024-05-10 00:17:18.384055+00:00,1658,62
2024-05-10 00:17:18.401651+00:00,1264,14
2024-05-10 00:17:18.504789+00:00,1526,6
2024-05-10 00:17:18.537105+00:00,1897,1
2024-05-10 00:17:18.642112+00:00,1658,30
2024-05-10 00:17:18.651238+00:00,1264,6
2024-05-10 00:17:18.882516+00:00,1083,32
2024-05-10 00:17:18.901069+00:00,1264,11
2024-05-10 00:17:19.082534+00:00,1482,3
2024-05-10 00:17:19.157140+00:00,1264,8
2024-05-10 00:17:19.157649+00:00,1265,4
2024-05-10 00:17:19.383690+00:00,1663,1
2024-05-10 00:17:19.400638+00:00,1265,4
2024-05-10 00:17:19.536986+00:00,1218,5
2024-05-10 00:17:19.585779+00:00,1999,9
2024-05-10 00:17:19.634226+00:00,1663,68
2024-05-10 00:17:19.650831+00:00,1266,2
2024-05-10 00:17:19.778307+00:00,1776,1
2024-05-10 00:17:19.834587+00:00,1998,9
2024-05-10 00:17:20.398499+00:00,1664,64
2024-05-10 00:17:20.641977+00:00,1087,6
2024-05-10 00:17:20.651221+00:00,1268,5
2024-05-10 00:17:20.788794+00:00,1666,11
2024-05-10 00:17:20.839046+00:00,1345,9
2024-05-10 00:17:20.904176+00:00,1633,3
2024-05-10 00:17:21.287751+00:00,1223,46
2024-05-10 00:17:21.398729+00:00,1663,69
2024-05-10 00:17:21.400398+00:00,1266,2
2024-05-10 00:17:21.537797+00:00,1228,18
2024-05-10 00:17:21.649703+00:00,1664,1
2024-05-10 00:17:21.837417+00:00,1544,1
2024-05-10 00:17:21.838599+00:00,1348,7
2024-05-10 00:17:21.894552+00:00,1664,64
2024-05-10 00:17:21.906261+00:00,1068,1
2024-05-10 00:17:22.043800+00:00,1117,3
2024-05-10 00:17:22.151903+00:00,1067,4
2024-05-10 00:17:22.400628+00:00,1266,2
2024-05-10 00:17:22.402218+00:00,1909,79
2024-05-10 00:17:22.586827+00:00,1545,21
2024-05-10 00:17:22.651187+00:00,1267,5
2024-05-10 00:17:22.786565+00:00,1276,16
2024-05-10 00:17:22.900810+00:00,1266,2
2024-05-10 00:17:23.046864+00:00,1869,2
2024-05-10 00:17:23.334398+00:00,1352,45
2024-05-10 00:17:23.393467+00:00,1663,34
2024-05-10 00:17:23.505299+00:00,1880,8
2024-05-10 00:17:23.517689+00:00,1774,12
2024-05-10 00:17:23.587298+00:00,1503,9
2024-05-10 00:17:23.793781+00:00,1870,1
2024-05-10 00:17:23.795130+00:00,1917,41
2024-05-10 00:17:23.893803+00:00,1664,5
2024-05-10 00:17:23.900778+00:00,1118,5
2024-05-10 00:17:24.255788+00:00,1880,1
2024-05-10 00:17:24.290871+00:00,1898,7
2024-05-10 00:17:24.334168+00:00,1505,6
2024-05-10 00:17:24.507079+00:00,1880,5
2024-05-10 00:17:24.901106+00:00,1119,24
2024-05-10 00:17:25.039174+00:00,1919,1
2024-05-10 00:17:25.087133+00:00,1477,10
2024-05-10 00:17:25.274603+00:00,1771,6
2024-05-10 00:17:25.794240+00:00,1904,42
2024-05-10 00:17:25.796399+00:00,1276,18
2024-05-10 00:17:25.846329+00:00,1545,51
2024-05-10 00:17:25.849698+00:00,1232,14
2024-05-10 00:17:26.006308+00:00,1901,17
2024-05-10 00:17:26.026683+00:00,1223,14
2024-05-10 00:17:26.340849+00:00,1545,8
2024-05-10 00:17:26.524720+00:00,1806,4
2024-05-10 00:17:26.837679+00:00,1469,236
2024-05-10 00:17:27.026928+00:00,1420,2
2024-05-10 00:17:27.276624+00:00,1420,1
2024-05-10 00:17:27.292108+00:00,1909,27
2024-05-10 00:17:27.294880+00:00,1465,6
2024-05-10 00:17:27.333347+00:00,1844,13
2024-05-10 00:17:27.335648+00:00,1269,12
2024-05-10 00:17:27.523120+00:00,1420,4
2024-05-10 00:17:27.773190+00:00,1421,1
2024-05-10 00:17:28.041274+00:00,1277,4
2024-05-10 00:17:28.086103+00:00,1269,8
2024-05-10 00:17:28.333555+00:00,1482,3
2024-05-10 00:17:28.382010+00:00,1088,24
2024-05-10 00:17:28.631706+00:00,1088,13
2024-05-10 00:17:28.792785+00:00,1280,9
2024-05-10 00:17:29.045594+00:00,1227,2
2024-05-10 00:17:29.131314+00:00,1088,10
2024-05-10 00:17:29.269330+00:00,1885,1
2024-05-10 00:17:29.299497+00:00,1279,8
2024-05-10 00:17:29.332683+00:00,1477,8
2024-05-10 00:17:29.334595+00:00,1270,9
2024-05-10 00:17:29.542504+00:00,1277,4
2024-05-10 00:17:29.832157+00:00,1366,2
2024-05-10 00:17:30.040498+00:00,1465,3
2024-05-10 00:17:30.083452+00:00,1477,8
2024-05-10 00:17:30.157450+00:00,1356,1
2024-05-10 00:17:30.413255+00:00,1356,1
2024-05-10 00:17:30.544931+00:00,1227,4
2024-05-10 00:17:30.587367+00:00,1270,4
2024-05-10 00:17:30.665492+00:00,1356,8
2024-05-10 00:17:30.835366+00:00,1270,14
2024-05-10 00:17:30.913953+00:00,1356,1
2024-05-10 00:17:31.047934+00:00,1227,15
2024-05-10 00:17:31.137008+00:00,1657,9
2024-05-10 00:17:31.165147+00:00,1356,8
2024-05-10 00:17:31.516532+00:00,1885,7
2024-05-10 00:17:31.544556+00:00,1465,3
2024-05-10 00:17:31.545156+00:00,1280,2
2024-05-10 00:17:31.584001+00:00,1159,19
2024-05-10 00:17:32.025203+00:00,1773,13
2024-05-10 00:17:32.050237+00:00,1465,3
2024-05-10 00:17:32.082515+00:00,1912,12
2024-05-10 00:17:32.551118+00:00,1466,2
2024-05-10 00:17:33.016773+00:00,1888,18
2024-05-10 00:17:33.256980+00:00,1888,29
2024-05-10 00:17:33.294421+00:00,1468,3
2024-05-10 00:17:33.410301+00:00,1358,7
2024-05-10 00:17:33.507029+00:00,1888,6
2024-05-10 00:17:34.039961+00:00,1467,4
2024-05-10 00:17:34.082572+00:00,1328,37
2024-05-10 00:17:34.158128+00:00,1119,1
2024-05-10 00:17:34.158376+00:00,1357,7
2024-05-10 00:17:34.254224+00:00,1888,40
2024-05-10 00:17:34.289334+00:00,1467,4
2024-05-10 00:17:34.538635+00:00,1241,9
2024-05-10 00:17:34.634919+00:00,1996,31
2024-05-10 00:17:34.653888+00:00,1119,1
2024-05-10 00:17:34.654262+00:00,1358,7
2024-05-10 00:17:34.832816+00:00,1545,1
2024-05-10 00:17:35.042835+00:00,1467,3
2024-05-10 00:17:35.161881+00:00,1119,1
2024-05-10 00:17:35.335737+00:00,1269,9
2024-05-10 00:17:35.336652+00:00,1268,12
2024-05-10 00:17:35.414299+00:00,1122,5
2024-05-10 00:17:35.586124+00:00,1268,4
2024-05-10 00:17:35.586558+00:00,1268,4
2024-05-10 00:17:35.788227+00:00,1469,1
2024-05-10 00:17:35.839059+00:00,1544,7
2024-05-10 00:17:35.841186+00:00,1267,8
2024-05-10 00:17:35.842386+00:00,1267,2
2024-05-10 00:17:36.083872+00:00,1543,27
2024-05-10 00:17:36.518459+00:00,1890,3
2024-05-10 00:17:36.540410+00:00,1469,40
2024-05-10 00:17:36.768065+00:00,1948,34
2024-05-10 00:17:37.011993+00:00,1890,40
2024-05-10 00:17:37.018651+00:00,1579,25
2024-05-10 00:17:37.022918+00:00,1773,2
2024-05-10 00:17:37.332665+00:00,1479,3
2024-05-10 00:17:37.518827+00:00,1773,4
2024-05-10 00:17:37.537291+00:00,1470,3
2024-05-10 00:17:37.630831+00:00,1604,4
2024-05-10 00:17:37.761259+00:00,1889,26
2024-05-10 00:17:37.832156+00:00,1544,2
2024-05-10 00:17:37.833148+00:00,1480,2
2024-05-10 00:17:38.157726+00:00,1066,55
2024-05-10 00:17:38.382750+00:00,2023,15
2024-05-10 00:17:38.536783+00:00,1913,1
2024-05-10 00:17:38.758611+00:00,1891,5
2024-05-10 00:17:38.787613+00:00,1915,1
2024-05-10 00:17:39.027240+00:00,1445,18
2024-05-10 00:17:39.083985+00:00,1839,9
2024-05-10 00:17:39.161410+00:00,1349,1
2024-05-10 00:17:39.287489+00:00,2004,7
2024-05-10 00:17:39.382241+00:00,1349,2
2024-05-10 00:17:39.758404+00:00,1888,30
2024-05-10 00:17:39.788457+00:00,1915,26
2024-05-10 00:17:39.791479+00:00,1572,37
2024-05-10 00:17:39.792921+00:00,1782,37
2024-05-10 00:17:39.908354+00:00,1059,1
2024-05-10 00:17:40.007617+00:00,1951,18
2024-05-10 00:17:40.037870+00:00,1350,1
2024-05-10 00:17:40.039810+00:00,1572,12
2024-05-10 00:17:40.286821+00:00,2005,6
2024-05-10 00:17:40.506494+00:00,1532,14
2024-05-10 00:17:40.507190+00:00,1888,40
2024-05-10 00:17:40.526544+00:00,1420,10
2024-05-10 00:17:40.587389+00:00,1958,1
2024-05-10 00:17:41.019737+00:00,1704,14
2024-05-10 00:17:41.037583+00:00,2005,6
2024-05-10 00:17:41.041214+00:00,1782,242
2024-05-10 00:17:41.130840+00:00,1958,1
2024-05-10 00:17:41.151956+00:00,1914,27
2024-05-10 00:17:41.153766+00:00,1126,4
2024-05-10 00:17:41.286920+00:00,2006,5
2024-05-10 00:17:41.402030+00:00,1521,1
2024-05-10 00:17:41.536532+00:00,1231,3
2024-05-10 00:17:41.537709+00:00,2006,1
2024-05-10 00:17:41.588563+00:00,1915,26
2024-05-10 00:17:41.637651+00:00,1958,1
2024-05-10 00:17:41.653103+00:00,1125,5
2024-05-10 00:17:41.835942+00:00,1551,131
2024-05-10 00:17:42.043806+00:00,2006,5
2024-05-10 00:17:42.044617+00:00,1235,9
2024-05-10 00:17:42.132808+00:00,1092,24
2024-05-10 00:17:42.152634+00:00,1125,5
2024-05-10 00:17:42.335526+00:00,1267,9
2024-05-10 00:17:42.502864+00:00,1890,3
2024-05-10 00:17:42.593990+00:00,1269,26
2024-05-10 00:17:42.753902+00:00,1951,5
2024-05-10 00:17:42.755735+00:00,1890,3
2024-05-10 00:17:42.769733+00:00,1252,158
2024-05-10 00:17:42.902732+00:00,1137,4
2024-05-10 00:17:43.009149+00:00,1951,1
2024-05-10 00:17:43.037456+00:00,2008,3
2024-05-10 00:17:43.254566+00:00,1951,7
2024-05-10 00:17:43.336198+00:00,1269,26
2024-05-10 00:17:43.381847+00:00,1093,1
2024-05-10 00:17:43.537019+00:00,2008,3
2024-05-10 00:17:43.586101+00:00,1269,26
2024-05-10 00:17:43.586921+00:00,1537,21
2024-05-10 00:17:44.401920+00:00,1293,4
2024-05-10 00:17:44.525492+00:00,2033,3
2024-05-10 00:17:44.588961+00:00,1270,24
2024-05-10 00:17:44.787287+00:00,1783,14
2024-05-10 00:17:44.834279+00:00,1270,24
2024-05-10 00:17:44.902513+00:00,1294,41
2024-05-10 00:17:45.037643+00:00,2010,1
2024-05-10 00:17:45.085783+00:00,1270,24
2024-05-10 00:17:45.271265+00:00,1185,13
2024-05-10 00:17:45.883779+00:00,1229,3
2024-05-10 00:17:45.884805+00:00,1765,11
2024-05-10 00:17:45.903322+00:00,1137,4
2024-05-10 00:17:46.021072+00:00,1185,51
2024-05-10 00:17:46.336967+00:00,1281,27
2024-05-10 00:17:46.774729+00:00,1186,10
2024-05-10 00:17:46.788951+00:00,1726,5
2024-05-10 00:17:46.903490+00:00,1139,4
2024-05-10 00:17:47.517348+00:00,1315,4
2024-05-10 00:17:47.630842+00:00,1765,41
2024-05-10 00:17:48.017034+00:00,1315,1
2024-05-10 00:17:48.091200+00:00,1381,1
2024-05-10 00:17:48.152410+00:00,1295,1
2024-05-10 00:17:48.411088+00:00,1295,43
2024-05-10 00:17:48.755586+00:00,1069,1
2024-05-10 00:17:49.267832+00:00,1186,15
2024-05-10 00:17:49.838036+00:00,1845,1
2024-05-10 00:17:49.839833+00:00,1846,1
2024-05-10 00:17:49.900889+00:00,1706,1
2024-05-10 00:17:50.588059+00:00,1285,4
2024-05-10 00:17:50.652112+00:00,1706,1
2024-05-10 00:17:50.788020+00:00,1372,1
2024-05-10 00:17:51.019897+00:00,1686,1
2024-05-10 00:17:51.038975+00:00,1372,3
2024-05-10 00:17:51.085226+00:00,1847,1
2024-05-10 00:17:51.086327+00:00,1847,2
2024-05-10 00:17:51.257091+00:00,1798,5
2024-05-10 00:17:51.270147+00:00,1893,5
2024-05-10 00:17:51.286751+00:00,1123,2
2024-05-10 00:17:51.336192+00:00,1687,5
2024-05-10 00:17:51.337333+00:00,1285,4
2024-05-10 00:17:51.505275+00:00,1798,14
2024-05-10 00:17:51.586256+00:00,1286,2
2024-05-10 00:17:51.788358+00:00,1374,1
2024-05-10 00:17:51.834500+00:00,1687,8
2024-05-10 00:17:51.835137+00:00,1542,9
2024-05-10 00:17:52.043263+00:00,1796,217
2024-05-10 00:17:52.084287+00:00,1286,2
2024-05-10 00:17:52.084914+00:00,1286,2
2024-05-10 00:17:52.337471+00:00,1546,17
2024-05-10 00:17:52.592539+00:00,1688,6
2024-05-10 00:17:52.593467+00:00,1286,2
2024-05-10 00:17:52.593940+00:00,1286,2
2024-05-10 00:17:52.594383+00:00,1286,2
2024-05-10 00:17:52.650915+00:00,1300,34
2024-05-10 00:17:52.767173+00:00,1281,1
2024-05-10 00:17:52.767788+00:00,1280,2
2024-05-10 00:17:52.836632+00:00,1893,4
2024-05-10 00:17:52.836819+00:00,1547,3
2024-05-10 00:17:53.009742+00:00,1954,6
2024-05-10 00:17:53.088917+00:00,1848,1
2024-05-10 00:17:53.345824+00:00,1289,12
2024-05-10 00:17:53.385707+00:00,1061,9
2024-05-10 00:17:53.588176+00:00,1848,1
2024-05-10 00:17:53.588559+00:00,1548,21
2024-05-10 00:17:53.836617+00:00,1848,5
2024-05-10 00:17:53.891938+00:00,1670,2
2024-05-10 00:17:54.016734+00:00,1893,1
2024-05-10 00:17:54.391511+00:00,1671,1
2024-05-10 00:17:54.402487+00:00,1894,4
2024-05-10 00:17:54.788635+00:00,1561,15
2024-05-10 00:17:54.901162+00:00,1069,11
2024-05-10 00:17:55.350717+00:00,1289,8
2024-05-10 00:17:55.592154+00:00,1516,3
2024-05-10 00:17:55.787743+00:00,1243,21
2024-05-10 00:17:55.849178+00:00,1290,7
2024-05-10 00:17:55.900421+00:00,1069,1
2024-05-10 00:17:56.099263+00:00,1290,4
2024-05-10 00:17:56.100324+00:00,1290,4
2024-05-10 00:17:56.152883+00:00,1894,4
2024-05-10 00:17:56.343185+00:00,1291,4
2024-05-10 00:17:56.400903+00:00,1070,8
2024-05-10 00:17:56.504467+00:00,1953,29
2024-05-10 00:17:56.595257+00:00,1874,5
2024-05-10 00:17:56.845131+00:00,1290,4
2024-05-10 00:17:56.904372+00:00,1896,3
2024-05-10 00:17:57.033828+00:00,1776,5
2024-05-10 00:17:57.538344+00:00,1914,5
2024-05-10 00:17:57.789550+00:00,1914,7
2024-05-10 00:17:57.887997+00:00,1203,2
2024-05-10 00:17:58.140981+00:00,1097,13
2024-05-10 00:17:58.154666+00:00,1617,22
2024-05-10 00:17:58.265257+00:00,1538,27
2024-05-10 00:17:58.287912+00:00,1914,7
2024-05-10 00:17:58.634215+00:00,1740,9
2024-05-10 00:17:58.790246+00:00,1915,5
2024-05-10 00:17:59.041166+00:00,1915,1
2024-05-10 00:17:59.294467+00:00,1915,6
2024-05-10 00:17:59.526696+00:00,1435,9
2024-05-10 00:17:59.653064+00:00,1304,12
2024-05-10 00:18:00.152064+00:00,1304,28
2024-05-10 00:18:00.155614+00:00,1895,2
2024-05-10 00:18:00.156574+00:00,1965,30
2024-05-10 00:18:00.635995+00:00,1203,2
2024-05-10 00:18:01.158134+00:00,1895,3
2024-05-10 00:18:01.407702+00:00,1333,50
2024-05-10 00:18:02.017628+00:00,1796,44
2024-05-10 00:18:02.389151+00:00,1107,11
2024-05-10 00:18:02.903995+00:00,1077,226
2024-05-10 00:18:03.769688+00:00,1981,15
2024-05-10 00:18:04.094630+00:00,1878,4
2024-05-10 00:18:04.138137+00:00,1489,274
2024-05-10 00:18:04.156367+00:00,1967,6
2024-05-10 00:18:04.410589+00:00,1967,6
2024-05-10 00:18:04.504478+00:00,1548,2
2024-05-10 00:18:04.516161+00:00,1297,3
2024-05-10 00:18:04.537873+00:00,1560,2
2024-05-10 00:18:04.588854+00:00,1365,1
2024-05-10 00:18:04.903345+00:00,1967,6
2024-05-10 00:18:04.903952+00:00,1895,5
2024-05-10 00:18:05.017754+00:00,1313,6
2024-05-10 00:18:05.538812+00:00,1559,3
2024-05-10 00:18:05.588174+00:00,1394,1
2024-05-10 00:18:05.654613+00:00,1923,9
2024-05-10 00:18:06.004766+00:00,1389,5
2024-05-10 00:18:06.339584+00:00,1552,2
2024-05-10 00:18:06.385948+00:00,1766,10
2024-05-10 00:18:06.910613+00:00,1926,1
2024-05-10 00:18:07.415217+00:00,1928,109
2024-05-10 00:18:07.517008+00:00,1301,1
2024-05-10 00:18:07.524776+00:00,1437,2
2024-05-10 00:18:07.583287+00:00,1552,1
2024-05-10 00:18:08.405096+00:00,1366,3
2024-05-10 00:18:08.657632+00:00,1366,1
2024-05-10 00:18:08.903287+00:00,1366,2
2024-05-10 00:18:09.165467+00:00,1328,8
2024-05-10 00:18:09.168306+00:00,1366,6
2024-05-10 00:18:09.169175+00:00,1895,4
2024-05-10 00:18:09.267355+00:00,1548,24
2024-05-10 00:18:09.658439+00:00,1896,3
2024-05-10 00:18:10.382798+00:00,1767,4
2024-05-10 00:18:10.524206+00:00,1446,6
2024-05-10 00:18:11.010395+00:00,1987,3
2024-05-10 00:18:11.836035+00:00,1726,1
2024-05-10 00:18:12.297116+00:00,1235,30
2024-05-10 00:18:12.407451+00:00,1899,129
2024-05-10 00:18:12.635280+00:00,1766,3
2024-05-10 00:18:12.832504+00:00,1054,4
2024-05-10 00:18:13.044378+00:00,1916,125
2024-05-10 00:18:13.082798+00:00,1809,5
2024-05-10 00:18:13.083287+00:00,1054,8
2024-05-10 00:18:13.662572+00:00,1539,3
2024-05-10 00:18:13.663357+00:00,1900,5
2024-05-10 00:18:13.764435+00:00,1066,99
2024-05-10 00:18:13.833998+00:00,1843,4
2024-05-10 00:18:14.413004+00:00,1899,1
2024-05-10 00:18:14.660359+00:00,2008,4
2024-05-10 00:18:14.832040+00:00,1842,2
2024-05-10 00:18:14.834120+00:00,1845,1
2024-05-10 00:18:14.913200+00:00,2008,2
2024-05-10 00:18:15.004251+00:00,1824,32
2024-05-10 00:18:15.334289+00:00,1845,1
2024-05-10 00:18:15.394433+00:00,1562,4
2024-05-10 00:18:15.512634+00:00,1824,32
2024-05-10 00:18:15.583940+00:00,1555,130
2024-05-10 00:18:15.584637+00:00,1845,1
2024-05-10 00:18:15.643492+00:00,1905,18
2024-05-10 00:18:15.654624+00:00,1541,3
2024-05-10 00:18:15.773127+00:00,1807,9
2024-05-10 00:18:15.837823+00:00,1845,1
2024-05-10 00:18:15.838410+00:00,1458,3
2024-05-10 00:18:15.900413+00:00,1086,127
2024-05-10 00:18:16.083434+00:00,1845,4
2024-05-10 00:18:16.332874+00:00,1845,9
2024-05-10 00:18:16.333688+00:00,1423,7
2024-05-10 00:18:16.401353+00:00,2013,22
2024-05-10 00:18:16.769154+00:00,1302,2
2024-05-10 00:18:17.082291+00:00,1425,5
2024-05-10 00:18:17.152262+00:00,1083,133
2024-05-10 00:18:17.296408+00:00,1293,3
2024-05-10 00:18:17.332136+00:00,1846,1
2024-05-10 00:18:17.382811+00:00,1766,7
2024-05-10 00:18:17.583006+00:00,1846,11
2024-05-10 00:18:17.651563+00:00,1083,44
2024-05-10 00:18:17.765623+00:00,1828,31
2024-05-10 00:18:17.832310+00:00,1846,1
2024-05-10 00:18:18.051423+00:00,1299,38
2024-05-10 00:18:18.152651+00:00,1085,49
2024-05-10 00:18:18.152843+00:00,1318,47
2024-05-10 00:18:18.255400+00:00,1678,7
2024-05-10 00:18:18.269871+00:00,1302,2
2024-05-10 00:18:18.333200+00:00,1429,33
2024-05-10 00:18:18.333722+00:00,1846,4
2024-05-10 00:18:18.335787+00:00,1766,3
2024-05-10 00:18:18.387051+00:00,1300,1
2024-05-10 00:18:18.405000+00:00,1316,10
2024-05-10 00:18:18.520721+00:00,1302,2
2024-05-10 00:18:18.650976+00:00,1086,116
2024-05-10 00:18:18.764666+00:00,1685,9
2024-05-10 00:18:18.796694+00:00,1300,16
2024-05-10 00:18:18.900982+00:00,1317,20
2024-05-10 00:18:19.020796+00:00,1302,2
2024-05-10 00:18:19.084588+00:00,1837,29
2024-05-10 00:18:19.087898+00:00,1317,45
2024-05-10 00:18:19.158160+00:00,1317,20
2024-05-10 00:18:19.390804+00:00,1907,22
2024-05-10 00:18:19.651056+00:00,1086,77
2024-05-10 00:18:19.832784+00:00,1460,8
2024-05-10 00:18:19.836222+00:00,1317,13
2024-05-10 00:18:20.083734+00:00,1556,127
2024-05-10 00:18:20.389161+00:00,1767,3
2024-05-10 00:18:20.640145+00:00,1908,15
2024-05-10 00:18:20.651023+00:00,1089,10
2024-05-10 00:18:21.153097+00:00,1351,3
2024-05-10 00:18:21.332305+00:00,1318,17
2024-05-10 00:18:21.523964+00:00,1936,23
2024-05-10 00:18:21.586073+00:00,1318,14
2024-05-10 00:18:21.587399+00:00,1318,10
2024-05-10 00:18:21.754834+00:00,1534,58
2024-05-10 00:18:21.832924+00:00,1686,1
2024-05-10 00:18:21.834866+00:00,1319,14
2024-05-10 00:18:22.005004+00:00,1187,14
2024-05-10 00:18:22.084470+00:00,1318,13
2024-05-10 00:18:22.332151+00:00,1687,1
2024-05-10 00:18:22.334626+00:00,1318,14
2024-05-10 00:18:22.335689+00:00,1318,5
2024-05-10 00:18:22.590209+00:00,1500,10
2024-05-10 00:18:22.593661+00:00,1319,8
2024-05-10 00:18:22.595489+00:00,1319,10
2024-05-10 00:18:22.651233+00:00,1098,46
2024-05-10 00:18:22.835123+00:00,1687,5
2024-05-10 00:18:23.027248+00:00,1933,12
2024-05-10 00:18:23.083776+00:00,1424,5
2024-05-10 00:18:23.086486+00:00,1319,10
2024-05-10 00:18:23.088170+00:00,1318,14
2024-05-10 00:18:23.148514+00:00,1835,51
2024-05-10 00:18:23.332591+00:00,1687,5
2024-05-10 00:18:23.332894+00:00,1856,10
2024-05-10 00:18:23.336259+00:00,1318,14
2024-05-10 00:18:23.544474+00:00,1117,46
2024-05-10 00:18:23.585768+00:00,1318,14
2024-05-10 00:18:23.643037+00:00,1108,11
2024-05-10 00:18:23.832599+00:00,1688,4
2024-05-10 00:18:23.834373+00:00,1318,14
2024-05-10 00:18:23.900453+00:00,1099,8
2024-05-10 00:18:23.902428+00:00,1337,17
2024-05-10 00:18:24.004829+00:00,1900,4
2024-05-10 00:18:24.083738+00:00,1319,12
2024-05-10 00:18:24.142120+00:00,1108,19
2024-05-10 00:18:24.147481+00:00,1768,3
2024-05-10 00:18:24.332098+00:00,1689,3
2024-05-10 00:18:24.392897+00:00,1108,29
2024-05-10 00:18:24.760380+00:00,1069,4
2024-05-10 00:18:24.832778+00:00,1688,4
2024-05-10 00:18:24.901825+00:00,1316,14
2024-05-10 00:18:25.004963+00:00,1544,85
2024-05-10 00:18:25.131113+00:00,1202,3
2024-05-10 00:18:25.265597+00:00,1884,18
2024-05-10 00:18:25.402551+00:00,1336,27
2024-05-10 00:18:25.584054+00:00,1688,4
2024-05-10 00:18:25.837675+00:00,1471,4
2024-05-10 00:18:26.254306+00:00,1070,2
2024-05-10 00:18:26.389974+00:00,1202,6
2024-05-10 00:18:26.401818+00:00,1327,131
2024-05-10 00:18:26.523832+00:00,1622,9
2024-05-10 00:18:26.591494+00:00,1320,12
2024-05-10 00:18:26.592245+00:00,1320,9
2024-05-10 00:18:26.839021+00:00,1687,5
2024-05-10 00:18:26.843208+00:00,1320,4
2024-05-10 00:18:27.089404+00:00,1320,7
2024-05-10 00:18:27.269186+00:00,1206,52
2024-05-10 00:18:27.286938+00:00,1120,43
2024-05-10 00:18:27.347353+00:00,1320,14
2024-05-10 00:18:27.401868+00:00,1102,7
2024-05-10 00:18:27.536879+00:00,2016,1
2024-05-10 00:18:27.539070+00:00,1771,1
2024-05-10 00:18:27.596834+00:00,1320,5
2024-05-10 00:18:27.766979+00:00,1072,151
2024-05-10 00:18:27.892717+00:00,1769,247
2024-05-10 00:18:28.404664+00:00,1102,1
2024-05-10 00:18:28.660999+00:00,1317,33
2024-05-10 00:18:28.833350+00:00,1319,7
2024-05-10 00:18:28.888891+00:00,1772,4
2024-05-10 00:18:28.906751+00:00,1103,5
2024-05-10 00:18:29.083917+00:00,1319,1
2024-05-10 00:18:29.294358+00:00,1289,7
2024-05-10 00:18:29.414439+00:00,1317,20
2024-05-10 00:18:29.417862+00:00,1329,43
2024-05-10 00:18:29.418956+00:00,1969,6
2024-05-10 00:18:29.509540+00:00,1562,19
2024-05-10 00:18:29.519582+00:00,1627,9
2024-05-10 00:18:29.587884+00:00,1318,12
2024-05-10 00:18:29.772300+00:00,1630,8
2024-05-10 00:18:29.910006+00:00,1318,18
2024-05-10 00:18:30.007920+00:00,1885,14
2024-05-10 00:18:30.095990+00:00,1318,9
2024-05-10 00:18:30.097010+00:00,1318,16
2024-05-10 00:18:30.164214+00:00,1328,8
2024-05-10 00:18:30.268462+00:00,1630,8
2024-05-10 00:18:30.287832+00:00,1124,6
2024-05-10 00:18:30.585894+00:00,1318,12
2024-05-10 00:18:30.753621+00:00,1886,15
2024-05-10 00:18:30.834469+00:00,1318,12
2024-05-10 00:18:31.090949+00:00,1319,16
2024-05-10 00:18:31.287751+00:00,2016,1
2024-05-10 00:18:31.338342+00:00,1320,14
2024-05-10 00:18:31.582963+00:00,1320,14
2024-05-10 00:18:31.836895+00:00,1320,14
2024-05-10 00:18:31.837594+00:00,1320,12
2024-05-10 00:18:31.918878+00:00,1329,49
2024-05-10 00:18:32.003455+00:00,1951,2
2024-05-10 00:18:32.098526+00:00,1320,14
2024-05-10 00:18:32.407813+00:00,1344,23
2024-05-10 00:18:32.503435+00:00,1902,7
2024-05-10 00:18:32.754752+00:00,1565,175
2024-05-10 00:18:32.894914+00:00,1216,3
2024-05-10 00:18:32.905065+00:00,1344,26
2024-05-10 00:18:33.037118+00:00,1254,3
2024-05-10 00:18:33.091288+00:00,1322,10
2024-05-10 00:18:33.161910+00:00,1329,51
2024-05-10 00:18:33.270952+00:00,1352,37
2024-05-10 00:18:33.334901+00:00,1322,10
2024-05-10 00:18:33.384572+00:00,1112,1
2024-05-10 00:18:33.523465+00:00,1635,5
2024-05-10 00:18:33.592000+00:00,1323,8
2024-05-10 00:18:34.002988+00:00,1905,7
2024-05-10 00:18:34.020884+00:00,1648,4
2024-05-10 00:18:34.502303+00:00,1886,8
2024-05-10 00:18:34.521608+00:00,1647,3
2024-05-10 00:18:34.771594+00:00,1488,2
2024-05-10 00:18:34.772113+00:00,1647,3
2024-05-10 00:18:34.842179+00:00,1233,76
2024-05-10 00:18:34.905654+00:00,1328,29
2024-05-10 00:18:35.003574+00:00,1807,2
2024-05-10 00:18:35.134892+00:00,1218,6
2024-05-10 00:18:35.271366+00:00,1485,1
2024-05-10 00:18:35.286462+00:00,1269,1
2024-05-10 00:18:35.341931+00:00,1277,13
2024-05-10 00:18:35.342867+00:00,1562,87
2024-05-10 00:18:35.416549+00:00,1328,35
2024-05-10 00:18:35.657836+00:00,1328,39
2024-05-10 00:18:35.776275+00:00,1485,5
2024-05-10 00:18:35.910848+00:00,1328,45
2024-05-10 00:18:36.023310+00:00,1649,1
2024-05-10 00:18:36.338730+00:00,1562,1
2024-05-10 00:18:36.407402+00:00,1228,182
2024-05-10 00:18:37.287125+00:00,1268,5
2024-05-10 00:18:37.338933+00:00,1563,97
2024-05-10 00:18:37.771595+00:00,1485,2
2024-05-10 00:18:37.833761+00:00,1563,90
2024-05-10 00:18:38.038941+00:00,1270,10
2024-05-10 00:18:38.270594+00:00,1482,9
2024-05-10 00:18:38.661442+00:00,1310,45
2024-05-10 00:18:38.911782+00:00,1806,39
2024-05-10 00:18:39.038045+00:00,1649,24
2024-05-10 00:18:39.504294+00:00,1921,21
2024-05-10 00:18:39.658306+00:00,1807,2
2024-05-10 00:18:39.661382+00:00,1263,94
2024-05-10 00:18:39.774334+00:00,1353,3
2024-05-10 00:18:39.837259+00:00,1562,106
2024-05-10 00:18:40.022937+00:00,1651,7
2024-05-10 00:18:40.162322+00:00,1310,25
2024-05-10 00:18:40.163996+00:00,1316,10
2024-05-10 00:18:40.167888+00:00,1328,23
2024-05-10 00:18:40.346000+00:00,1060,3
2024-05-10 00:18:40.653228+00:00,1329,1
2024-05-10 00:18:40.770934+00:00,1652,6
2024-05-10 00:18:40.786702+00:00,1098,17
2024-05-10 00:18:40.849052+00:00,1060,7
2024-05-10 00:18:40.849760+00:00,1322,12
2024-05-10 00:18:40.905221+00:00,1265,17
2024-05-10 00:18:41.002635+00:00,1912,1
2024-05-10 00:18:41.088476+00:00,1367,233
2024-05-10 00:18:41.090003+00:00,1060,7
2024-05-10 00:18:41.272754+00:00,1653,5
2024-05-10 00:18:41.287219+00:00,1271,10
2024-05-10 00:18:41.519177+00:00,1654,3
2024-05-10 00:18:41.641235+00:00,1116,39
2024-05-10 00:18:41.754330+00:00,1912,11
2024-05-10 00:18:41.769005+00:00,1656,3
2024-05-10 00:18:41.883134+00:00,1774,27
2024-05-10 00:18:41.917230+00:00,1265,6
2024-05-10 00:18:41.918248+00:00,1318,167
2024-05-10 00:18:42.090486+00:00,1920,9
2024-05-10 00:18:42.091765+00:00,1322,10
2024-05-10 00:18:42.163810+00:00,1265,6
2024-05-10 00:18:42.287692+00:00,1273,1
2024-05-10 00:18:42.389234+00:00,1777,7
2024-05-10 00:18:42.402452+00:00,1137,59
2024-05-10 00:18:42.502981+00:00,1110,4
2024-05-10 00:18:42.522337+00:00,1657,2
2024-05-10 00:18:42.595028+00:00,1322,10
2024-05-10 00:18:42.596051+00:00,1845,50
2024-05-10 00:18:42.770199+00:00,1924,1
2024-05-10 00:18:42.786644+00:00,1273,7
2024-05-10 00:18:43.096548+00:00,1922,25
2024-05-10 00:18:43.154664+00:00,1137,88
2024-05-10 00:18:43.348155+00:00,1323,12
2024-05-10 00:18:43.594577+00:00,1607,1
2024-05-10 00:18:43.597640+00:00,1323,12
2024-05-10 00:18:43.635354+00:00,1146,13
2024-05-10 00:18:43.769701+00:00,1143,3
2024-05-10 00:18:43.848803+00:00,1324,6
2024-05-10 00:18:44.093653+00:00,1922,32
2024-05-10 00:18:44.096846+00:00,1324,16
2024-05-10 00:18:44.344368+00:00,1323,12
2024-05-10 00:18:44.590016+00:00,1449,2
2024-05-10 00:18:44.593663+00:00,1324,2
2024-05-10 00:18:44.786824+00:00,1150,4
2024-05-10 00:18:44.833520+00:00,1368,604
2024-05-10 00:18:44.882259+00:00,1145,2
2024-05-10 00:18:45.021368+00:00,1145,6
2024-05-10 00:18:45.084193+00:00,1323,12
2024-05-10 00:18:45.262111+00:00,1610,37
2024-05-10 00:18:45.268641+00:00,1966,1
2024-05-10 00:18:45.337579+00:00,1565,11
2024-05-10 00:18:45.339523+00:00,1323,12
2024-05-10 00:18:45.383791+00:00,1212,3
2024-05-10 00:18:45.592405+00:00,1323,12
2024-05-10 00:18:45.844491+00:00,1924,39
2024-05-10 00:18:45.845101+00:00,1277,4
2024-05-10 00:18:46.089075+00:00,1925,27
2024-05-10 00:18:46.091713+00:00,1324,12
2024-05-10 00:18:46.287636+00:00,1218,2
2024-05-10 00:18:46.338916+00:00,1322,14
2024-05-10 00:18:46.340031+00:00,1324,22
2024-05-10 00:18:46.340621+00:00,1324,1
2024-05-10 00:18:46.341832+00:00,1325,12
2024-05-10 00:18:46.404621+00:00,1143,14
2024-05-10 00:18:46.598674+00:00,1325,12
2024-05-10 00:18:46.599500+00:00,1325,12
2024-05-10 00:18:46.632708+00:00,1214,4
2024-05-10 00:18:46.839698+00:00,1924,41
2024-05-10 00:18:46.842356+00:00,1325,12
2024-05-10 00:18:47.086539+00:00,1325,7
2024-05-10 00:18:47.140430+00:00,1923,38
2024-05-10 00:18:47.157139+00:00,1143,106
2024-05-10 00:18:47.273332+00:00,1966,1
2024-05-10 00:18:47.273667+00:00,1739,9
2024-05-10 00:18:47.281426+00:00,1145,24
2024-05-10 00:18:47.773310+00:00,1965,3
2024-05-10 00:18:47.838357+00:00,1324,24
2024-05-10 00:18:47.904075+00:00,1327,6
2024-05-10 00:18:48.089527+00:00,1561,3
2024-05-10 00:18:48.090151+00:00,1325,14
2024-05-10 00:18:48.090796+00:00,1325,8
2024-05-10 00:18:48.273418+00:00,1741,2
2024-05-10 00:18:48.521123+00:00,1742,2
2024-05-10 00:18:48.786760+00:00,1275,8
2024-05-10 00:18:48.887770+00:00,1143,20
2024-05-10 00:18:48.912189+00:00,1328,41
2024-05-10 00:18:49.098225+00:00,1568,8
2024-05-10 00:18:49.166516+00:00,1329,60
2024-05-10 00:18:49.632847+00:00,1145,4
2024-05-10 00:18:49.752841+00:00,1390,59
2024-05-10 00:18:50.160617+00:00,1614,242
2024-05-10 00:18:50.255799+00:00,1578,8
2024-05-10 00:18:50.385969+00:00,1146,13
2024-05-10 00:18:50.402180+00:00,1618,3
2024-05-10 00:18:50.656646+00:00,1956,3
2024-05-10 00:18:50.656972+00:00,1324,6
2024-05-10 00:18:51.098379+00:00,1324,1
2024-05-10 00:18:51.099101+00:00,1324,1
2024-05-10 00:18:51.254135+00:00,1547,1
2024-05-10 00:18:51.349354+00:00,1527,1
2024-05-10 00:18:51.349446+00:00,1325,1
2024-05-10 00:18:51.349826+00:00,1324,1
2024-05-10 00:18:51.350866+00:00,1325,1
2024-05-10 00:18:51.351164+00:00,1325,1
2024-05-10 00:18:51.351376+00:00,1325,1
2024-05-10 00:18:51.351629+00:00,1325,1
2024-05-10 00:18:51.351786+00:00,1326,1
2024-05-10 00:18:51.354053+00:00,1326,5
2024-05-10 00:18:51.354468+00:00,1769,13
2024-05-10 00:18:51.584634+00:00,1527,43
2024-05-10 00:18:51.639679+00:00,1147,13
2024-05-10 00:18:51.642871+00:00,1785,60
2024-05-10 00:18:51.653677+00:00,1618,3
2024-05-10 00:18:51.783663+00:00,1658,28
2024-05-10 00:18:51.793188+00:00,1125,3
2024-05-10 00:18:51.911016+00:00,1329,54
2024-05-10 00:18:52.158020+00:00,1959,12
2024-05-10 00:18:52.278817+00:00,1660,18
2024-05-10 00:18:52.340185+00:00,1326,6
2024-05-10 00:18:52.412041+00:00,1959,12
2024-05-10 00:18:52.412266+00:00,1329,44
2024-05-10 00:18:52.506696+00:00,1618,4
2024-05-10 00:18:52.756389+00:00,1921,10
2024-05-10 00:18:52.841466+00:00,1527,110
2024-05-10 00:18:52.841939+00:00,1327,4
2024-05-10 00:18:52.910484+00:00,1323,27
2024-05-10 00:18:53.160965+00:00,1144,17
2024-05-10 00:18:53.407187+00:00,1325,47
2024-05-10 00:18:53.756984+00:00,1617,5
2024-05-10 00:18:53.836689+00:00,1569,7
2024-05-10 00:18:53.913331+00:00,1144,7
2024-05-10 00:18:53.916701+00:00,1962,11
2024-05-10 00:18:53.916999+00:00,1329,1
2024-05-10 00:18:54.038136+00:00,1276,6
2024-05-10 00:18:54.159409+00:00,1962,1
2024-05-10 00:18:54.276646+00:00,1965,2
2024-05-10 00:18:54.336832+00:00,1569,1
2024-05-10 00:18:54.417284+00:00,1962,5
2024-05-10 00:18:54.659451+00:00,1146,6
2024-05-10 00:18:54.838783+00:00,1569,7
2024-05-10 00:18:55.017772+00:00,1745,9
2024-05-10 00:18:55.086087+00:00,1159,3
2024-05-10 00:18:55.153208+00:00,1324,115
2024-05-10 00:18:55.268226+00:00,1621,2
2024-05-10 00:18:55.269284+00:00,1745,11
2024-05-10 00:18:55.756096+00:00,1746,9
2024-05-10 00:18:55.770362+00:00,1947,20
2024-05-10 00:18:55.842065+00:00,1364,2
2024-05-10 00:18:56.006919+00:00,1746,9
2024-05-10 00:18:56.151520+00:00,1145,19
2024-05-10 00:18:56.153581+00:00,1266,5
2024-05-10 00:18:56.400764+00:00,1326,38
2024-05-10 00:18:56.506759+00:00,1113,46
2024-05-10 00:18:56.507994+00:00,1746,9
2024-05-10 00:18:56.585449+00:00,1864,17
2024-05-10 00:18:56.756489+00:00,1621,2
2024-05-10 00:18:57.005992+00:00,1747,7
2024-05-10 00:18:57.257888+00:00,1686,19
2024-05-10 00:18:57.402582+00:00,1327,44
2024-05-10 00:18:57.542379+00:00,1277,4
2024-05-10 00:18:57.583871+00:00,1864,9
2024-05-10 00:18:57.760368+00:00,1927,5
2024-05-10 00:18:57.760970+00:00,1749,7
2024-05-10 00:18:57.761838+00:00,1694,15
2024-05-10 00:18:57.762799+00:00,1621,6
2024-05-10 00:18:58.044140+00:00,1277,4
2024-05-10 00:18:59.083202+00:00,1923,6
2024-05-10 00:18:59.400852+00:00,1329,6
2024-05-10 00:18:59.508348+00:00,1694,19
2024-05-10 00:19:00.254248+00:00,1116,3
2024-05-10 00:19:00.337050+00:00,1332,2
2024-05-10 00:19:00.338354+00:00,1604,15
2024-05-10 00:19:00.651785+00:00,1326,9
2024-05-10 00:19:00.767963+00:00,1956,22
2024-05-10 00:19:00.841224+00:00,1232,1
2024-05-10 00:19:00.880927+00:00,1597,3
2024-05-10 00:19:00.903132+00:00,1326,45
2024-05-10 00:19:01.255390+00:00,1626,1
2024-05-10 00:19:01.295859+00:00,1281,16
2024-05-10 00:19:01.402449+00:00,1035,24
2024-05-10 00:19:01.773676+00:00,1233,5
2024-05-10 00:19:01.789630+00:00,2037,3
2024-05-10 00:19:01.838928+00:00,1233,14
2024-05-10 00:19:02.342938+00:00,1549,3
2024-05-10 00:19:03.038656+00:00,1283,11
2024-05-10 00:19:03.084310+00:00,1573,4
2024-05-10 00:19:03.383126+00:00,1028,19
2024-05-10 00:19:03.536886+00:00,1284,1
2024-05-10 00:19:03.651120+00:00,1325,14
2024-05-10 00:19:03.761309+00:00,1401,13
2024-05-10 00:19:04.537305+00:00,1285,10
2024-05-10 00:19:04.651744+00:00,1148,39
2024-05-10 00:19:05.005994+00:00,1401,67
2024-05-10 00:19:05.021286+00:00,1354,24
2024-05-10 00:19:05.037951+00:00,1286,9
2024-05-10 00:19:05.341533+00:00,1691,2
2024-05-10 00:19:05.591372+00:00,1088,3
2024-05-10 00:19:05.650852+00:00,1326,10
2024-05-10 00:19:05.770057+00:00,1294,13
2024-05-10 00:19:06.271012+00:00,1353,6
2024-05-10 00:19:06.336775+00:00,1088,8
2024-05-10 00:19:06.761292+00:00,1111,4
2024-05-10 00:19:07.260102+00:00,1402,41
2024-05-10 00:19:07.267384+00:00,1956,1
2024-05-10 00:19:07.587053+00:00,1870,12
2024-05-10 00:19:07.766412+00:00,1956,1
2024-05-10 00:19:07.835839+00:00,1870,12
2024-05-10 00:19:08.006067+00:00,1403,1
2024-05-10 00:19:08.155549+00:00,1043,24
2024-05-10 00:19:08.587219+00:00,1872,10
2024-05-10 00:19:08.842622+00:00,1194,3
2024-05-10 00:19:09.018395+00:00,1957,1
2024-05-10 00:19:09.037833+00:00,1444,4
2024-05-10 00:19:09.759300+00:00,1402,64
2024-05-10 00:19:10.291835+00:00,1771,53
2024-05-10 00:19:10.530617+00:00,1165,11
2024-05-10 00:19:10.788856+00:00,1771,73
2024-05-10 00:19:10.837476+00:00,1872,10
2024-05-10 00:19:11.031392+00:00,1165,12
2024-05-10 00:19:11.087664+00:00,1197,10
2024-05-10 00:19:11.253722+00:00,1114,250
2024-05-10 00:19:11.275079+00:00,1294,15
2024-05-10 00:19:11.525156+00:00,1472,18
2024-05-10 00:19:11.591521+00:00,1089,3
2024-05-10 00:19:11.591702+00:00,1920,11
2024-05-10 00:19:12.009279+00:00,1402,67
2024-05-10 00:19:12.090128+00:00,1696,74
2024-05-10 00:19:12.255746+00:00,1117,5
2024-05-10 00:19:12.839562+00:00,1178,16
2024-05-10 00:19:13.022291+00:00,1959,3
2024-05-10 00:19:13.087755+00:00,1873,18
2024-05-10 00:19:13.835440+00:00,1123,16
2024-05-10 00:19:14.021105+00:00,1680,16
2024-05-10 00:19:14.154368+00:00,1327,109
2024-05-10 00:19:14.910906+00:00,1328,95
2024-05-10 00:19:15.271715+00:00,1681,27
2024-05-10 00:19:15.276820+00:00,1475,18
2024-05-10 00:19:15.521575+00:00,1282,3
2024-05-10 00:19:15.754276+00:00,1384,5
2024-05-10 00:19:16.004341+00:00,1385,4
2024-05-10 00:19:16.158138+00:00,1916,27
2024-05-10 00:19:16.272386+00:00,1681,26
2024-05-10 00:19:16.290009+00:00,1923,8
2024-05-10 00:19:16.290989+00:00,1177,33
2024-05-10 00:19:16.335600+00:00,1088,3
2024-05-10 00:19:16.791726+00:00,1921,7
2024-05-10 00:19:17.007735+00:00,1386,45
2024-05-10 00:19:17.132687+00:00,1999,3
2024-05-10 00:19:17.583081+00:00,1071,3
2024-05-10 00:19:17.832497+00:00,1075,9
2024-05-10 00:19:18.018377+00:00,1178,87
2024-05-10 00:19:18.039947+00:00,1210,8
2024-05-10 00:19:18.082464+00:00,1075,18
2024-05-10 00:19:18.157360+00:00,1163,12
2024-05-10 00:19:18.583879+00:00,1085,13
2024-05-10 00:19:18.766506+00:00,1829,2
2024-05-10 00:19:19.025233+00:00,1697,27
2024-05-10 00:19:19.335634+00:00,1205,27
2024-05-10 00:19:20.270056+00:00,1711,27
2024-05-10 00:19:20.333655+00:00,1601,14
2024-05-10 00:19:20.383483+00:00,1673,10
2024-05-10 00:19:20.833117+00:00,1882,4
2024-05-10 00:19:21.038853+00:00,2042,3
2024-05-10 00:19:21.082610+00:00,1086,4
2024-05-10 00:19:21.526067+00:00,1757,9
2024-05-10 00:19:22.003396+00:00,1117,4
2024-05-10 00:19:22.082165+00:00,1064,1
2024-05-10 00:19:22.132429+00:00,1231,11
2024-05-10 00:19:22.275480+00:00,1274,1
2024-05-10 00:19:22.503945+00:00,1568,9
2024-05-10 00:19:22.588961+00:00,1064,2
2024-05-10 00:19:23.019509+00:00,1272,2
2024-05-10 00:19:23.253455+00:00,1277,15
2024-05-10 00:19:23.383862+00:00,1675,46
2024-05-10 00:19:23.386476+00:00,1189,80
2024-05-10 00:19:23.583224+00:00,1575,64
2024-05-10 00:19:24.082249+00:00,1577,3
2024-05-10 00:19:24.253191+00:00,1573,8
2024-05-10 00:19:24.582572+00:00,1577,1
2024-05-10 00:19:24.833651+00:00,1577,9
2024-05-10 00:19:24.881091+00:00,1064,12
2024-05-10 00:19:25.021165+00:00,1121,23
2024-05-10 00:19:25.087111+00:00,1209,1
2024-05-10 00:19:25.335335+00:00,1577,1
2024-05-10 00:19:25.588602+00:00,1209,21
2024-05-10 00:19:25.837098+00:00,1577,9
2024-05-10 00:19:26.082316+00:00,1387,6
2024-05-10 00:19:26.152667+00:00,1328,24
2024-05-10 00:19:26.332574+00:00,1578,1
2024-05-10 00:19:26.591901+00:00,1091,7
2024-05-10 00:19:26.775580+00:00,1479,16
2024-05-10 00:19:26.837013+00:00,1389,29
2024-05-10 00:19:27.089343+00:00,1579,7
2024-05-10 00:19:27.266554+00:00,1851,9
2024-05-10 00:19:27.400761+00:00,1329,6
2024-05-10 00:19:28.083112+00:00,1391,1
2024-05-10 00:19:28.152462+00:00,1324,6
2024-05-10 00:19:28.332306+00:00,1391,4
2024-05-10 00:19:28.522876+00:00,1961,7
2024-05-10 00:19:28.583242+00:00,1392,3
2024-05-10 00:19:28.583491+00:00,1618,3
2024-05-10 00:19:29.083434+00:00,1320,7
2024-05-10 00:19:29.130893+00:00,1189,83
2024-05-10 00:19:29.502986+00:00,1602,9
2024-05-10 00:19:29.583425+00:00,1091,14
2024-05-10 00:19:30.003175+00:00,1580,4
2024-05-10 00:19:30.017371+00:00,1619,2
2024-05-10 00:19:30.082395+00:00,1368,109
2024-05-10 00:19:30.516725+00:00,1620,3
2024-05-10 00:19:30.651464+00:00,1273,14
2024-05-10 00:19:30.768483+00:00,1481,56
2024-05-10 00:19:30.900791+00:00,1328,6
2024-05-10 00:19:31.017544+00:00,1275,1
2024-05-10 00:19:31.266379+00:00,1275,1
2024-05-10 00:19:31.273865+00:00,1273,15
2024-05-10 00:19:31.292898+00:00,1664,156
2024-05-10 00:19:31.332239+00:00,1133,7
2024-05-10 00:19:31.650716+00:00,1325,43
2024-05-10 00:19:31.767932+00:00,1560,3
2024-05-10 00:19:31.832355+00:00,1396,2
2024-05-10 00:19:31.833468+00:00,1089,1
2024-05-10 00:19:32.017299+00:00,1622,1
2024-05-10 00:19:32.152220+00:00,1475,42
2024-05-10 00:19:32.153857+00:00,1327,10
2024-05-10 00:19:32.526880+00:00,1481,28
2024-05-10 00:19:33.083338+00:00,1582,5
2024-05-10 00:19:33.286764+00:00,1291,10
2024-05-10 00:19:33.288116+00:00,1781,15
2024-05-10 00:19:33.755332+00:00,1582,6
2024-05-10 00:19:33.766604+00:00,1624,4
2024-05-10 00:19:33.834349+00:00,1621,15
2024-05-10 00:19:34.083679+00:00,1399,1
2024-05-10 00:19:34.266818+00:00,1624,4
2024-05-10 00:19:34.335631+00:00,1894,6
2024-05-10 00:19:34.400762+00:00,1478,5
2024-05-10 00:19:34.770050+00:00,1962,30
2024-05-10 00:19:34.844099+00:00,1582,5
2024-05-10 00:19:34.847161+00:00,1894,11
2024-05-10 00:19:34.847974+00:00,1596,1
2024-05-10 00:19:35.008751+00:00,1613,15
2024-05-10 00:19:35.010604+00:00,1866,3
2024-05-10 00:19:35.404617+00:00,1901,7
2024-05-10 00:19:35.507587+00:00,1613,15
2024-05-10 00:19:35.600765+00:00,1895,15
2024-05-10 00:19:35.600876+00:00,1025,5
2024-05-10 00:19:35.651429+00:00,1507,8
2024-05-10 00:19:35.848199+00:00,1089,138
2024-05-10 00:19:35.851266+00:00,1025,24
2024-05-10 00:19:35.901312+00:00,1901,10
2024-05-10 00:19:35.901805+00:00,1254,2
2024-05-10 00:19:36.039256+00:00,1937,3
2024-05-10 00:19:36.092398+00:00,1214,82
2024-05-10 00:19:36.092524+00:00,1025,17
2024-05-10 00:19:36.151417+00:00,1510,7
2024-05-10 00:19:36.522770+00:00,1455,3
2024-05-10 00:19:36.590374+00:00,1399,3
2024-05-10 00:19:36.776222+00:00,1353,17
2024-05-10 00:19:36.843501+00:00,1091,166
2024-05-10 00:19:37.017804+00:00,1278,18
2024-05-10 00:19:37.098773+00:00,1214,39
2024-05-10 00:19:37.254798+00:00,1586,3
2024-05-10 00:19:37.516969+00:00,1279,1
2024-05-10 00:19:37.593790+00:00,1156,18
2024-05-10 00:19:37.595473+00:00,1091,73
2024-05-10 00:19:37.598345+00:00,1213,23
2024-05-10 00:19:37.767207+00:00,1280,18
2024-05-10 00:19:37.790355+00:00,1939,2
2024-05-10 00:19:38.008651+00:00,1867,3
2024-05-10 00:19:38.009539+00:00,1639,8
2024-05-10 00:19:38.140518+00:00,1728,11
2024-05-10 00:19:38.254681+00:00,1868,3
2024-05-10 00:19:38.335496+00:00,1639,14
2024-05-10 00:19:38.520376+00:00,1483,20
2024-05-10 00:19:38.755383+00:00,1867,3
2024-05-10 00:19:38.766524+00:00,1279,4
2024-05-10 00:19:39.018469+00:00,1280,5
2024-05-10 00:19:39.083949+00:00,1093,1
2024-05-10 00:19:39.155667+00:00,1322,51
2024-05-10 00:19:39.255076+00:00,1867,3
2024-05-10 00:19:39.271781+00:00,1354,14
2024-05-10 00:19:40.151126+00:00,1902,3
2024-05-10 00:19:40.401209+00:00,1902,11
2024-05-10 00:19:40.590147+00:00,1585,61
2024-05-10 00:19:41.091330+00:00,1424,2
2024-05-10 00:19:41.152218+00:00,1901,10
2024-05-10 00:19:41.259277+00:00,1870,88
2024-05-10 00:19:41.343206+00:00,1026,12
2024-05-10 00:19:41.522096+00:00,1458,5
2024-05-10 00:19:41.590876+00:00,1095,37
2024-05-10 00:19:41.768213+00:00,1458,3
2024-05-10 00:19:42.095739+00:00,1175,1
2024-05-10 00:19:42.097285+00:00,1095,72
2024-05-10 00:19:42.100066+00:00,1026,24
2024-05-10 00:19:42.291759+00:00,1930,12
2024-05-10 00:19:42.345400+00:00,1215,17
2024-05-10 00:19:42.517014+00:00,1282,4
2024-05-10 00:19:42.523360+00:00,1458,6
2024-05-10 00:19:42.523578+00:00,1229,34
2024-05-10 00:19:42.635764+00:00,1151,10
2024-05-10 00:19:42.766939+00:00,1282,5
2024-05-10 00:19:42.901108+00:00,1901,10
2024-05-10 00:19:43.092811+00:00,1147,17
2024-05-10 00:19:43.131506+00:00,1154,1
2024-05-10 00:19:43.634896+00:00,1232,88
2024-05-10 00:19:43.650431+00:00,1314,17
2024-05-10 00:19:43.834179+00:00,1027,20
2024-05-10 00:19:43.901196+00:00,1332,37
2024-05-10 00:19:44.013150+00:00,1384,11
2024-05-10 00:19:44.016742+00:00,1438,4
2024-05-10 00:19:44.022459+00:00,1229,11
2024-05-10 00:19:45.087016+00:00,1601,9
2024-05-10 00:19:45.131259+00:00,1153,7
2024-05-10 00:19:45.172085+00:00,1345,45
2024-05-10 00:19:45.260064+00:00,1586,9
2024-05-10 00:19:45.275857+00:00,1486,24
2024-05-10 00:19:45.383508+00:00,2002,24
2024-05-10 00:19:45.631729+00:00,1154,10
2024-05-10 00:19:46.088228+00:00,1214,82
2024-05-10 00:19:46.150994+00:00,1345,45
2024-05-10 00:19:46.510159+00:00,1998,32
2024-05-10 00:19:46.758496+00:00,1438,20
2024-05-10 00:19:47.510196+00:00,2001,8
2024-05-10 00:19:47.510272+00:00,1586,9
2024-05-10 00:19:47.547931+00:00,1640,36
2024-05-10 00:19:47.634419+00:00,1153,7
2024-05-10 00:19:47.761828+00:00,1438,15
2024-05-10 00:19:47.901136+00:00,1321,28
2024-05-10 00:19:48.154401+00:00,1322,59
2024-05-10 00:19:48.396296+00:00,1238,268
2024-05-10 00:19:48.761383+00:00,1372,61
2024-05-10 00:19:48.901976+00:00,1904,8
2024-05-10 00:19:49.386876+00:00,1407,3
2024-05-10 00:19:49.903008+00:00,1321,45
2024-05-10 00:19:50.013938+00:00,1653,6
2024-05-10 00:19:50.507697+00:00,1386,67
2024-05-10 00:19:51.015156+00:00,1438,15
2024-05-10 00:19:51.256948+00:00,1387,60
2024-05-10 00:19:51.539152+00:00,1210,18
2024-05-10 00:19:52.009902+00:00,1889,14
2024-05-10 00:19:52.049784+00:00,1211,12
2024-05-10 00:19:52.259259+00:00,1388,11
2024-05-10 00:19:52.506982+00:00,1438,23
2024-05-10 00:19:52.522729+00:00,1195,83
2024-05-10 00:19:52.637656+00:00,1913,1
2024-05-10 00:19:53.011471+00:00,1390,1
2024-05-10 00:19:53.022800+00:00,1376,15
2024-05-10 00:19:53.901364+00:00,1335,56
2024-05-10 00:19:54.005169+00:00,1390,1
2024-05-10 00:19:54.008244+00:00,1694,26
2024-05-10 00:19:54.754741+00:00,1391,30
2024-05-10 00:19:54.755414+00:00,1951,1
2024-05-10 00:19:54.758723+00:00,1696,27
2024-05-10 00:19:54.835702+00:00,1401,1
2024-05-10 00:19:54.892197+00:00,1046,13
2024-05-10 00:19:55.087939+00:00,1401,1
2024-05-10 00:19:55.389032+00:00,1048,13
2024-05-10 00:19:55.514719+00:00,1697,28
2024-05-10 00:19:55.760714+00:00,1941,1
2024-05-10 00:19:55.762408+00:00,1941,1
2024-05-10 00:19:55.796225+00:00,1050,34
2024-05-10 00:19:56.010767+00:00,1941,5
2024-05-10 00:19:56.259045+00:00,1393,1
2024-05-10 00:19:56.259262+00:00,1941,3
2024-05-10 00:19:56.288265+00:00,1415,34
2024-05-10 00:19:56.334897+00:00,1580,6
2024-05-10 00:19:56.385809+00:00,1047,12
2024-05-10 00:19:56.513780+00:00,1941,5
2024-05-10 00:19:56.524266+00:00,1558,98
2024-05-10 00:19:56.584252+00:00,1580,13
2024-05-10 00:19:57.011593+00:00,1393,1
2024-05-10 00:19:57.258408+00:00,1393,1
2024-05-10 00:19:57.332113+00:00,1401,1
2024-05-10 00:19:57.773646+00:00,1291,12
2024-05-10 00:19:57.786462+00:00,1418,2
2024-05-10 00:19:58.525644+00:00,1292,29
2024-05-10 00:19:59.017930+00:00,1394,75
2024-05-10 00:19:59.084493+00:00,1214,68
2024-05-10 00:19:59.264511+00:00,1583,21
2024-05-10 00:19:59.269612+00:00,1701,23
2024-05-10 00:19:59.631571+00:00,1061,14
2024-05-10 00:19:59.774413+00:00,1699,9
2024-05-10 00:19:59.832047+00:00,1214,44
2024-05-10 00:20:00.795372+00:00,1420,76
2024-05-10 00:20:01.130833+00:00,1208,1
2024-05-10 00:20:01.630608+00:00,1208,2
2024-05-10 00:20:03.288284+00:00,1422,349
2024-05-10 00:20:04.026376+00:00,1665,18
2024-05-10 00:20:04.031668+00:00,1460,9
2024-05-10 00:20:04.082908+00:00,2020,28
2024-05-10 00:20:04.083319+00:00,1073,11
2024-05-10 00:20:04.087110+00:00,1214,98
2024-05-10 00:20:04.786649+00:00,1159,1
2024-05-10 00:20:05.019702+00:00,1944,16
2024-05-10 00:20:05.769133+00:00,1438,20
2024-05-10 00:20:05.882519+00:00,1210,2
2024-05-10 00:20:06.027390+00:00,1944,16
2024-05-10 00:20:06.270179+00:00,1465,6
2024-05-10 00:20:06.522809+00:00,1899,1
2024-05-10 00:20:06.537526+00:00,1974,4
2024-05-10 00:20:07.030638+00:00,1899,14
2024-05-10 00:20:07.332876+00:00,2011,3
2024-05-10 00:20:07.527643+00:00,1466,5
2024-05-10 00:20:08.028591+00:00,1900,1
2024-05-10 00:20:08.272136+00:00,1900,1
2024-05-10 00:20:08.777592+00:00,1900,1
2024-05-10 00:20:08.787114+00:00,1297,4
2024-05-10 00:20:08.832742+00:00,1948,14
2024-05-10 00:20:08.836246+00:00,1912,1
2024-05-10 00:20:09.028481+00:00,1467,8
2024-05-10 00:20:09.083475+00:00,1050,26
2024-05-10 00:20:09.524793+00:00,1901,58
2024-05-10 00:20:09.536814+00:00,1480,5
2024-05-10 00:20:09.832600+00:00,1050,12
2024-05-10 00:20:11.286338+00:00,1781,9
2024-05-10 00:20:11.657501+00:00,1335,58
2024-05-10 00:20:11.771880+00:00,1902,88
2024-05-10 00:20:11.772587+00:00,1902,1
2024-05-10 00:20:11.787571+00:00,1781,13
2024-05-10 00:20:12.020095+00:00,1902,2
2024-05-10 00:20:12.163966+00:00,1334,58
2024-05-10 00:20:12.258215+00:00,1247,30
2024-05-10 00:20:12.537597+00:00,1781,14
2024-05-10 00:20:12.669047+00:00,1333,38
2024-05-10 00:20:13.031319+00:00,1903,1
2024-05-10 00:20:13.038498+00:00,1478,8
2024-05-10 00:20:13.535429+00:00,1467,6
2024-05-10 00:20:13.538712+00:00,1956,6
2024-05-10 00:20:13.756662+00:00,1438,2
2024-05-10 00:20:13.884121+00:00,1076,15
2024-05-10 00:20:14.531415+00:00,1467,3
2024-05-10 00:20:14.583925+00:00,1115,1
2024-05-10 00:20:14.585423+00:00,1214,14
2024-05-10 00:20:14.635373+00:00,1626,80
2024-05-10 00:20:14.909162+00:00,1346,41
2024-05-10 00:20:15.287858+00:00,1480,6
2024-05-10 00:20:15.334435+00:00,1212,19
2024-05-10 00:20:15.407301+00:00,1345,26
2024-05-10 00:20:15.666731+00:00,1314,64
2024-05-10 00:20:15.917970+00:00,1423,129
2024-05-10 00:20:16.157454+00:00,1313,38
2024-05-10 00:20:16.291694+00:00,1107,3
2024-05-10 00:20:16.333862+00:00,1956,61
2024-05-10 00:20:16.334157+00:00,1050,10
2024-05-10 00:20:16.655130+00:00,1313,38
2024-05-10 00:20:16.834117+00:00,1214,22
2024-05-10 00:20:16.911464+00:00,1316,27
2024-05-10 00:20:17.082050+00:00,1815,2
2024-05-10 00:20:17.410344+00:00,1816,91
2024-05-10 00:20:17.536788+00:00,1480,1
2024-05-10 00:20:17.538305+00:00,1105,3
2024-05-10 00:20:17.778626+00:00,1468,2
2024-05-10 00:20:18.003179+00:00,1262,17
2024-05-10 00:20:18.024122+00:00,1468,2
2024-05-10 00:20:18.038290+00:00,1481,5
2024-05-10 00:20:18.086681+00:00,1040,49
2024-05-10 00:20:18.333565+00:00,1040,48
2024-05-10 00:20:18.538925+00:00,2012,21
2024-05-10 00:20:18.834187+00:00,1042,5
2024-05-10 00:20:18.835188+00:00,1042,1
2024-05-10 00:20:19.403859+00:00,2010,33
2024-05-10 00:20:19.586815+00:00,1043,11
2024-05-10 00:20:19.641846+00:00,1959,46
2024-05-10 00:20:20.020593+00:00,1176,4
2024-05-10 00:20:20.084641+00:00,1043,22
2024-05-10 00:20:20.775065+00:00,1178,1
2024-05-10 00:20:20.786103+00:00,1553,1
2024-05-10 00:20:20.838445+00:00,1040,48
2024-05-10 00:20:21.010323+00:00,1440,3
2024-05-10 00:20:21.025340+00:00,1179,3
2024-05-10 00:20:21.761129+00:00,1946,1
2024-05-10 00:20:21.848921+00:00,1042,17
2024-05-10 00:20:22.092077+00:00,1411,51
2024-05-10 00:20:22.094533+00:00,1042,1
2024-05-10 00:20:22.596727+00:00,1235,13
2024-05-10 00:20:22.842471+00:00,1416,15
2024-05-10 00:20:23.020659+00:00,1178,2
2024-05-10 00:20:23.152504+00:00,1556,1
2024-05-10 00:20:23.256619+00:00,1946,2
2024-05-10 00:20:23.881052+00:00,1086,5
2024-05-10 00:20:24.130877+00:00,1812,2
2024-05-10 00:20:24.150970+00:00,1995,14
2024-05-10 00:20:24.153519+00:00,1829,8
2024-05-10 00:20:24.337896+00:00,1417,8
2024-05-10 00:20:24.505909+00:00,1723,9
2024-05-10 00:20:24.591527+00:00,1046,6
2024-05-10 00:20:24.838216+00:00,1480,5
2024-05-10 00:20:25.084303+00:00,1046,6
2024-05-10 00:20:25.340727+00:00,1046,12
2024-05-10 00:20:25.341199+00:00,1268,2
2024-05-10 00:20:25.753633+00:00,1946,4
2024-05-10 00:20:26.527545+00:00,1243,3
2024-05-10 00:20:26.584032+00:00,1212,12
2024-05-10 00:20:26.833755+00:00,1212,10
2024-05-10 00:20:26.901340+00:00,1723,18
2024-05-10 00:20:27.503537+00:00,1724,13
2024-05-10 00:20:27.529526+00:00,1481,73
2024-05-10 00:20:27.778603+00:00,1482,16
2024-05-10 00:20:27.834882+00:00,1046,4
2024-05-10 00:20:28.131794+00:00,1069,19
2024-05-10 00:20:28.256720+00:00,1724,2
2024-05-10 00:20:28.586336+00:00,1047,3
2024-05-10 00:20:28.586922+00:00,1281,9
2024-05-10 00:20:28.834563+00:00,1047,6
2024-05-10 00:20:29.539535+00:00,1755,1
2024-05-10 00:20:29.791807+00:00,1755,15
2024-05-10 00:20:30.272059+00:00,1482,15
2024-05-10 00:20:30.633373+00:00,1665,7
2024-05-10 00:20:31.381165+00:00,1075,34
2024-05-10 00:20:31.530030+00:00,1483,8
2024-05-10 00:20:31.537482+00:00,1696,14
2024-05-10 00:20:31.538959+00:00,1757,22
2024-05-10 00:20:31.776168+00:00,1229,17
2024-05-10 00:20:32.026272+00:00,1483,8
2024-05-10 00:20:32.086555+00:00,1121,16
2024-05-10 00:20:32.140119+00:00,1806,5
2024-05-10 00:20:32.522406+00:00,1482,8
2024-05-10 00:20:32.640318+00:00,1075,57
2024-05-10 00:20:32.770785+00:00,1093,2
2024-05-10 00:20:33.025391+00:00,1093,4
2024-05-10 00:20:33.280737+00:00,1483,14
2024-05-10 00:20:33.518116+00:00,1094,3
2024-05-10 00:20:33.790511+00:00,1758,100
2024-05-10 00:20:34.586291+00:00,1437,4
2024-05-10 00:20:35.040021+00:00,1342,3
2024-05-10 00:20:35.642823+00:00,1080,12
2024-05-10 00:20:35.644838+00:00,1115,13
2024-05-10 00:20:36.087533+00:00,1111,33
2024-05-10 00:20:36.268658+00:00,1483,87
2024-05-10 00:20:36.387162+00:00,1081,11
2024-05-10 00:20:36.585392+00:00,1418,1
2024-05-10 00:20:36.887127+00:00,1380,17
2024-05-10 00:20:37.138771+00:00,1380,1
2024-05-10 00:20:37.334588+00:00,1418,5
2024-05-10 00:20:37.383492+00:00,1380,2
2024-05-10 00:20:37.632501+00:00,1380,2
2024-05-10 00:20:38.135343+00:00,1844,1
2024-05-10 00:20:38.137110+00:00,1116,14
2024-05-10 00:20:38.505172+00:00,1724,10
2024-05-10 00:20:38.590022+00:00,1420,1
2024-05-10 00:20:38.631366+00:00,1844,1
2024-05-10 00:20:38.755424+00:00,1889,1
2024-05-10 00:20:39.005834+00:00,1889,4
2024-05-10 00:20:39.255741+00:00,1890,13
2024-05-10 00:20:39.338965+00:00,1880,18
2024-05-10 00:20:39.839321+00:00,1943,32
2024-05-10 00:20:39.840679+00:00,1880,16
2024-05-10 00:20:40.045974+00:00,1180,65
2024-05-10 00:20:40.272258+00:00,1971,2
2024-05-10 00:20:40.272844+00:00,1509,9
2024-05-10 00:20:40.340790+00:00,1910,18
2024-05-10 00:20:40.504743+00:00,1417,2
2024-05-10 00:20:40.540584+00:00,1347,14
2024-05-10 00:20:40.596241+00:00,1420,2
2024-05-10 00:20:40.596473+00:00,1880,18
2024-05-10 00:20:40.633460+00:00,1119,56
2024-05-10 00:20:41.088709+00:00,1944,10
2024-05-10 00:20:41.255936+00:00,1416,3
2024-05-10 00:20:41.268990+00:00,1509,9
2024-05-10 00:20:41.504857+00:00,1415,4
2024-05-10 00:20:41.524545+00:00,2031,11
2024-05-10 00:20:41.833589+00:00,1881,13
2024-05-10 00:20:42.384984+00:00,1159,13
2024-05-10 00:20:42.508358+00:00,1417,1
2024-05-10 00:20:42.511306+00:00,1890,1
2024-05-10 00:20:42.764435+00:00,1417,6
2024-05-10 00:20:42.767439+00:00,1890,9
2024-05-10 00:20:42.791672+00:00,1474,61
2024-05-10 00:20:43.089172+00:00,1884,15
2024-05-10 00:20:43.258476+00:00,1890,9
2024-05-10 00:20:43.881255+00:00,1904,34
2024-05-10 00:20:44.132927+00:00,1904,34
2024-05-10 00:20:44.592493+00:00,1152,16
2024-05-10 00:20:44.632349+00:00,1906,1
2024-05-10 00:20:44.653851+00:00,1729,3
2024-05-10 00:20:45.589864+00:00,1882,14
2024-05-10 00:20:46.156818+00:00,1550,80
2024-05-10 00:20:46.286990+00:00,1180,8
2024-05-10 00:20:46.401671+00:00,1730,1
2024-05-10 00:20:46.838047+00:00,1105,51
2024-05-10 00:20:46.838777+00:00,1407,6
2024-05-10 00:20:47.023556+00:00,1496,3
2024-05-10 00:20:47.588069+00:00,1154,14
2024-05-10 00:20:48.010746+00:00,1616,3
2024-05-10 00:20:48.086084+00:00,1407,6
2024-05-10 00:20:48.086877+00:00,1885,16
2024-05-10 00:20:48.510648+00:00,1616,3
2024-05-10 00:20:48.584942+00:00,1885,21
2024-05-10 00:20:49.335855+00:00,1888,14
2024-05-10 00:20:49.653338+00:00,1618,1
2024-05-10 00:20:50.268214+00:00,2039,3
2024-05-10 00:20:50.274399+00:00,1498,13
2024-05-10 00:20:50.400661+00:00,1899,24
2024-05-10 00:20:50.883482+00:00,1744,96
2024-05-10 00:20:52.019444+00:00,1793,2
2024-05-10 00:20:52.089873+00:00,1561,8
2024-05-10 00:20:52.092514+00:00,1157,21
2024-05-10 00:20:52.335117+00:00,1564,1
2024-05-10 00:20:52.589326+00:00,1565,3
2024-05-10 00:20:52.772804+00:00,1794,20
2024-05-10 00:20:53.011492+00:00,2041,1
2024-05-10 00:20:53.090822+00:00,1565,26
2024-05-10 00:20:53.133317+00:00,1160,14
2024-05-10 00:20:53.524342+00:00,1795,37
2024-05-10 00:20:53.525058+00:00,1431,3
2024-05-10 00:20:53.834757+00:00,1565,15
2024-05-10 00:20:54.382270+00:00,1431,17
2024-05-10 00:20:54.527222+00:00,1796,4
2024-05-10 00:20:54.527972+00:00,1502,17
2024-05-10 00:20:54.528323+00:00,1097,4
2024-05-10 00:20:54.634316+00:00,1161,4
2024-05-10 00:20:54.786617+00:00,1152,3
2024-05-10 00:20:54.847717+00:00,1157,26
2024-05-10 00:20:55.536983+00:00,1762,2
2024-05-10 00:20:55.587626+00:00,1282,3
2024-05-10 00:20:55.840522+00:00,1569,46
2024-05-10 00:20:55.881435+00:00,1206,18
2024-05-10 00:20:56.004092+00:00,1482,4
2024-05-10 00:20:56.038218+00:00,1799,121
2024-05-10 00:20:56.040025+00:00,1763,1
2024-05-10 00:20:56.089272+00:00,1106,55
2024-05-10 00:20:56.278968+00:00,1095,1
2024-05-10 00:20:56.287881+00:00,1110,4
2024-05-10 00:20:56.410645+00:00,1311,28
2024-05-10 00:20:56.502979+00:00,1482,22
2024-05-10 00:20:56.528712+00:00,1095,2
2024-05-10 00:20:56.784765+00:00,1799,218
2024-05-10 00:20:56.914720+00:00,1313,45
2024-05-10 00:20:57.040730+00:00,1104,5
2024-05-10 00:20:58.005111+00:00,1354,9
2024-05-10 00:20:58.042063+00:00,1763,276
2024-05-10 00:20:58.042885+00:00,1871,22
2024-05-10 00:20:58.131502+00:00,1208,10
2024-05-10 00:20:58.270830+00:00,1363,62
2024-05-10 00:20:58.385911+00:00,1163,59
2024-05-10 00:20:58.758839+00:00,1356,16
2024-05-10 00:20:58.770242+00:00,1503,10
2024-05-10 00:20:58.901756+00:00,1314,13
2024-05-10 00:20:59.004355+00:00,1363,54
2024-05-10 00:20:59.007176+00:00,1357,13
2024-05-10 00:20:59.157147+00:00,1314,43
2024-05-10 00:20:59.258841+00:00,1890,1
2024-05-10 00:20:59.273941+00:00,1095,2
2024-05-10 00:20:59.299206+00:00,1108,172
2024-05-10 00:20:59.301597+00:00,1766,67
2024-05-10 00:20:59.504374+00:00,1357,15
2024-05-10 00:20:59.639052+00:00,1211,9
2024-05-10 00:20:59.652847+00:00,1315,47
2024-05-10 00:20:59.770203+00:00,1090,1
2024-05-10 00:20:59.790827+00:00,1766,82
2024-05-10 00:21:00.005515+00:00,1357,15
2024-05-10 00:21:00.022148+00:00,1089,4
2024-05-10 00:21:00.253488+00:00,1891,9
2024-05-10 00:21:00.503066+00:00,1485,9
2024-05-10 00:21:00.523627+00:00,1089,4
2024-05-10 00:21:00.524171+00:00,1504,20
2024-05-10 00:21:00.530820+00:00,1582,4
2024-05-10 00:21:00.637276+00:00,1208,13
2024-05-10 00:21:00.798898+00:00,1879,15
2024-05-10 00:21:01.023189+00:00,1513,14
2024-05-10 00:21:01.253180+00:00,1485,9
2024-05-10 00:21:01.256267+00:00,1891,1
2024-05-10 00:21:01.339835+00:00,1479,3
2024-05-10 00:21:01.341825+00:00,1266,7
2024-05-10 00:21:01.402640+00:00,1315,21
2024-05-10 00:21:01.506252+00:00,1891,12
2024-05-10 00:21:01.753614+00:00,1485,9
2024-05-10 00:21:01.836152+00:00,1479,3
2024-05-10 00:21:01.903433+00:00,1315,49
2024-05-10 00:21:02.271250+00:00,1514,13
2024-05-10 00:21:02.503062+00:00,1487,8
2024-05-10 00:21:02.786984+00:00,1111,2
2024-05-10 00:21:03.017084+00:00,1523,16
2024-05-10 00:21:03.088777+00:00,1896,21
2024-05-10 00:21:03.253019+00:00,1487,5
2024-05-10 00:21:03.382390+00:00,1209,21
2024-05-10 00:21:03.517039+00:00,1524,22
2024-05-10 00:21:04.008431+00:00,1490,3
2024-05-10 00:21:04.008748+00:00,1802,30
2024-05-10 00:21:04.091727+00:00,1569,69
2024-05-10 00:21:04.161354+00:00,1565,2
2024-05-10 00:21:04.546611+00:00,1874,11
2024-05-10 00:21:04.546849+00:00,1779,34
2024-05-10 00:21:04.771188+00:00,1095,2
2024-05-10 00:21:05.084520+00:00,1573,24
2024-05-10 00:21:05.505768+00:00,1848,9
2024-05-10 00:21:05.770884+00:00,1534,22
2024-05-10 00:21:06.017337+00:00,1542,13
2024-05-10 00:21:06.022015+00:00,1583,1
2024-05-10 00:21:06.093137+00:00,1897,25
2024-05-10 00:21:06.095421+00:00,1266,58
2024-05-10 00:21:06.289964+00:00,1113,13
2024-05-10 00:21:06.340551+00:00,1118,29
2024-05-10 00:21:06.833292+00:00,1896,14
2024-05-10 00:21:06.837536+00:00,1267,9
2024-05-10 00:21:07.020148+00:00,1579,5
2024-05-10 00:21:07.043638+00:00,1113,249
2024-05-10 00:21:07.044919+00:00,1113,11
2024-05-10 00:21:07.333023+00:00,1590,1
2024-05-10 00:21:07.521980+00:00,1579,6
2024-05-10 00:21:07.583840+00:00,1896,6
2024-05-10 00:21:07.585128+00:00,1590,2
2024-05-10 00:21:08.083569+00:00,1590,1
2024-05-10 00:21:08.135585+00:00,1211,1
2024-05-10 00:21:08.268734+00:00,1085,4
2024-05-10 00:21:08.389680+00:00,1211,8
2024-05-10 00:21:08.406464+00:00,1553,47
2024-05-10 00:21:08.583559+00:00,1896,6
2024-05-10 00:21:08.584981+00:00,1589,2
2024-05-10 00:21:08.635807+00:00,1211,8
2024-05-10 00:21:08.890139+00:00,1718,1
2024-05-10 00:21:09.254128+00:00,1586,3
2024-05-10 00:21:09.332499+00:00,1197,3
2024-05-10 00:21:09.658101+00:00,1328,33
2024-05-10 00:21:09.791929+00:00,1113,22
2024-05-10 00:21:10.008715+00:00,1616,3
2024-05-10 00:21:10.018008+00:00,1096,5
2024-05-10 00:21:10.090202+00:00,1238,26
2024-05-10 00:21:10.153142+00:00,1329,41
2024-05-10 00:21:10.296850+00:00,1123,122
2024-05-10 00:21:10.340800+00:00,1122,7
2024-05-10 00:21:10.565070+00:00,1779,2
2024-05-10 00:21:11.542293+00:00,1123,293
2024-05-10 00:21:11.592703+00:00,1797,5
2024-05-10 00:21:12.154036+00:00,1330,54
2024-05-10 00:21:12.390806+00:00,1212,5
2024-05-10 00:21:12.652543+00:00,1330,54
2024-05-10 00:21:12.837929+00:00,1902,19
2024-05-10 00:21:12.890758+00:00,1095,161
2024-05-10 00:21:12.895835+00:00,1212,19
2024-05-10 00:21:13.043193+00:00,1632,5
2024-05-10 00:21:13.344485+00:00,1571,49
2024-05-10 00:21:13.546445+00:00,1632,1
2024-05-10 00:21:13.655372+00:00,1167,15
2024-05-10 00:21:13.776548+00:00,1100,17
2024-05-10 00:21:13.794880+00:00,1632,3
2024-05-10 00:21:13.903033+00:00,1555,15
2024-05-10 00:21:14.040852+00:00,1632,5
2024-05-10 00:21:14.093662+00:00,1574,1
2024-05-10 00:21:14.340764+00:00,1128,2
2024-05-10 00:21:14.588290+00:00,1276,363
2024-05-10 00:21:14.904706+00:00,1558,3
2024-05-10 00:21:15.086450+00:00,1576,1
2024-05-10 00:21:15.087254+00:00,1579,2
2024-05-10 00:21:15.337179+00:00,1024,15
2024-05-10 00:21:15.404662+00:00,1558,2
2024-05-10 00:21:15.542403+00:00,1779,223
2024-05-10 00:21:15.585246+00:00,1581,2
2024-05-10 00:21:15.758731+00:00,1592,3
2024-05-10 00:21:15.841976+00:00,1903,1
2024-05-10 00:21:16.259645+00:00,1608,3
2024-05-10 00:21:16.652502+00:00,1836,2
2024-05-10 00:21:16.831958+00:00,1903,12
2024-05-10 00:21:17.386643+00:00,1098,19
2024-05-10 00:21:17.584165+00:00,1904,15
2024-05-10 00:21:17.657925+00:00,1311,17
2024-05-10 00:21:18.081849+00:00,1581,2
2024-05-10 00:21:18.165617+00:00,1311,36
2024-05-10 00:21:18.383862+00:00,1098,1
2024-05-10 00:21:18.633254+00:00,1098,7
2024-05-10 00:21:18.659147+00:00,1310,21
2024-05-10 00:21:18.908550+00:00,1310,21
2024-05-10 00:21:19.010361+00:00,1594,49
2024-05-10 00:21:19.760241+00:00,1290,23
2024-05-10 00:21:21.404234+00:00,1758,9
2024-05-10 00:21:22.003862+00:00,1864,18
2024-05-10 00:21:22.537574+00:00,1144,3
2024-05-10 00:21:23.021610+00:00,1293,20
2024-05-10 00:21:23.525880+00:00,1704,12
2024-05-10 00:21:23.883511+00:00,1420,22
2024-05-10 00:21:24.139575+00:00,1422,11
2024-05-10 00:21:25.082251+00:00,1947,3
2024-05-10 00:21:25.135266+00:00,1095,5
2024-05-10 00:21:25.582895+00:00,1900,19
2024-05-10 00:21:26.082276+00:00,1579,37
2024-05-10 00:21:26.140478+00:00,1521,36
2024-05-10 00:21:26.332617+00:00,1949,7
2024-05-10 00:21:26.833379+00:00,1584,15
2024-05-10 00:21:26.886352+00:00,1542,1
2024-05-10 00:21:27.140662+00:00,1548,10
2024-05-10 00:21:28.020156+00:00,1100,6
2024-05-10 00:21:28.082310+00:00,1949,6
2024-05-10 00:21:28.153280+00:00,1840,14
2024-05-10 00:21:29.047765+00:00,1135,49
2024-05-10 00:21:29.048804+00:00,1330,3
2024-05-10 00:21:29.138813+00:00,1040,157
2024-05-10 00:21:29.274222+00:00,1524,36
2024-05-10 00:21:29.306703+00:00,1135,58
2024-05-10 00:21:29.637430+00:00,1549,11
2024-05-10 00:21:29.885228+00:00,1433,14
2024-05-10 00:21:30.151436+00:00,1325,3
2024-05-10 00:21:30.252337+00:00,1703,10
2024-05-10 00:21:30.505011+00:00,1290,39
2024-05-10 00:21:30.583695+00:00,1335,12
2024-05-10 00:21:30.634093+00:00,1436,6
2024-05-10 00:21:30.754460+00:00,1703,17
2024-05-10 00:21:30.833124+00:00,1589,2
2024-05-10 00:21:31.045977+00:00,1135,334
2024-05-10 00:21:31.046018+00:00,1331,18
2024-05-10 00:21:31.298461+00:00,1343,3
2024-05-10 00:21:31.505408+00:00,1292,17
2024-05-10 00:21:31.542264+00:00,1137,5
2024-05-10 00:21:31.833466+00:00,1590,24
2024-05-10 00:21:32.004087+00:00,1611,3
2024-05-10 00:21:32.162926+00:00,1574,5
2024-05-10 00:21:32.413062+00:00,1521,36
2024-05-10 00:21:32.665525+00:00,1264,29
2024-05-10 00:21:32.767800+00:00,1542,18
2024-05-10 00:21:32.832973+00:00,1801,11
2024-05-10 00:21:32.835818+00:00,1169,1
2024-05-10 00:21:33.006837+00:00,1611,3
2024-05-10 00:21:33.081984+00:00,1053,1
2024-05-10 00:21:33.132637+00:00,1258,1
2024-05-10 00:21:33.154431+00:00,1856,10
2024-05-10 00:21:33.332334+00:00,1337,8
2024-05-10 00:21:33.634789+00:00,1258,3
2024-05-10 00:21:33.794199+00:00,1139,3
2024-05-10 00:21:34.006670+00:00,1130,52
2024-05-10 00:21:34.082462+00:00,1338,19
2024-05-10 00:21:34.332158+00:00,1233,3
2024-05-10 00:21:34.333646+00:00,1338,1
2024-05-10 00:21:34.387351+00:00,1433,2
2024-05-10 00:21:34.583777+00:00,1338,1
2024-05-10 00:21:34.638526+00:00,1883,30
2024-05-10 00:21:34.838635+00:00,1954,4
2024-05-10 00:21:34.838799+00:00,1233,3
2024-05-10 00:21:35.083663+00:00,1339,6
2024-05-10 00:21:35.387360+00:00,1433,4
2024-05-10 00:21:35.502788+00:00,1334,2
2024-05-10 00:21:35.903676+00:00,1328,48
2024-05-10 00:21:36.002218+00:00,1334,2
2024-05-10 00:21:36.081849+00:00,1194,1
2024-05-10 00:21:36.082284+00:00,1954,4
2024-05-10 00:21:36.268250+00:00,1542,16
2024-05-10 00:21:36.637171+00:00,1194,13
2024-05-10 00:21:37.084288+00:00,1340,37
2024-05-10 00:21:37.142870+00:00,1524,33
2024-05-10 00:21:37.146985+00:00,1258,15
2024-05-10 00:21:37.406045+00:00,1825,136
2024-05-10 00:21:37.832173+00:00,1953,5
2024-05-10 00:21:38.082601+00:00,1340,4
2024-05-10 00:21:38.332333+00:00,1953,5
2024-05-10 00:21:38.384038+00:00,1194,35
2024-05-10 00:21:38.652349+00:00,1827,6
2024-05-10 00:21:38.767404+00:00,1543,13
2024-05-10 00:21:39.018370+00:00,1543,23
2024-05-10 00:21:39.132285+00:00,1194,18
2024-05-10 00:21:39.586312+00:00,1342,1
2024-05-10 00:21:39.661680+00:00,1332,31
2024-05-10 00:21:39.836766+00:00,1342,3
2024-05-10 00:21:40.005191+00:00,1651,15
2024-05-10 00:21:40.082839+00:00,1529,69
2024-05-10 00:21:40.088338+00:00,1304,2
2024-05-10 00:21:40.089092+00:00,1155,15
2024-05-10 00:21:40.287722+00:00,1151,81
2024-05-10 00:21:40.583930+00:00,1304,15
2024-05-10 00:21:40.833121+00:00,1953,3
2024-05-10 00:21:41.017920+00:00,1583,3
2024-05-10 00:21:41.130435+00:00,1195,10
2024-05-10 00:21:41.405607+00:00,1857,9
2024-05-10 00:21:41.832252+00:00,1343,2
2024-05-10 00:21:42.131055+00:00,1259,9
2024-05-10 00:21:42.157985+00:00,1926,4
2024-05-10 00:21:42.262340+00:00,1149,3
2024-05-10 00:21:42.517702+00:00,1544,13
2024-05-10 00:21:42.524825+00:00,1831,43
2024-05-10 00:21:42.587661+00:00,1155,28
2024-05-10 00:21:42.587900+00:00,1344,28
2024-05-10 00:21:43.045138+00:00,1061,432
2024-05-10 00:21:43.130709+00:00,1103,15
2024-05-10 00:21:43.333198+00:00,1345,1
2024-05-10 00:21:43.334934+00:00,1168,14
2024-05-10 00:21:43.404875+00:00,1927,3
2024-05-10 00:21:43.584462+00:00,1345,2
2024-05-10 00:21:43.773797+00:00,1832,10
2024-05-10 00:21:44.039604+00:00,1298,4
2024-05-10 00:21:44.083814+00:00,1345,1
2024-05-10 00:21:44.333199+00:00,1345,2
2024-05-10 00:21:44.381664+00:00,1199,13
2024-05-10 00:21:44.786463+00:00,1298,1
2024-05-10 00:21:45.131103+00:00,1107,24
2024-05-10 00:21:45.525325+00:00,1841,133
2024-05-10 00:21:45.852545+00:00,1347,148
2024-05-10 00:21:46.016612+00:00,1580,3
2024-05-10 00:21:46.653576+00:00,1858,1
2024-05-10 00:21:46.654242+00:00,1858,1
2024-05-10 00:21:46.769610+00:00,1654,15
2024-05-10 00:21:47.018532+00:00,1543,14
2024-05-10 00:21:47.407534+00:00,1859,16
2024-05-10 00:21:47.655269+00:00,1835,1
2024-05-10 00:21:48.017721+00:00,1654,15
2024-05-10 00:21:48.267522+00:00,1521,8
2024-05-10 00:21:48.338715+00:00,1404,4
2024-05-10 00:21:48.588661+00:00,1912,1
2024-05-10 00:21:48.905256+00:00,1859,16
2024-05-10 00:21:49.138141+00:00,1111,21
2024-05-10 00:21:49.160390+00:00,1252,19
2024-05-10 00:21:49.585250+00:00,1404,4
2024-05-10 00:21:49.770584+00:00,1545,13
2024-05-10 00:21:49.910486+00:00,1836,127
2024-05-10 00:21:50.008100+00:00,1688,2
2024-05-10 00:21:50.019603+00:00,1545,7
2024-05-10 00:21:50.137919+00:00,1111,9
2024-05-10 00:21:50.522005+00:00,1545,12
2024-05-10 00:21:50.529079+00:00,1098,1
2024-05-10 00:21:50.591072+00:00,1909,14
2024-05-10 00:21:50.758961+00:00,1216,2
2024-05-10 00:21:51.135645+00:00,1111,16
2024-05-10 00:21:51.506381+00:00,1688,2
2024-05-10 00:21:51.637866+00:00,1111,20
2024-05-10 00:21:52.838080+00:00,1587,3
2024-05-10 00:21:53.136433+00:00,1182,10
2024-05-10 00:21:53.338094+00:00,1587,15
2024-05-10 00:21:53.591001+00:00,1587,64
2024-05-10 00:21:53.896297+00:00,1044,3
2024-05-10 00:21:54.003975+00:00,1543,2
2024-05-10 00:21:54.020052+00:00,1593,3
2024-05-10 00:21:54.041699+00:00,1304,5
2024-05-10 00:21:54.139186+00:00,1433,20
2024-05-10 00:21:54.632757+00:00,1182,152
2024-05-10 00:21:55.087888+00:00,1928,18
2024-05-10 00:21:55.137238+00:00,1044,3
2024-05-10 00:21:55.155987+00:00,1577,6
2024-05-10 00:21:55.255897+00:00,1913,7
2024-05-10 00:21:55.638153+00:00,1044,3
2024-05-10 00:21:55.663131+00:00,1839,11
2024-05-10 00:21:55.780169+00:00,1099,9
2024-05-10 00:21:55.780408+00:00,1852,14
2024-05-10 00:21:55.838240+00:00,1593,3
2024-05-10 00:21:56.390278+00:00,1044,3
2024-05-10 00:21:56.509984+00:00,1915,2
2024-05-10 00:21:56.915045+00:00,1838,10
2024-05-10 00:21:57.082608+00:00,1601,22
2024-05-10 00:21:57.265263+00:00,1654,15
2024-05-10 00:21:57.768976+00:00,1084,1
2024-05-10 00:21:57.887617+00:00,1850,3
2024-05-10 00:21:58.011396+00:00,1132,17
2024-05-10 00:21:58.018191+00:00,1084,20
2024-05-10 00:21:58.270555+00:00,1866,20
2024-05-10 00:21:58.517273+00:00,1085,22
2024-05-10 00:21:58.583431+00:00,1602,9
2024-05-10 00:21:58.761485+00:00,1207,31
2024-05-10 00:21:59.083167+00:00,1602,8
2024-05-10 00:21:59.520436+00:00,1885,73
2024-05-10 00:21:59.658302+00:00,1242,27
2024-05-10 00:21:59.768478+00:00,1099,1
2024-05-10 00:21:59.837441+00:00,1411,5
2024-05-10 00:22:00.140757+00:00,1851,3
2024-05-10 00:22:00.271383+00:00,1885,136
2024-05-10 00:22:00.338396+00:00,1565,10
2024-05-10 00:22:00.384285+00:00,1851,5
2024-05-10 00:22:00.592518+00:00,1411,8
2024-05-10 00:22:00.593054+00:00,1564,15
2024-05-10 00:22:00.842662+00:00,1349,41
2024-05-10 00:22:00.887365+00:00,1851,1
2024-05-10 00:22:00.888017+00:00,1851,1
2024-05-10 00:22:01.137773+00:00,1852,6
2024-05-10 00:22:01.338720+00:00,1411,1
2024-05-10 00:22:01.635737+00:00,1851,3
2024-05-10 00:22:01.800110+00:00,1306,1
2024-05-10 00:22:01.839790+00:00,1411,8
2024-05-10 00:22:01.842373+00:00,1349,153
2024-05-10 00:22:02.046190+00:00,1306,5
2024-05-10 00:22:02.154155+00:00,1841,8
2024-05-10 00:22:02.267031+00:00,1545,14
2024-05-10 00:22:02.389645+00:00,1185,47
2024-05-10 00:22:02.402128+00:00,1922,2
2024-05-10 00:22:03.087154+00:00,1352,316
2024-05-10 00:22:03.842133+00:00,1612,16
2024-05-10 00:22:03.845487+00:00,1351,106
2024-05-10 00:22:04.633474+00:00,1853,4
2024-05-10 00:22:05.089411+00:00,1613,5
2024-05-10 00:22:05.352443+00:00,1349,94
2024-05-10 00:22:05.538726+00:00,1159,145
2024-05-10 00:22:05.584217+00:00,1613,17
2024-05-10 00:22:06.017952+00:00,1546,5
2024-05-10 00:22:06.091516+00:00,1349,17
2024-05-10 00:22:06.254610+00:00,1674,9
2024-05-10 00:22:06.407017+00:00,1762,8
2024-05-10 00:22:06.409322+00:00,1921,94
2024-05-10 00:22:07.131131+00:00,1186,5
2024-05-10 00:22:07.286669+00:00,1958,3
2024-05-10 00:22:07.342209+00:00,1349,10
2024-05-10 00:22:07.342473+00:00,1162,1
2024-05-10 00:22:07.383075+00:00,1186,17
2024-05-10 00:22:07.402889+00:00,1763,1
2024-05-10 00:22:07.657054+00:00,1763,2
2024-05-10 00:22:08.090458+00:00,1955,29
2024-05-10 00:22:08.093774+00:00,1349,184
2024-05-10 00:22:08.153111+00:00,1565,12
2024-05-10 00:22:08.836378+00:00,1956,4
2024-05-10 00:22:09.091515+00:00,1959,4
2024-05-10 00:22:09.762934+00:00,1746,13
2024-05-10 00:22:10.542575+00:00,1191,25
2024-05-10 00:22:11.091661+00:00,1037,60
2024-05-10 00:22:11.268886+00:00,1735,1
2024-05-10 00:22:11.503291+00:00,1735,1
2024-05-10 00:22:11.753228+00:00,1735,1
2024-05-10 00:22:11.757042+00:00,1677,8
2024-05-10 00:22:11.786770+00:00,1187,22
2024-05-10 00:22:12.002704+00:00,1735,1
2024-05-10 00:22:12.136516+00:00,1734,13
2024-05-10 00:22:12.286645+00:00,1312,1
2024-05-10 00:22:12.538171+00:00,1187,73
2024-05-10 00:22:12.787234+00:00,1188,19
2024-05-10 00:22:13.008599+00:00,1641,31
2024-05-10 00:22:13.025411+00:00,1892,58
2024-05-10 00:22:13.291971+00:00,1254,14
2024-05-10 00:22:13.400462+00:00,1881,1
2024-05-10 00:22:13.537109+00:00,1161,124
2024-05-10 00:22:13.538380+00:00,1313,7
2024-05-10 00:22:13.588590+00:00,1210,37
2024-05-10 00:22:13.631844+00:00,1604,37
2024-05-10 00:22:13.880825+00:00,1437,1
2024-05-10 00:22:14.041958+00:00,1254,8
2024-05-10 00:22:14.152155+00:00,1881,13
2024-05-10 00:22:14.276180+00:00,1548,14
2024-05-10 00:22:14.288732+00:00,1189,39
2024-05-10 00:22:14.593839+00:00,1399,34
2024-05-10 00:22:14.594133+00:00,1025,19
2024-05-10 00:22:14.594506+00:00,1399,205
2024-05-10 00:22:14.786967+00:00,1163,223
2024-05-10 00:22:14.881541+00:00,1438,33
2024-05-10 00:22:15.022606+00:00,1479,55
2024-05-10 00:22:15.037959+00:00,1190,25
2024-05-10 00:22:15.089520+00:00,1399,19
2024-05-10 00:22:15.901061+00:00,1883,12
2024-05-10 00:22:16.833880+00:00,1417,25
2024-05-10 00:22:17.083027+00:00,1213,18
2024-05-10 00:22:17.151838+00:00,1882,6
2024-05-10 00:22:17.334112+00:00,1417,128
2024-05-10 00:22:18.153189+00:00,1883,11
2024-05-10 00:22:18.551152+00:00,1610,12
2024-05-10 00:22:18.768494+00:00,1547,16
2024-05-10 00:22:19.256325+00:00,1687,8
2024-05-10 00:22:19.400773+00:00,1885,10
2024-05-10 00:22:19.538394+00:00,1193,5
2024-05-10 00:22:19.792975+00:00,1313,7
2024-05-10 00:22:20.136622+00:00,1446,1
2024-05-10 00:22:20.754130+00:00,1350,5
2024-05-10 00:22:21.085126+00:00,1450,3
2024-05-10 00:22:22.049640+00:00,1183,75
2024-05-10 00:22:22.539927+00:00,1187,17
2024-05-10 00:22:23.087532+00:00,1450,3
2024-05-10 00:22:23.582998+00:00,1450,9
2024-05-10 00:22:24.291468+00:00,1189,6
2024-05-10 00:22:24.293144+00:00,1614,9
2024-05-10 00:22:25.585924+00:00,1054,9
2024-05-10 00:22:25.836483+00:00,1450,3
2024-05-10 00:22:26.082421+00:00,1691,3
2024-05-10 00:22:26.524798+00:00,1351,9
2024-05-10 00:22:26.593928+00:00,1054,9
2024-05-10 00:22:26.598451+00:00,1933,17
2024-05-10 00:22:27.287848+00:00,1192,67
2024-05-10 00:22:27.343870+00:00,1933,1
2024-05-10 00:22:27.348964+00:00,1452,20
2024-05-10 00:22:27.839878+00:00,1933,11
2024-05-10 00:22:28.096536+00:00,1453,27
2024-05-10 00:22:28.338832+00:00,1933,17
2024-05-10 00:22:28.383674+00:00,1443,1
2024-05-10 00:22:28.842837+00:00,1934,11
2024-05-10 00:22:29.096185+00:00,1609,11
2024-05-10 00:22:29.163072+00:00,1572,6
2024-05-10 00:22:29.506215+00:00,1693,1
2024-05-10 00:22:29.588138+00:00,1057,12
2024-05-10 00:22:29.588427+00:00,1453,1
2024-05-10 00:22:29.756949+00:00,1693,2
2024-05-10 00:22:29.836960+00:00,1453,4
2024-05-10 00:22:29.837909+00:00,1057,12
2024-05-10 00:22:30.260334+00:00,2005,6
2024-05-10 00:22:30.582731+00:00,1934,16
2024-05-10 00:22:30.834744+00:00,1058,11
2024-05-10 00:22:31.041754+00:00,1422,8
2024-05-10 00:22:31.335065+00:00,1825,11
2024-05-10 00:22:31.335422+00:00,1059,10
2024-05-10 00:22:31.335764+00:00,2005,9
2024-05-10 00:22:31.335954+00:00,1641,30
2024-05-10 00:22:31.507473+00:00,1123,15
2024-05-10 00:22:31.591273+00:00,1059,5
2024-05-10 00:22:31.831983+00:00,1059,10
2024-05-10 00:22:32.006282+00:00,2006,7
2024-05-10 00:22:32.584296+00:00,1935,12
2024-05-10 00:22:32.832474+00:00,1231,3
2024-05-10 00:22:33.293940+00:00,1205,34
2024-05-10 00:22:33.332375+00:00,1232,3
2024-05-10 00:22:33.333572+00:00,1935,19
2024-05-10 00:22:33.390442+00:00,1227,13
2024-05-10 00:22:33.394049+00:00,1358,2
2024-05-10 00:22:33.633479+00:00,2035,3
2024-05-10 00:22:33.757476+00:00,2006,8
2024-05-10 00:22:33.833834+00:00,1068,60
2024-05-10 00:22:34.083795+00:00,1936,13
2024-05-10 00:22:34.294019+00:00,1188,12
2024-05-10 00:22:34.295926+00:00,2007,7
2024-05-10 00:22:35.019367+00:00,1777,46
2024-05-10 00:22:35.156386+00:00,1316,52
2024-05-10 00:22:35.294784+00:00,1189,3
2024-05-10 00:22:35.298488+00:00,2006,7
2024-05-10 00:22:35.342680+00:00,1927,22
2024-05-10 00:22:35.832504+00:00,1928,1
2024-05-10 00:22:35.833014+00:00,1597,3
2024-05-10 00:22:35.886273+00:00,1196,30
2024-05-10 00:22:36.082165+00:00,1946,13
2024-05-10 00:22:36.132916+00:00,2037,3
2024-05-10 00:22:36.331999+00:00,1596,2
2024-05-10 00:22:36.332510+00:00,1648,9
2024-05-10 00:22:36.333320+00:00,2006,7
2024-05-10 00:22:36.386312+00:00,2037,1
2024-05-10 00:22:37.045629+00:00,1429,43
2024-05-10 00:22:37.092064+00:00,1235,16
2024-05-10 00:22:37.340365+00:00,1690,151
2024-05-10 00:22:37.887459+00:00,1197,13
2024-05-10 00:22:37.905124+00:00,1204,19
2024-05-10 00:22:38.336528+00:00,1240,38
2024-05-10 00:22:38.415604+00:00,1204,25
2024-05-10 00:22:38.881859+00:00,2039,4
2024-05-10 00:22:38.882217+00:00,1761,3
2024-05-10 00:22:39.041199+00:00,1620,1
2024-05-10 00:22:39.297153+00:00,1183,67
2024-05-10 00:22:39.885303+00:00,2009,2
2024-05-10 00:22:40.333885+00:00,1269,33
2024-05-10 00:22:40.583142+00:00,1472,1
2024-05-10 00:22:40.882620+00:00,1472,7
2024-05-10 00:22:41.130996+00:00,1472,1
2024-05-10 00:22:41.381694+00:00,1473,30
2024-05-10 00:22:41.630628+00:00,1473,1
2024-05-10 00:22:41.655899+00:00,1359,4
2024-05-10 00:22:41.831936+00:00,1935,1
2024-05-10 00:22:41.880540+00:00,1223,12
2024-05-10 00:22:42.130569+00:00,1473,7
2024-05-10 00:22:42.132891+00:00,1474,1
2024-05-10 00:22:42.385459+00:00,1474,10
2024-05-10 00:22:42.537894+00:00,1186,135
2024-05-10 00:22:42.832020+00:00,1936,1
2024-05-10 00:22:42.888994+00:00,1474,5
2024-05-10 00:22:43.042095+00:00,2008,6
2024-05-10 00:22:43.160535+00:00,1362,1
2024-05-10 00:22:43.754340+00:00,1813,1
2024-05-10 00:22:44.254424+00:00,1278,3
2024-05-10 00:22:44.255921+00:00,1765,66
2024-05-10 00:22:44.384798+00:00,1201,4
2024-05-10 00:22:44.403390+00:00,1206,15
2024-05-10 00:22:44.834980+00:00,1650,5
2024-05-10 00:22:44.889823+00:00,1474,40
2024-05-10 00:22:45.003972+00:00,1289,2
2024-05-10 00:22:45.160935+00:00,1276,52
2024-05-10 00:22:45.383316+00:00,1474,1
2024-05-10 00:22:45.408506+00:00,1310,19
2024-05-10 00:22:45.502687+00:00,1813,1
2024-05-10 00:22:45.503501+00:00,1291,6
2024-05-10 00:22:45.583581+00:00,1938,12
2024-05-10 00:22:45.631974+00:00,1474,1
2024-05-10 00:22:45.653574+00:00,1278,1
2024-05-10 00:22:45.757387+00:00,1291,1
2024-05-10 00:22:46.131060+00:00,1473,13
2024-05-10 00:22:46.132497+00:00,1473,12
2024-05-10 00:22:46.255151+00:00,1292,5
2024-05-10 00:22:46.588733+00:00,1080,2
2024-05-10 00:22:46.590598+00:00,1650,5
2024-05-10 00:22:46.841906+00:00,1207,37
2024-05-10 00:22:46.881745+00:00,1473,5
2024-05-10 00:22:47.006012+00:00,1292,5
2024-05-10 00:22:47.045778+00:00,1872,14
2024-05-10 00:22:47.341821+00:00,1650,5
2024-05-10 00:22:47.419976+00:00,1314,40
2024-05-10 00:22:47.505098+00:00,1292,5
2024-05-10 00:22:48.004451+00:00,1292,5
2024-05-10 00:22:48.403385+00:00,1220,6
2024-05-10 00:22:48.632537+00:00,1461,2
2024-05-10 00:22:48.900543+00:00,1221,9
2024-05-10 00:22:49.795154+00:00,1161,14
2024-05-10 00:22:51.004823+00:00,1293,3
2024-05-10 00:22:51.137436+00:00,1477,31
2024-05-10 00:22:51.584610+00:00,1937,18
2024-05-10 00:22:51.795259+00:00,1161,15
2024-05-10 00:22:52.005704+00:00,1293,3
2024-05-10 00:22:52.504511+00:00,1294,3
2024-05-10 00:22:53.256706+00:00,1294,1
2024-05-10 00:22:53.832124+00:00,1655,30
2024-05-10 00:22:54.755315+00:00,1810,31
2024-05-10 00:22:55.003886+00:00,1525,8
2024-05-10 00:22:55.582968+00:00,1946,8
2024-05-10 00:22:57.333067+00:00,1894,15
2024-05-10 00:22:57.506475+00:00,1527,5
2024-05-10 00:22:57.520260+00:00,1746,3
2024-05-10 00:22:57.584035+00:00,1940,12
2024-05-10 00:22:57.832533+00:00,1894,5
2024-05-10 00:22:57.912702+00:00,1342,12
2024-05-10 00:22:58.083237+00:00,1894,14
2024-05-10 00:22:58.405663+00:00,1345,12
2024-05-10 00:22:58.507402+00:00,1060,2
2024-05-10 00:22:58.757940+00:00,1935,64
2024-05-10 00:22:59.263095+00:00,1813,1
2024-05-10 00:22:59.520805+00:00,1912,10
2024-05-10 00:22:59.589104+00:00,1269,11
2024-05-10 00:22:59.758796+00:00,1531,77
2024-05-10 00:23:00.254060+00:00,1220,3
2024-05-10 00:23:00.507387+00:00,1813,1
2024-05-10 00:23:00.586830+00:00,1914,1
2024-05-10 00:23:01.273464+00:00,1972,6
2024-05-10 00:23:01.903835+00:00,1238,1
2024-05-10 00:23:02.008685+00:00,1128,233
2024-05-10 00:23:02.401904+00:00,1239,5
2024-05-10 00:23:02.541830+00:00,1071,166
2024-05-10 00:23:02.657486+00:00,1477,7
2024-05-10 00:23:03.015005+00:00,1035,283
2024-05-10 00:23:03.046087+00:00,1181,49
2024-05-10 00:23:03.151366+00:00,1239,1
2024-05-10 00:23:03.254964+00:00,1813,2
2024-05-10 00:23:03.403137+00:00,1240,4
2024-05-10 00:23:03.883497+00:00,1551,9
2024-05-10 00:23:03.900408+00:00,1342,20
2024-05-10 00:23:04.087022+00:00,1207,18
2024-05-10 00:23:04.157068+00:00,1342,15
2024-05-10 00:23:04.635950+00:00,1551,9
2024-05-10 00:23:04.656495+00:00,1342,13
2024-05-10 00:23:04.833827+00:00,1206,38
2024-05-10 00:23:05.503745+00:00,1506,16
2024-05-10 00:23:05.519279+00:00,1566,2
2024-05-10 00:23:06.087693+00:00,1221,13
2024-05-10 00:23:06.391290+00:00,1556,1
2024-05-10 00:23:06.638491+00:00,1557,2
2024-05-10 00:23:07.082195+00:00,1316,30
2024-05-10 00:23:07.082504+00:00,1221,37
2024-05-10 00:23:07.335384+00:00,1663,34
2024-05-10 00:23:07.388455+00:00,1446,4
2024-05-10 00:23:07.832624+00:00,1663,34
2024-05-10 00:23:08.041151+00:00,1872,6
2024-05-10 00:23:08.083802+00:00,1665,9
2024-05-10 00:23:09.082846+00:00,1221,57
2024-05-10 00:23:09.083327+00:00,1942,13
2024-05-10 00:23:09.839896+00:00,1673,58
2024-05-10 00:23:09.882269+00:00,1384,15
2024-05-10 00:23:10.094933+00:00,1232,31
2024-05-10 00:23:10.299093+00:00,1186,67
2024-05-10 00:23:10.631677+00:00,1024,5
2024-05-10 00:23:11.131163+00:00,1025,3
2024-05-10 00:23:11.156381+00:00,1282,20
2024-05-10 00:23:11.836339+00:00,1913,9
2024-05-10 00:23:11.908805+00:00,1579,58
2024-05-10 00:23:12.382514+00:00,1027,67
2024-05-10 00:23:12.407144+00:00,1579,38
2024-05-10 00:23:13.020785+00:00,1380,9
2024-05-10 00:23:13.021333+00:00,1660,5
2024-05-10 00:23:13.158287+00:00,1581,39
2024-05-10 00:23:13.160842+00:00,1742,145
2024-05-10 00:23:13.341890+00:00,1382,6
2024-05-10 00:23:13.587866+00:00,1918,8
2024-05-10 00:23:13.756765+00:00,1508,22
2024-05-10 00:23:13.907400+00:00,1579,94
2024-05-10 00:23:14.155744+00:00,1581,12
2024-05-10 00:23:14.287736+00:00,1874,13
2024-05-10 00:23:14.405991+00:00,1350,6
2024-05-10 00:23:14.630661+00:00,1028,25
2024-05-10 00:23:15.153298+00:00,1350,1
2024-05-10 00:23:15.382242+00:00,1141,14
2024-05-10 00:23:15.400878+00:00,1583,10
2024-05-10 00:23:15.402832+00:00,1350,6
2024-05-10 00:23:15.589607+00:00,1148,39
2024-05-10 00:23:15.778633+00:00,1662,3
2024-05-10 00:23:15.902496+00:00,1350,4
2024-05-10 00:23:16.038743+00:00,1187,54
2024-05-10 00:23:16.384274+00:00,1141,7
2024-05-10 00:23:16.401833+00:00,1963,19
2024-05-10 00:23:16.902434+00:00,1964,1
2024-05-10 00:23:17.270619+00:00,1262,1
2024-05-10 00:23:17.333269+00:00,1291,15
2024-05-10 00:23:17.400696+00:00,1964,18
2024-05-10 00:23:17.510316+00:00,1299,15
2024-05-10 00:23:17.652782+00:00,1350,1
2024-05-10 00:23:17.900670+00:00,1964,18
2024-05-10 00:23:18.014901+00:00,1510,32
2024-05-10 00:23:18.018610+00:00,1299,38
2024-05-10 00:23:18.271964+00:00,1383,5
2024-05-10 00:23:18.402233+00:00,1351,2
2024-05-10 00:23:18.583000+00:00,1232,5
2024-05-10 00:23:18.903369+00:00,1927,74
2024-05-10 00:23:19.156920+00:00,1350,2
2024-05-10 00:23:19.401275+00:00,1274,4
2024-05-10 00:23:19.537369+00:00,1879,6
2024-05-10 00:23:19.768159+00:00,1984,5
2024-05-10 00:23:19.901773+00:00,1266,3
2024-05-10 00:23:20.082709+00:00,1233,5
2024-05-10 00:23:20.881718+00:00,1450,28
2024-05-10 00:23:21.131403+00:00,1451,22
2024-05-10 00:23:21.132956+00:00,1324,3
2024-05-10 00:23:21.133664+00:00,1534,5
2024-05-10 00:23:21.336251+00:00,1233,66
2024-05-10 00:23:21.631212+00:00,1451,10
2024-05-10 00:23:21.756628+00:00,1724,68
2024-05-10 00:23:21.881753+00:00,1451,11
2024-05-10 00:23:22.004661+00:00,1727,6
2024-05-10 00:23:22.152871+00:00,1035,81
2024-05-10 00:23:22.333485+00:00,1234,156
2024-05-10 00:23:22.380815+00:00,1250,1
2024-05-10 00:23:22.381689+00:00,1452,8
2024-05-10 00:23:22.636092+00:00,1250,1
2024-05-10 00:23:22.636563+00:00,1453,6
2024-05-10 00:23:22.652163+00:00,1352,1
2024-05-10 00:23:22.769948+00:00,1986,6
2024-05-10 00:23:23.153817+00:00,1322,6
2024-05-10 00:23:23.512374+00:00,1512,20
2024-05-10 00:23:23.530331+00:00,1987,3
2024-05-10 00:23:23.583214+00:00,1234,1
2024-05-10 00:23:23.635562+00:00,1325,5
2024-05-10 00:23:23.757640+00:00,1869,3
2024-05-10 00:23:24.008613+00:00,1513,27
2024-05-10 00:23:24.270982+00:00,1915,9
2024-05-10 00:23:24.276605+00:00,1989,1
2024-05-10 00:23:24.333168+00:00,1235,154
2024-05-10 00:23:24.584301+00:00,1236,2
2024-05-10 00:23:25.082123+00:00,1237,5
2024-05-10 00:23:25.838289+00:00,1236,2
2024-05-10 00:23:26.269188+00:00,1976,8
2024-05-10 00:23:26.332441+00:00,1273,3
2024-05-10 00:23:26.774008+00:00,1978,7
2024-05-10 00:23:26.832993+00:00,1135,9
2024-05-10 00:23:27.005555+00:00,1849,3
2024-05-10 00:23:27.267105+00:00,1813,1
2024-05-10 00:23:27.582829+00:00,1236,1
2024-05-10 00:23:27.833085+00:00,1135,12
2024-05-10 00:23:27.884623+00:00,1528,12
2024-05-10 00:23:28.013145+00:00,1229,4
2024-05-10 00:23:28.083580+00:00,1298,14
2024-05-10 00:23:28.524308+00:00,1988,6
2024-05-10 00:23:29.334743+00:00,1237,131
2024-05-10 00:23:29.405246+00:00,1063,3
2024-05-10 00:23:29.406805+00:00,1343,10
2024-05-10 00:23:29.542784+00:00,2019,19
2024-05-10 00:23:29.767024+00:00,1729,5
2024-05-10 00:23:30.086469+00:00,1342,9
2024-05-10 00:23:30.339673+00:00,1344,1
2024-05-10 00:23:30.590806+00:00,1351,6
2024-05-10 00:23:30.591236+00:00,1290,20
2024-05-10 00:23:30.593643+00:00,1239,2
2024-05-10 00:23:30.632623+00:00,1449,6
2024-05-10 00:23:31.337263+00:00,1910,3
2024-05-10 00:23:31.503112+00:00,1395,17
2024-05-10 00:23:31.586428+00:00,1290,15
2024-05-10 00:23:31.840177+00:00,1965,16
2024-05-10 00:23:32.003139+00:00,1396,6
2024-05-10 00:23:32.336546+00:00,1910,12
2024-05-10 00:23:32.601406+00:00,1299,17
2024-05-10 00:23:32.643301+00:00,1252,26
2024-05-10 00:23:32.645350+00:00,1330,1
2024-05-10 00:23:32.753709+00:00,1396,5
2024-05-10 00:23:32.839641+00:00,1298,18
2024-05-10 00:23:33.008245+00:00,1396,12
2024-05-10 00:23:33.267873+00:00,1896,3
2024-05-10 00:23:33.271138+00:00,1062,7
2024-05-10 00:23:33.343069+00:00,1241,1
2024-05-10 00:23:33.645010+00:00,1331,1
2024-05-10 00:23:33.836696+00:00,1914,7
2024-05-10 00:23:34.841296+00:00,1912,8
2024-05-10 00:23:35.083957+00:00,1300,157
2024-05-10 00:23:35.339774+00:00,1240,1
2024-05-10 00:23:35.638152+00:00,1253,27
2024-05-10 00:23:35.778483+00:00,1422,7
2024-05-10 00:23:36.088640+00:00,1914,6
2024-05-10 00:23:36.090414+00:00,1300,112
2024-05-10 00:23:36.839849+00:00,1241,164
2024-05-10 00:23:36.886487+00:00,1570,53
2024-05-10 00:23:37.100189+00:00,1300,88
2024-05-10 00:23:37.133774+00:00,1574,8
2024-05-10 00:23:37.384062+00:00,1575,7
2024-05-10 00:23:37.523861+00:00,1918,1
2024-05-10 00:23:37.588914+00:00,1408,14
2024-05-10 00:23:37.771781+00:00,1423,1
2024-05-10 00:23:38.025098+00:00,1423,5
2024-05-10 00:23:38.032260+00:00,1091,1
2024-05-10 00:23:38.135558+00:00,1576,8
2024-05-10 00:23:38.787365+00:00,1207,40
2024-05-10 00:23:38.840607+00:00,1302,23
2024-05-10 00:23:39.536659+00:00,1365,2
2024-05-10 00:23:39.637962+00:00,1235,18
2024-05-10 00:23:40.020289+00:00,1087,5
2024-05-10 00:23:40.276169+00:00,1086,6
2024-05-10 00:23:40.593384+00:00,1164,12
2024-05-10 00:23:40.770521+00:00,1086,9
2024-05-10 00:23:40.846885+00:00,1302,249
2024-05-10 00:23:41.040483+00:00,1366,1
2024-05-10 00:23:41.271894+00:00,1085,10
2024-05-10 00:23:41.340422+00:00,1086,3
2024-05-10 00:23:41.340971+00:00,1164,6
2024-05-10 00:23:41.755730+00:00,1306,14
2024-05-10 00:23:41.840326+00:00,1088,4
2024-05-10 00:23:42.591132+00:00,1411,16
2024-05-10 00:23:42.794361+00:00,1368,4
2024-05-10 00:23:42.885214+00:00,1449,9
2024-05-10 00:23:43.086388+00:00,1089,6
2024-05-10 00:23:43.136690+00:00,1450,9
2024-05-10 00:23:43.137768+00:00,1450,18
2024-05-10 00:23:43.160534+00:00,1700,11
2024-05-10 00:23:43.505815+00:00,1504,4
2024-05-10 00:23:43.537796+00:00,1368,1
2024-05-10 00:23:43.586627+00:00,1091,2
2024-05-10 00:23:43.636821+00:00,1451,16
2024-05-10 00:23:43.754900+00:00,1165,18
2024-05-10 00:23:43.837676+00:00,1411,16
2024-05-10 00:23:43.884084+00:00,1451,16
2024-05-10 00:23:44.006277+00:00,1210,1
2024-05-10 00:23:44.139008+00:00,1451,15
2024-05-10 00:23:44.139856+00:00,1451,16
2024-05-10 00:23:44.152708+00:00,1284,2
2024-05-10 00:23:44.255422+00:00,1165,13
2024-05-10 00:23:44.634760+00:00,1452,16
2024-05-10 00:23:44.651730+00:00,2000,19
2024-05-10 00:23:44.654177+00:00,1287,1
2024-05-10 00:23:44.835908+00:00,1088,4
2024-05-10 00:23:45.024530+00:00,1383,9
2024-05-10 00:23:45.086474+00:00,1653,4
2024-05-10 00:23:45.390205+00:00,1584,4
2024-05-10 00:23:45.591310+00:00,1353,5
2024-05-10 00:23:45.783562+00:00,1385,26
2024-05-10 00:23:45.844241+00:00,1089,6
2024-05-10 00:23:45.889372+00:00,1451,1
2024-05-10 00:23:45.901700+00:00,2004,22
2024-05-10 00:23:46.089417+00:00,1917,5
2024-05-10 00:23:46.143135+00:00,1586,3
2024-05-10 00:23:46.390804+00:00,1454,14
2024-05-10 00:23:47.273268+00:00,1386,75
2024-05-10 00:23:47.777476+00:00,1278,19
2024-05-10 00:23:47.834917+00:00,1092,1
2024-05-10 00:23:48.390222+00:00,1455,12
2024-05-10 00:23:48.505003+00:00,1304,16
2024-05-10 00:23:48.586070+00:00,1511,3
2024-05-10 00:23:48.586148+00:00,1409,12
2024-05-10 00:23:49.003451+00:00,1410,3
2024-05-10 00:23:49.134272+00:00,1455,2
2024-05-10 00:23:49.155426+00:00,1493,5
2024-05-10 00:23:49.387586+00:00,1138,12
2024-05-10 00:23:49.633050+00:00,1139,10
2024-05-10 00:23:49.754299+00:00,1305,6
2024-05-10 00:23:49.839917+00:00,1410,16
2024-05-10 00:23:49.895363+00:00,1140,8
2024-05-10 00:23:49.895640+00:00,1283,9
2024-05-10 00:23:49.901128+00:00,1330,2
2024-05-10 00:23:50.023936+00:00,1356,14
2024-05-10 00:23:50.136588+00:00,1140,8
2024-05-10 00:23:50.137157+00:00,1140,8
2024-05-10 00:23:50.253626+00:00,1167,15
2024-05-10 00:23:50.253969+00:00,1408,1
2024-05-10 00:23:50.502764+00:00,1408,1
2024-05-10 00:23:50.840435+00:00,1352,5
2024-05-10 00:23:51.002774+00:00,1408,4
2024-05-10 00:23:51.089431+00:00,1491,9
2024-05-10 00:23:51.252446+00:00,1408,1
2024-05-10 00:23:51.335674+00:00,1353,3
2024-05-10 00:23:51.502845+00:00,1409,3
2024-05-10 00:23:51.585950+00:00,1354,3
2024-05-10 00:23:51.768315+00:00,1974,3
2024-05-10 00:23:52.084141+00:00,1491,11
2024-05-10 00:23:52.753519+00:00,1410,3
2024-05-10 00:23:52.754543+00:00,1216,3
2024-05-10 00:23:53.008383+00:00,1387,2
2024-05-10 00:23:53.018317+00:00,1978,10
2024-05-10 00:23:53.086281+00:00,1491,10
2024-05-10 00:23:53.133434+00:00,1931,9
2024-05-10 00:23:53.253633+00:00,1172,22
2024-05-10 00:23:53.767124+00:00,1930,8
2024-05-10 00:23:53.837074+00:00,1492,3
2024-05-10 00:23:54.007159+00:00,1412,1
2024-05-10 00:23:55.096094+00:00,1537,17
2024-05-10 00:23:55.262485+00:00,1413,1
2024-05-10 00:23:55.262822+00:00,1025,19
2024-05-10 00:23:55.274799+00:00,1061,2
2024-05-10 00:23:55.340511+00:00,1534,97
2024-05-10 00:23:55.384121+00:00,1283,10
2024-05-10 00:23:55.585734+00:00,1492,1
2024-05-10 00:23:55.900848+00:00,2022,4
2024-05-10 00:23:56.534171+00:00,1979,60
2024-05-10 00:23:56.650589+00:00,1390,6
2024-05-10 00:23:56.793917+00:00,1369,2
2024-05-10 00:23:56.833435+00:00,1024,56
2024-05-10 00:23:57.083072+00:00,1391,5
2024-05-10 00:23:57.263920+00:00,1737,7
2024-05-10 00:23:57.381450+00:00,1285,27
2024-05-10 00:23:57.525953+00:00,1426,7
2024-05-10 00:23:57.533812+00:00,1061,3
2024-05-10 00:23:57.534059+00:00,1995,37
2024-05-10 00:23:58.026709+00:00,1995,3
2024-05-10 00:23:58.332263+00:00,1030,46
2024-05-10 00:23:58.523374+00:00,1061,3
2024-05-10 00:23:58.758798+00:00,1742,173
2024-05-10 00:23:58.776495+00:00,1062,2
2024-05-10 00:23:58.832565+00:00,1497,1
2024-05-10 00:23:59.018304+00:00,1392,6
2024-05-10 00:23:59.333160+00:00,1036,49
2024-05-10 00:23:59.521634+00:00,1062,2
2024-05-10 00:23:59.764439+00:00,1216,3
2024-05-10 00:23:59.767501+00:00,1427,6
2024-05-10 00:23:59.772446+00:00,1063,1
2024-05-10 00:24:00.516803+00:00,1427,163
2024-05-10 00:24:00.766866+00:00,1428,19
2024-05-10 00:24:01.082348+00:00,1851,3
2024-05-10 00:24:01.252970+00:00,1415,1
2024-05-10 00:24:01.266588+00:00,1428,31
2024-05-10 00:24:01.267556+00:00,1428,9
2024-05-10 00:24:01.585032+00:00,1329,10
2024-05-10 00:24:01.766735+00:00,1428,52
2024-05-10 00:24:02.018768+00:00,1428,49
2024-05-10 00:24:02.083077+00:00,1329,67
2024-05-10 00:24:02.254898+00:00,1035,3
2024-05-10 00:24:02.332886+00:00,1331,5
2024-05-10 00:24:02.502958+00:00,1394,5
2024-05-10 00:24:02.517161+00:00,1428,10
2024-05-10 00:24:02.589738+00:00,1225,9
2024-05-10 00:24:03.018945+00:00,1428,43
2024-05-10 00:24:03.268464+00:00,1530,1
2024-05-10 00:24:03.518374+00:00,1529,198
2024-05-10 00:24:04.150779+00:00,1302,9
2024-05-10 00:24:04.151292+00:00,1395,2
2024-05-10 00:24:04.257469+00:00,1035,9
2024-05-10 00:24:04.266591+00:00,1428,356
2024-05-10 00:24:04.267498+00:00,1531,6
2024-05-10 00:24:04.274057+00:00,1989,7
2024-05-10 00:24:04.588079+00:00,1530,16
2024-05-10 00:24:04.769117+00:00,2016,12
2024-05-10 00:24:04.901524+00:00,1396,2
2024-05-10 00:24:05.153028+00:00,1304,7
2024-05-10 00:24:05.256896+00:00,1419,2
2024-05-10 00:24:05.273122+00:00,1531,1
2024-05-10 00:24:05.771646+00:00,1533,2
2024-05-10 00:24:05.846040+00:00,1597,26
2024-05-10 00:24:06.770668+00:00,1990,3
2024-05-10 00:24:06.791953+00:00,1835,5
2024-05-10 00:24:07.018851+00:00,1534,2
2024-05-10 00:24:07.047688+00:00,1370,2
2024-05-10 00:24:07.052200+00:00,1836,1
2024-05-10 00:24:07.088876+00:00,1329,362
2024-05-10 00:24:07.138202+00:00,1219,4
2024-05-10 00:24:07.256016+00:00,1092,248
2024-05-10 00:24:07.272084+00:00,1993,7
2024-05-10 00:24:07.517953+00:00,1535,1
2024-05-10 00:24:08.010153+00:00,1093,11
2024-05-10 00:24:08.039043+00:00,1836,4
2024-05-10 00:24:08.503227+00:00,1093,11
2024-05-10 00:24:08.520504+00:00,1997,1
2024-05-10 00:24:08.769258+00:00,1998,4
2024-05-10 00:24:09.294783+00:00,1837,50
2024-05-10 00:24:09.520532+00:00,1432,2
2024-05-10 00:24:09.767932+00:00,1432,2
2024-05-10 00:24:10.006992+00:00,1094,10
2024-05-10 00:24:10.046430+00:00,1369,3
2024-05-10 00:24:10.086154+00:00,1637,16
2024-05-10 00:24:10.257798+00:00,1095,9
2024-05-10 00:24:10.300818+00:00,1837,4
2024-05-10 00:24:10.404810+00:00,1220,2
2024-05-10 00:24:10.543333+00:00,1369,3
2024-05-10 00:24:10.642276+00:00,1753,13
2024-05-10 00:24:11.027616+00:00,1537,106
2024-05-10 00:24:11.031816+00:00,1851,2
2024-05-10 00:24:11.252731+00:00,1514,3
2024-05-10 00:24:11.389052+00:00,1463,1
2024-05-10 00:24:11.589516+00:00,1637,22
2024-05-10 00:24:12.006171+00:00,1097,13
2024-05-10 00:24:12.272459+00:00,1359,13
2024-05-10 00:24:12.894056+00:00,1757,7
2024-05-10 00:24:13.635941+00:00,2031,2
2024-05-10 00:24:13.884353+00:00,1464,6
2024-05-10 00:24:14.388657+00:00,1465,4
2024-05-10 00:24:14.519687+00:00,1718,226
2024-05-10 00:24:14.650555+00:00,1310,1
2024-05-10 00:24:15.151715+00:00,1310,1
2024-05-10 00:24:15.268756+00:00,1142,25
2024-05-10 00:24:15.404304+00:00,1311,1
2024-05-10 00:24:15.516832+00:00,1661,6
2024-05-10 00:24:15.846463+00:00,1413,23
2024-05-10 00:24:15.902565+00:00,1213,1
2024-05-10 00:24:16.343496+00:00,1597,15
2024-05-10 00:24:16.402733+00:00,1213,4
2024-05-10 00:24:16.769977+00:00,1144,25
2024-05-10 00:24:17.269451+00:00,1145,27
2024-05-10 00:24:17.402555+00:00,1213,5
2024-05-10 00:24:17.768730+00:00,1964,9
2024-05-10 00:24:17.769157+00:00,1145,1
2024-05-10 00:24:17.837973+00:00,1413,6
2024-05-10 00:24:18.267730+00:00,1145,15
2024-05-10 00:24:18.268538+00:00,1964,9
2024-05-10 00:24:18.404076+00:00,1299,9
2024-05-10 00:24:18.522104+00:00,1145,1
2024-05-10 00:24:18.906712+00:00,1301,3
2024-05-10 00:24:19.017970+00:00,1552,3
2024-05-10 00:24:19.024705+00:00,1145,3
2024-05-10 00:24:19.166342+00:00,1302,5
2024-05-10 00:24:19.271706+00:00,1145,18
2024-05-10 00:24:19.405363+00:00,1303,4
2024-05-10 00:24:19.769899+00:00,1145,22
2024-05-10 00:24:20.004958+00:00,1097,5
2024-05-10 00:24:20.270895+00:00,1967,1
2024-05-10 00:24:20.408288+00:00,1120,38
2024-05-10 00:24:20.409018+00:00,1306,2
2024-05-10 00:24:20.518038+00:00,1143,10
2024-05-10 00:24:20.757449+00:00,1097,5
2024-05-10 00:24:20.769716+00:00,1470,9
2024-05-10 00:24:20.905215+00:00,1307,2
2024-05-10 00:24:20.906744+00:00,1307,2
2024-05-10 00:24:21.018474+00:00,1967,11
2024-05-10 00:24:21.269356+00:00,1721,2
2024-05-10 00:24:22.589437+00:00,1409,14
2024-05-10 00:24:22.635719+00:00,1761,4
2024-05-10 00:24:22.834146+00:00,1555,32
2024-05-10 00:24:23.017400+00:00,1581,3
2024-05-10 00:24:23.881889+00:00,1378,37
2024-05-10 00:24:23.906988+00:00,1068,12
2024-05-10 00:24:24.082514+00:00,1968,18
2024-05-10 00:24:24.151630+00:00,2040,3
2024-05-10 00:24:24.400894+00:00,2041,4
2024-05-10 00:24:24.583729+00:00,1504,11
2024-05-10 00:24:24.757530+00:00,1100,1
2024-05-10 00:24:24.758077+00:00,1101,1
2024-05-10 00:24:25.021799+00:00,2005,28
2024-05-10 00:24:25.517268+00:00,1583,9
2024-05-10 00:24:25.655662+00:00,2040,1
2024-05-10 00:24:25.776045+00:00,2007,6
2024-05-10 00:24:25.835691+00:00,1971,7
2024-05-10 00:24:26.269836+00:00,2007,1
2024-05-10 00:24:26.270537+00:00,2007,1
2024-05-10 00:24:26.537900+00:00,1218,2
2024-05-10 00:24:26.766695+00:00,1634,39
2024-05-10 00:24:26.832234+00:00,1972,1
2024-05-10 00:24:27.018822+00:00,2007,24
2024-05-10 00:24:27.019456+00:00,2011,1
2024-05-10 00:24:27.037488+00:00,1218,7
2024-05-10 00:24:27.083765+00:00,1972,15
2024-05-10 00:24:27.087008+00:00,1422,21
2024-05-10 00:24:27.516768+00:00,2011,1
2024-05-10 00:24:27.767749+00:00,2012,1
2024-05-10 00:24:27.787083+00:00,1218,6
2024-05-10 00:24:28.020354+00:00,2012,1
2024-05-10 00:24:28.268696+00:00,2012,11
2024-05-10 00:24:28.630681+00:00,1320,20
2024-05-10 00:24:29.010438+00:00,1300,17
2024-05-10 00:24:29.019537+00:00,2014,2
2024-05-10 00:24:29.332923+00:00,1976,12
2024-05-10 00:24:29.518512+00:00,1970,3
2024-05-10 00:24:30.019881+00:00,1664,3
2024-05-10 00:24:30.037938+00:00,1223,46
2024-05-10 00:24:30.084331+00:00,1326,4
2024-05-10 00:24:30.153537+00:00,1120,55
2024-05-10 00:24:30.773503+00:00,1971,1
2024-05-10 00:24:30.846263+00:00,1413,33
2024-05-10 00:24:30.900783+00:00,1337,73
2024-05-10 00:24:31.274548+00:00,1971,5
2024-05-10 00:24:32.131314+00:00,1324,11
2024-05-10 00:24:32.338161+00:00,1413,36
2024-05-10 00:24:32.518834+00:00,1635,49
2024-05-10 00:24:32.768993+00:00,1972,3
2024-05-10 00:24:33.022786+00:00,1774,1
2024-05-10 00:24:33.269487+00:00,1774,4
2024-05-10 00:24:33.588325+00:00,1501,9
2024-05-10 00:24:33.770344+00:00,1972,1
2024-05-10 00:24:33.796559+00:00,1117,4
2024-05-10 00:24:34.383707+00:00,1469,8
2024-05-10 00:24:34.524176+00:00,1666,2
2024-05-10 00:24:34.770260+00:00,2016,1
2024-05-10 00:24:34.883164+00:00,1470,12
2024-05-10 00:24:35.045090+00:00,1120,2
2024-05-10 00:24:35.516668+00:00,1635,38
2024-05-10 00:24:35.519839+00:00,2016,4
2024-05-10 00:24:35.631498+00:00,1471,10
2024-05-10 00:24:35.634565+00:00,1388,38
2024-05-10 00:24:35.841250+00:00,1564,15
2024-05-10 00:24:35.881401+00:00,1323,9
2024-05-10 00:24:36.287965+00:00,1328,3
2024-05-10 00:24:36.380880+00:00,1177,1
2024-05-10 00:24:36.518642+00:00,2017,2
2024-05-10 00:24:36.519080+00:00,1665,1
2024-05-10 00:24:37.131090+00:00,1471,10
2024-05-10 00:24:37.266545+00:00,1635,5
2024-05-10 00:24:37.382251+00:00,1471,10
2024-05-10 00:24:37.588461+00:00,1564,15
2024-05-10 00:24:37.840588+00:00,1671,244
2024-05-10 00:24:37.880818+00:00,1472,8
2024-05-10 00:24:38.090299+00:00,1602,11
2024-05-10 00:24:38.341338+00:00,1674,6
2024-05-10 00:24:38.518620+00:00,2018,1
2024-05-10 00:24:38.585874+00:00,1986,23
2024-05-10 00:24:38.586749+00:00,1412,35
2024-05-10 00:24:38.638426+00:00,1473,6
2024-05-10 00:24:38.640863+00:00,1311,3
2024-05-10 00:24:38.774688+00:00,2019,1
2024-05-10 00:24:38.786868+00:00,1992,3
2024-05-10 00:24:38.837382+00:00,1563,2
2024-05-10 00:24:39.036953+00:00,1992,3
2024-05-10 00:24:39.144003+00:00,1473,6
2024-05-10 00:24:39.338324+00:00,1680,122
2024-05-10 00:24:39.340373+00:00,1603,11
2024-05-10 00:24:39.389897+00:00,1369,58
2024-05-10 00:24:39.836680+00:00,1683,3
2024-05-10 00:24:40.040575+00:00,1992,3
2024-05-10 00:24:40.093219+00:00,1683,13
2024-05-10 00:24:40.098079+00:00,1604,20
2024-05-10 00:24:40.132432+00:00,1098,1
2024-05-10 00:24:40.155432+00:00,2035,12
2024-05-10 00:24:40.282884+00:00,2017,8
2024-05-10 00:24:40.339967+00:00,1334,1
2024-05-10 00:24:40.340389+00:00,1981,8
2024-05-10 00:24:40.409156+00:00,2035,1
2024-05-10 00:24:40.841164+00:00,1334,9
2024-05-10 00:24:40.842175+00:00,1978,18
2024-05-10 00:24:40.887423+00:00,1475,10
2024-05-10 00:24:40.905211+00:00,2035,12
2024-05-10 00:24:41.023646+00:00,2018,9
2024-05-10 00:24:41.088127+00:00,1336,9
2024-05-10 00:24:41.342158+00:00,1985,10
2024-05-10 00:24:41.387616+00:00,2035,4
2024-05-10 00:24:41.638642+00:00,1474,4
2024-05-10 00:24:41.652705+00:00,2036,1
2024-05-10 00:24:41.842233+00:00,1331,34
2024-05-10 00:24:42.092242+00:00,1688,247
2024-05-10 00:24:42.135670+00:00,1473,6
2024-05-10 00:24:42.157358+00:00,2037,1
2024-05-10 00:24:42.338971+00:00,1988,11
2024-05-10 00:24:42.389950+00:00,1473,6
2024-05-10 00:24:42.393554+00:00,2037,7
2024-05-10 00:24:42.837704+00:00,1332,1
2024-05-10 00:24:42.838501+00:00,1985,4
2024-05-10 00:24:42.883244+00:00,2036,1
2024-05-10 00:24:43.007995+00:00,1408,1
2024-05-10 00:24:43.097422+00:00,1332,1
2024-05-10 00:24:43.097494+00:00,1691,15
2024-05-10 00:24:43.098943+00:00,1992,14
2024-05-10 00:24:43.103474+00:00,1414,28
2024-05-10 00:24:43.278825+00:00,1407,2
2024-05-10 00:24:43.386653+00:00,2037,6
2024-05-10 00:24:43.405813+00:00,2039,5
2024-05-10 00:24:43.537908+00:00,1232,10
2024-05-10 00:24:43.586251+00:00,1333,3
2024-05-10 00:24:43.654715+00:00,2039,1
2024-05-10 00:24:43.887729+00:00,1472,4
2024-05-10 00:24:43.908311+00:00,2039,1
2024-05-10 00:24:44.084430+00:00,1404,5
2024-05-10 00:24:44.159123+00:00,1927,55
2024-05-10 00:24:44.335664+00:00,1692,10
2024-05-10 00:24:44.536697+00:00,1564,1
2024-05-10 00:24:45.019601+00:00,1197,9
2024-05-10 00:24:45.084095+00:00,1692,3
2024-05-10 00:24:45.134632+00:00,1219,5
2024-05-10 00:24:45.520216+00:00,1199,13
2024-05-10 00:24:45.653437+00:00,2040,1
2024-05-10 00:24:45.838002+00:00,1693,8
2024-05-10 00:24:45.882045+00:00,1218,16
2024-05-10 00:24:45.903737+00:00,2040,8
2024-05-10 00:24:46.130589+00:00,1473,6
2024-05-10 00:24:46.332287+00:00,1693,8
2024-05-10 00:24:46.381624+00:00,1473,6
2024-05-10 00:24:46.403660+00:00,2040,8
2024-05-10 00:24:46.655697+00:00,2040,8
2024-05-10 00:24:46.834368+00:00,1333,2
2024-05-10 00:24:47.024214+00:00,1972,41
2024-05-10 00:24:47.153443+00:00,2040,8
2024-05-10 00:24:47.382140+00:00,1218,37
2024-05-10 00:24:47.406735+00:00,1927,7
2024-05-10 00:24:47.655191+00:00,1927,1
2024-05-10 00:24:47.881345+00:00,2042,4
2024-05-10 00:24:47.910337+00:00,1927,30
2024-05-10 00:24:48.028963+00:00,1199,15
2024-05-10 00:24:48.408724+00:00,1927,61
2024-05-10 00:24:48.631796+00:00,2043,3
2024-05-10 00:24:48.652660+00:00,2042,3
2024-05-10 00:24:48.907064+00:00,1928,23
2024-05-10 00:24:49.021461+00:00,1975,1
2024-05-10 00:24:49.022158+00:00,2031,1
2024-05-10 00:24:49.164636+00:00,1928,15
2024-05-10 00:24:49.272769+00:00,1977,9
2024-05-10 00:24:49.381416+00:00,1219,13
2024-05-10 00:24:49.409315+00:00,1929,28
2024-05-10 00:24:49.523367+00:00,1786,3
2024-05-10 00:24:49.529482+00:00,1978,4
2024-05-10 00:24:49.631447+00:00,2042,3
2024-05-10 00:24:49.911175+00:00,1929,41
2024-05-10 00:24:50.272401+00:00,1979,7
2024-05-10 00:24:50.335559+00:00,1044,2
2024-05-10 00:24:50.505244+00:00,1178,67
2024-05-10 00:24:50.517970+00:00,1787,76
2024-05-10 00:24:50.547594+00:00,1404,1
2024-05-10 00:24:50.587545+00:00,1259,1
2024-05-10 00:24:50.652233+00:00,2043,1
2024-05-10 00:24:50.795762+00:00,1167,2
2024-05-10 00:24:50.838113+00:00,1260,3
2024-05-10 00:24:51.085601+00:00,2002,4
2024-05-10 00:24:51.299668+00:00,1120,9
2024-05-10 00:24:51.339300+00:00,1690,17
2024-05-10 00:24:51.340464+00:00,2006,14
2024-05-10 00:24:51.589651+00:00,1261,3
2024-05-10 00:24:51.881066+00:00,1220,4
2024-05-10 00:24:52.130713+00:00,1220,1
2024-05-10 00:24:52.133758+00:00,1639,3
2024-05-10 00:24:52.335592+00:00,1690,37
2024-05-10 00:24:52.381670+00:00,1220,1
2024-05-10 00:24:52.590997+00:00,1693,8
2024-05-10 00:24:52.660465+00:00,2044,1
2024-05-10 00:24:52.665233+00:00,1090,254
2024-05-10 00:24:52.767477+00:00,1979,1
2024-05-10 00:24:52.902857+00:00,2044,1
2024-05-10 00:24:53.088701+00:00,1693,8
2024-05-10 00:24:53.130731+00:00,1642,1
2024-05-10 00:24:53.842951+00:00,1698,93
2024-05-10 00:24:54.263874+00:00,1438,39
2024-05-10 00:24:55.089349+00:00,1700,9
2024-05-10 00:24:55.507872+00:00,1441,11
2024-05-10 00:24:56.135678+00:00,1226,4
2024-05-10 00:24:56.259195+00:00,1729,8
2024-05-10 00:24:56.344490+00:00,1314,34
2024-05-10 00:24:56.638063+00:00,1645,1
2024-05-10 00:24:56.653235+00:00,1847,3
2024-05-10 00:24:56.757515+00:00,1440,13
2024-05-10 00:24:56.832675+00:00,1316,1
2024-05-10 00:24:56.834793+00:00,1375,60
2024-05-10 00:24:57.017346+00:00,1440,1
2024-05-10 00:24:57.019113+00:00,1787,94
2024-05-10 00:24:57.332209+00:00,1317,1
2024-05-10 00:24:57.583626+00:00,1317,1
2024-05-10 00:24:57.768504+00:00,1439,12
2024-05-10 00:24:58.261488+00:00,1439,12
2024-05-10 00:24:58.386888+00:00,1646,28
2024-05-10 00:24:59.154514+00:00,1933,16
2024-05-10 00:24:59.155140+00:00,1933,1
2024-05-10 00:24:59.400679+00:00,1933,4
2024-05-10 00:24:59.582963+00:00,1450,3
2024-05-10 00:24:59.832392+00:00,1322,3
2024-05-10 00:24:59.901708+00:00,1933,50
2024-05-10 00:25:00.024431+00:00,2037,1
2024-05-10 00:25:00.517329+00:00,1787,1
2024-05-10 00:25:00.900725+00:00,1264,8
2024-05-10 00:25:01.516531+00:00,1787,89
2024-05-10 00:25:01.519522+00:00,1086,265
2024-05-10 00:25:01.651045+00:00,1450,3
2024-05-10 00:25:02.151650+00:00,1450,2
2024-05-10 00:25:02.400645+00:00,1450,2
2024-05-10 00:25:02.651238+00:00,1450,3
2024-05-10 00:25:02.652377+00:00,1934,49
2024-05-10 00:25:02.652544+00:00,1271,33
2024-05-10 00:25:02.653403+00:00,1934,101
2024-05-10 00:25:03.503980+00:00,1165,2
2024-05-10 00:25:03.520940+00:00,1380,9
2024-05-10 00:25:03.650146+00:00,1453,13
2024-05-10 00:25:04.637416+00:00,1231,8
2024-05-10 00:25:04.651465+00:00,1452,16
2024-05-10 00:25:04.653226+00:00,1174,9
2024-05-10 00:25:05.082187+00:00,1566,3
2024-05-10 00:25:05.151862+00:00,1468,1
2024-05-10 00:25:05.334572+00:00,1943,3
2024-05-10 00:25:05.505911+00:00,1167,4
2024-05-10 00:25:05.518039+00:00,1788,103
2024-05-10 00:25:05.836508+00:00,1706,112
2024-05-10 00:25:06.386878+00:00,1235,7
2024-05-10 00:25:06.755267+00:00,1449,1
2024-05-10 00:25:06.835555+00:00,1943,3
2024-05-10 00:25:07.091009+00:00,1569,22
2024-05-10 00:25:07.384081+00:00,1233,5
2024-05-10 00:25:07.400160+00:00,1453,2
2024-05-10 00:25:07.402655+00:00,2012,36
2024-05-10 00:25:07.517317+00:00,1799,86
2024-05-10 00:25:07.587455+00:00,1570,21
2024-05-10 00:25:07.651988+00:00,2012,8
2024-05-10 00:25:07.766946+00:00,1902,1
2024-05-10 00:25:07.836225+00:00,1710,3
2024-05-10 00:25:07.900523+00:00,1936,1
2024-05-10 00:25:07.901240+00:00,1469,3
2024-05-10 00:25:08.152026+00:00,1936,6
2024-05-10 00:25:08.332876+00:00,1945,18
2024-05-10 00:25:08.381889+00:00,1234,1
2024-05-10 00:25:09.131121+00:00,1234,5
2024-05-10 00:25:09.132292+00:00,1903,5
2024-05-10 00:25:09.259188+00:00,1170,40
2024-05-10 00:25:09.902101+00:00,1458,121
2024-05-10 00:25:10.135856+00:00,1235,4
2024-05-10 00:25:10.269796+00:00,1903,9
2024-05-10 00:25:10.400780+00:00,1937,53
2024-05-10 00:25:10.591703+00:00,1972,6
2024-05-10 00:25:11.004429+00:00,1173,117
2024-05-10 00:25:11.091214+00:00,1351,64
2024-05-10 00:25:11.258136+00:00,1721,24
2024-05-10 00:25:11.277038+00:00,1814,31
2024-05-10 00:25:11.801109+00:00,1639,14
2024-05-10 00:25:12.101579+00:00,1975,3
2024-05-10 00:25:12.790007+00:00,1645,5
2024-05-10 00:25:12.842368+00:00,1354,10
2024-05-10 00:25:13.047498+00:00,1125,37
2024-05-10 00:25:13.554654+00:00,1123,6
2024-05-10 00:25:13.759036+00:00,1724,45
2024-05-10 00:25:14.084958+00:00,1355,10
2024-05-10 00:25:14.587474+00:00,1355,12
2024-05-10 00:25:14.755112+00:00,1293,16
2024-05-10 00:25:14.838964+00:00,1356,11
2024-05-10 00:25:15.152112+00:00,1981,9
2024-05-10 00:25:15.340891+00:00,1357,10
2024-05-10 00:25:15.519397+00:00,1980,49
2024-05-10 00:25:15.585307+00:00,1509,3
2024-05-10 00:25:16.584083+00:00,1359,2
2024-05-10 00:25:16.834247+00:00,1207,1
2024-05-10 00:25:16.886089+00:00,1477,1
2024-05-10 00:25:17.133913+00:00,1342,3
2024-05-10 00:25:17.332439+00:00,1360,40
2024-05-10 00:25:17.386301+00:00,1480,2
2024-05-10 00:25:17.584664+00:00,1976,12
2024-05-10 00:25:19.004549+00:00,1448,1
2024-05-10 00:25:19.513329+00:00,1449,1
2024-05-10 00:25:19.764430+00:00,1449,3
2024-05-10 00:25:20.150906+00:00,1668,1
2024-05-10 00:25:20.400812+00:00,1667,4
2024-05-10 00:25:20.650886+00:00,1666,2
2024-05-10 00:25:20.832266+00:00,1173,4
2024-05-10 00:25:20.889446+00:00,1237,6
2024-05-10 00:25:20.891711+00:00,1722,19
2024-05-10 00:25:21.042356+00:00,1373,1
2024-05-10 00:25:21.255942+00:00,1452,1
2024-05-10 00:25:21.400754+00:00,1461,3
2024-05-10 00:25:21.584079+00:00,1771,15
2024-05-10 00:25:21.835982+00:00,1634,1
2024-05-10 00:25:21.886840+00:00,1239,4
2024-05-10 00:25:22.006222+00:00,1491,172
2024-05-10 00:25:22.591553+00:00,1635,4
2024-05-10 00:25:22.832675+00:00,1636,3
2024-05-10 00:25:23.082274+00:00,1771,3
2024-05-10 00:25:23.333893+00:00,1636,3
2024-05-10 00:25:23.383761+00:00,1482,31
2024-05-10 00:25:23.832708+00:00,1636,3
2024-05-10 00:25:24.082740+00:00,2027,13
2024-05-10 00:25:24.540060+00:00,1190,9
2024-05-10 00:25:24.582760+00:00,2013,18
2024-05-10 00:25:24.772740+00:00,1608,9
2024-05-10 00:25:25.022500+00:00,1608,9
2024-05-10 00:25:25.505454+00:00,1491,21
2024-05-10 00:25:25.633356+00:00,1484,13
2024-05-10 00:25:25.650402+00:00,1580,1
2024-05-10 00:25:25.889652+00:00,1485,9
2024-05-10 00:25:26.005960+00:00,1493,21
2024-05-10 00:25:26.385781+00:00,1485,6
2024-05-10 00:25:26.889001+00:00,1485,58
2024-05-10 00:25:27.018125+00:00,1585,1
2024-05-10 00:25:27.266565+00:00,1585,1
2024-05-10 00:25:27.333914+00:00,1637,35
2024-05-10 00:25:27.387951+00:00,1485,1
2024-05-10 00:25:27.517081+00:00,1588,3
2024-05-10 00:25:27.636115+00:00,1486,4
2024-05-10 00:25:27.772316+00:00,1986,2
2024-05-10 00:25:28.337080+00:00,1642,2
2024-05-10 00:25:28.389592+00:00,1485,6
2024-05-10 00:25:28.516793+00:00,1585,8
2024-05-10 00:25:28.635272+00:00,1485,6
2024-05-10 00:25:28.907027+00:00,1938,19
2024-05-10 00:25:28.907786+00:00,1938,1
2024-05-10 00:25:29.083706+00:00,1538,19
2024-05-10 00:25:29.136133+00:00,1485,22
2024-05-10 00:25:29.158669+00:00,1938,7
2024-05-10 00:25:29.332633+00:00,1365,349
2024-05-10 00:25:29.411557+00:00,1938,12
2024-05-10 00:25:29.411786+00:00,2012,2
2024-05-10 00:25:29.589838+00:00,1540,10
2024-05-10 00:25:29.591241+00:00,2016,13
2024-05-10 00:25:29.766648+00:00,1586,1
2024-05-10 00:25:29.839003+00:00,1540,17
2024-05-10 00:25:29.905463+00:00,1938,53
2024-05-10 00:25:30.016958+00:00,1435,8
2024-05-10 00:25:30.087767+00:00,2020,11
2024-05-10 00:25:30.516482+00:00,1587,1
2024-05-10 00:25:30.539132+00:00,1739,20
2024-05-10 00:25:30.588460+00:00,1641,72
2024-05-10 00:25:30.652437+00:00,1939,53
2024-05-10 00:25:30.903398+00:00,2007,7
2024-05-10 00:25:31.290038+00:00,1739,16
2024-05-10 00:25:31.403830+00:00,2007,7
2024-05-10 00:25:31.506225+00:00,1525,10
2024-05-10 00:25:31.516287+00:00,1436,5
2024-05-10 00:25:31.650437+00:00,1178,2
2024-05-10 00:25:31.768216+00:00,1436,5
2024-05-10 00:25:31.887322+00:00,1486,6
2024-05-10 00:25:32.273983+00:00,1587,1
2024-05-10 00:25:32.396473+00:00,1239,21
2024-05-10 00:25:32.787307+00:00,1126,6
2024-05-10 00:25:32.886802+00:00,1486,6
2024-05-10 00:25:33.033652+00:00,1094,31
2024-05-10 00:25:33.137759+00:00,1486,6
2024-05-10 00:25:33.271398+00:00,1588,30
2024-05-10 00:25:33.584801+00:00,1663,9
2024-05-10 00:25:33.641057+00:00,1486,6
2024-05-10 00:25:33.755302+00:00,1529,3
2024-05-10 00:25:33.788634+00:00,1747,11
2024-05-10 00:25:34.137541+00:00,1242,8
2024-05-10 00:25:34.138250+00:00,1488,6
2024-05-10 00:25:34.538237+00:00,1394,6
2024-05-10 00:25:34.634446+00:00,1488,94
2024-05-10 00:25:35.023040+00:00,1439,4
2024-05-10 00:25:35.151902+00:00,1464,3
2024-05-10 00:25:35.901758+00:00,1941,11
2024-05-10 00:25:36.152773+00:00,1940,13
2024-05-10 00:25:36.652054+00:00,1940,29
2024-05-10 00:25:36.772882+00:00,1587,6
2024-05-10 00:25:36.797334+00:00,1866,3
2024-05-10 00:25:37.152355+00:00,1941,48
2024-05-10 00:25:37.279906+00:00,2018,19
2024-05-10 00:25:37.518333+00:00,1802,42
2024-05-10 00:25:37.792983+00:00,1867,6
2024-05-10 00:25:37.880878+00:00,1245,4
2024-05-10 00:25:38.017756+00:00,1585,1
2024-05-10 00:25:38.152255+00:00,1941,2
2024-05-10 00:25:38.517029+00:00,1586,3
2024-05-10 00:25:38.584303+00:00,1941,49
2024-05-10 00:25:39.131731+00:00,1488,278
2024-05-10 00:25:39.516596+00:00,1586,6
2024-05-10 00:25:39.537226+00:00,1895,21
2024-05-10 00:25:39.632273+00:00,1490,8
2024-05-10 00:25:40.018754+00:00,1804,4
2024-05-10 00:25:40.267019+00:00,1584,16
2024-05-10 00:25:40.520105+00:00,1777,43
2024-05-10 00:25:41.017266+00:00,1807,3
2024-05-10 00:25:41.301950+00:00,1866,3
2024-05-10 00:25:41.302698+00:00,1972,3
2024-05-10 00:25:41.767858+00:00,1586,6
2024-05-10 00:25:41.842386+00:00,2026,15
2024-05-10 00:25:42.092433+00:00,2030,11
2024-05-10 00:25:42.132377+00:00,1247,5
2024-05-10 00:25:42.267045+00:00,1679,1
2024-05-10 00:25:42.767186+00:00,1588,6
2024-05-10 00:25:42.767629+00:00,1680,19
2024-05-10 00:25:42.881287+00:00,1745,13
2024-05-10 00:25:43.024116+00:00,1807,4
2024-05-10 00:25:43.275833+00:00,1990,10
2024-05-10 00:25:43.516902+00:00,1586,4
2024-05-10 00:25:43.525257+00:00,1989,1
2024-05-10 00:25:43.766394+00:00,1682,95
2024-05-10 00:25:43.880969+00:00,1245,4
2024-05-10 00:25:44.016946+00:00,1588,6
2024-05-10 00:25:44.400267+00:00,1998,34
2024-05-10 00:25:44.402042+00:00,1998,32
2024-05-10 00:25:44.527074+00:00,1989,9
2024-05-10 00:25:44.882023+00:00,1746,13
2024-05-10 00:25:44.902641+00:00,1501,50
2024-05-10 00:25:45.024047+00:00,1587,6
2024-05-10 00:25:45.084959+00:00,1292,6
2024-05-10 00:25:45.541183+00:00,1123,7
2024-05-10 00:25:46.016689+00:00,1808,1
2024-05-10 00:25:46.152560+00:00,1496,8
2024-05-10 00:25:46.267618+00:00,1587,3
2024-05-10 00:25:46.381732+00:00,1247,7
2024-05-10 00:25:46.517079+00:00,1809,1
2024-05-10 00:25:46.901437+00:00,1159,55
2024-05-10 00:25:47.766569+00:00,1588,2
2024-05-10 00:25:48.018722+00:00,1589,1
2024-05-10 00:25:48.091442+00:00,1943,11
2024-05-10 00:25:48.092761+00:00,1943,8
2024-05-10 00:25:48.096943+00:00,1424,20
2024-05-10 00:25:48.589567+00:00,1944,36
2024-05-10 00:25:48.637479+00:00,1248,6
2024-05-10 00:25:48.845896+00:00,1424,8
2024-05-10 00:25:49.089634+00:00,1945,47
2024-05-10 00:25:49.341161+00:00,1971,3
2024-05-10 00:25:49.387828+00:00,1613,9
2024-05-10 00:25:49.592565+00:00,1424,28
2024-05-10 00:25:49.796406+00:00,1135,9
2024-05-10 00:25:49.844422+00:00,1425,9
2024-05-10 00:25:50.018897+00:00,1590,214
2024-05-10 00:25:50.034494+00:00,2015,1
2024-05-10 00:25:50.266985+00:00,1807,20
2024-05-10 00:25:50.275957+00:00,1809,4
2024-05-10 00:25:50.387187+00:00,1491,6
2024-05-10 00:25:50.517641+00:00,1809,4
2024-05-10 00:25:51.767705+00:00,1810,3
2024-05-10 00:25:52.595924+00:00,1465,12
2024-05-10 00:25:53.020008+00:00,1808,3
2024-05-10 00:25:53.026612+00:00,1866,1
2024-05-10 00:25:53.085365+00:00,2030,11
2024-05-10 00:25:53.343165+00:00,2030,18
2024-05-10 00:25:53.346155+00:00,1419,16
2024-05-10 00:25:53.886039+00:00,1495,8
2024-05-10 00:25:54.025124+00:00,1465,1
2024-05-10 00:25:54.096827+00:00,2030,11
2024-05-10 00:25:54.099578+00:00,1418,1
2024-05-10 00:25:54.346438+00:00,1418,4
2024-05-10 00:25:54.518464+00:00,1492,2
2024-05-10 00:25:54.518740+00:00,2015,1
2024-05-10 00:25:54.539068+00:00,1584,3
2024-05-10 00:25:54.640751+00:00,1495,8
2024-05-10 00:25:54.839320+00:00,1418,18
2024-05-10 00:25:55.151398+00:00,1143,3
2024-05-10 00:25:55.401556+00:00,1143,3
2024-05-10 00:25:55.645663+00:00,1496,6
2024-05-10 00:25:55.651300+00:00,1143,3
2024-05-10 00:25:55.783807+00:00,1810,45
2024-05-10 00:25:55.795562+00:00,1068,9
2024-05-10 00:25:56.028445+00:00,1811,9
2024-05-10 00:25:56.133950+00:00,1496,6
2024-05-10 00:25:56.529862+00:00,1492,4
2024-05-10 00:25:57.035999+00:00,1468,9
2024-05-10 00:25:57.151684+00:00,1145,2
2024-05-10 00:25:57.522143+00:00,1813,7
2024-05-10 00:25:57.537775+00:00,1352,6
2024-05-10 00:25:58.005583+00:00,1378,26
2024-05-10 00:25:58.023271+00:00,1258,2
2024-05-10 00:25:58.042223+00:00,1354,8
2024-05-10 00:25:58.905219+00:00,1161,4
2024-05-10 00:25:59.086140+00:00,2016,17
2024-05-10 00:25:59.524190+00:00,1812,5
2024-05-10 00:25:59.584702+00:00,1664,3
2024-05-10 00:25:59.757127+00:00,1616,2
2024-05-10 00:26:00.274783+00:00,1815,15
2024-05-10 00:26:00.585643+00:00,1664,2
2024-05-10 00:26:01.023574+00:00,1819,6
2024-05-10 00:26:01.086086+00:00,1668,57
2024-05-10 00:26:02.028076+00:00,1475,3
2024-05-10 00:26:02.275456+00:00,1407,22
2024-05-10 00:26:02.771564+00:00,1442,1
2024-05-10 00:26:02.786640+00:00,1207,13
2024-05-10 00:26:02.834170+00:00,1748,6
2024-05-10 00:26:03.088716+00:00,1948,9
2024-05-10 00:26:03.089631+00:00,1748,6
2024-05-10 00:26:03.339982+00:00,1948,20
2024-05-10 00:26:03.587567+00:00,1667,2
2024-05-10 00:26:04.020205+00:00,1260,1
2024-05-10 00:26:04.520286+00:00,1442,2
2024-05-10 00:26:04.520732+00:00,1814,1
2024-05-10 00:26:04.540397+00:00,1206,1
2024-05-10 00:26:04.787815+00:00,1206,1
2024-05-10 00:26:04.841113+00:00,1951,6
2024-05-10 00:26:04.841360+00:00,1532,3
2024-05-10 00:26:05.016642+00:00,1541,65
2024-05-10 00:26:05.090476+00:00,1951,3
2024-05-10 00:26:05.091492+00:00,1349,9
2024-05-10 00:26:05.338917+00:00,1951,16
2024-05-10 00:26:05.410975+00:00,1145,113
2024-05-10 00:26:05.776877+00:00,1825,3
2024-05-10 00:26:05.906762+00:00,1146,1
2024-05-10 00:26:06.087620+00:00,1352,1
2024-05-10 00:26:06.088118+00:00,1537,42
2024-05-10 00:26:06.264516+00:00,1531,13
2024-05-10 00:26:06.403733+00:00,1146,3
2024-05-10 00:26:06.512445+00:00,1660,3
2024-05-10 00:26:06.537206+00:00,1402,3
2024-05-10 00:26:06.590225+00:00,1353,2
2024-05-10 00:26:06.786947+00:00,1413,3
2024-05-10 00:26:07.266652+00:00,1261,3
2024-05-10 00:26:07.340583+00:00,1952,3
2024-05-10 00:26:07.595398+00:00,1194,13
2024-05-10 00:26:07.596527+00:00,1952,8
2024-05-10 00:26:07.654019+00:00,1148,40
2024-05-10 00:26:07.763726+00:00,1894,9
2024-05-10 00:26:07.768060+00:00,1381,28
2024-05-10 00:26:07.840394+00:00,1953,18
2024-05-10 00:26:08.333930+00:00,1572,3
2024-05-10 00:26:08.381972+00:00,1233,19
2024-05-10 00:26:08.835990+00:00,1664,2
2024-05-10 00:26:08.881541+00:00,1233,25
2024-05-10 00:26:09.341361+00:00,1668,57
2024-05-10 00:26:09.589913+00:00,1954,20
2024-05-10 00:26:09.590219+00:00,1194,8
2024-05-10 00:26:09.659337+00:00,2005,39
2024-05-10 00:26:10.266265+00:00,1816,49
2024-05-10 00:26:10.337446+00:00,1953,12
2024-05-10 00:26:10.516860+00:00,1818,5
2024-05-10 00:26:10.587161+00:00,1953,18
2024-05-10 00:26:10.842103+00:00,1042,49
2024-05-10 00:26:11.007844+00:00,1539,20
2024-05-10 00:26:11.019282+00:00,2023,1
2024-05-10 00:26:11.131740+00:00,1236,22
2024-05-10 00:26:11.253691+00:00,1663,18
2024-05-10 00:26:11.274138+00:00,1475,2
2024-05-10 00:26:11.287710+00:00,1769,17
2024-05-10 00:26:11.516248+00:00,1821,4
2024-05-10 00:26:11.592358+00:00,1354,9
2024-05-10 00:26:11.595854+00:00,1420,20
2024-05-10 00:26:11.752312+00:00,1281,27
2024-05-10 00:26:11.788778+00:00,1774,6
2024-05-10 00:26:11.834354+00:00,1048,4
2024-05-10 00:26:12.132525+00:00,1236,6
2024-05-10 00:26:12.256055+00:00,1364,2
2024-05-10 00:26:12.634370+00:00,1707,5
2024-05-10 00:26:12.842025+00:00,1574,27
2024-05-10 00:26:13.090684+00:00,1049,3
2024-05-10 00:26:13.253568+00:00,1773,11
2024-05-10 00:26:13.256058+00:00,1532,13
2024-05-10 00:26:13.516413+00:00,1164,3
2024-05-10 00:26:13.547491+00:00,1341,27
2024-05-10 00:26:13.588534+00:00,1576,13
2024-05-10 00:26:13.754349+00:00,1771,71
2024-05-10 00:26:14.255020+00:00,1530,11
2024-05-10 00:26:14.337875+00:00,1393,5
2024-05-10 00:26:14.502660+00:00,1419,2
2024-05-10 00:26:14.592021+00:00,1423,2
2024-05-10 00:26:14.766491+00:00,1164,3
2024-05-10 00:26:15.259728+00:00,1278,15
2024-05-10 00:26:15.334946+00:00,1357,10
2024-05-10 00:26:15.524083+00:00,1825,18
2024-05-10 00:26:15.593487+00:00,1956,16
2024-05-10 00:26:15.594098+00:00,1357,1
2024-05-10 00:26:15.904891+00:00,1265,1
2024-05-10 00:26:16.087941+00:00,1050,2
2024-05-10 00:26:16.089232+00:00,1359,9
2024-05-10 00:26:16.143470+00:00,1156,9
2024-05-10 00:26:16.253273+00:00,1773,11
2024-05-10 00:26:16.267665+00:00,1476,2
2024-05-10 00:26:16.518850+00:00,1476,2
2024-05-10 00:26:16.791646+00:00,1419,8
2024-05-10 00:26:16.886240+00:00,1156,30
2024-05-10 00:26:17.386250+00:00,1217,6
2024-05-10 00:26:17.503074+00:00,1533,11
2024-05-10 00:26:17.754065+00:00,1171,1
2024-05-10 00:26:17.841227+00:00,1422,2
2024-05-10 00:26:18.003579+00:00,1774,12
2024-05-10 00:26:18.270372+00:00,1774,5
2024-05-10 00:26:18.339402+00:00,1769,9
2024-05-10 00:26:18.389114+00:00,1238,1
2024-05-10 00:26:18.503188+00:00,1422,7
2024-05-10 00:26:18.591445+00:00,1583,13
2024-05-10 00:26:18.640874+00:00,1222,1
2024-05-10 00:26:18.842442+00:00,1050,4
2024-05-10 00:26:19.091809+00:00,1956,7
2024-05-10 00:26:19.133986+00:00,1239,5
2024-05-10 00:26:19.254130+00:00,1774,1
2024-05-10 00:26:19.502554+00:00,1421,2
2024-05-10 00:26:19.839957+00:00,1956,16
2024-05-10 00:26:19.843313+00:00,1422,2
2024-05-10 00:26:20.003526+00:00,1773,13
2024-05-10 00:26:20.041525+00:00,1419,13
2024-05-10 00:26:20.086397+00:00,1183,9
2024-05-10 00:26:20.392005+00:00,1238,15
2024-05-10 00:26:20.502758+00:00,1773,13
2024-05-10 00:26:20.887713+00:00,1237,21
2024-05-10 00:26:21.006508+00:00,1604,12
2024-05-10 00:26:21.045602+00:00,2003,18
2024-05-10 00:26:21.093635+00:00,1988,6
2024-05-10 00:26:21.256465+00:00,1604,1
2024-05-10 00:26:21.268413+00:00,1978,1
2024-05-10 00:26:21.402194+00:00,1757,5
2024-05-10 00:26:21.504371+00:00,1422,49
2024-05-10 00:26:21.507538+00:00,1604,1
2024-05-10 00:26:21.594680+00:00,1992,4
2024-05-10 00:26:21.756708+00:00,1605,2
2024-05-10 00:26:21.791107+00:00,2001,17
2024-05-10 00:26:21.910516+00:00,1483,6
2024-05-10 00:26:22.005449+00:00,1533,17
2024-05-10 00:26:22.252655+00:00,1773,12
2024-05-10 00:26:22.387244+00:00,1235,17
2024-05-10 00:26:22.506506+00:00,1607,2
2024-05-10 00:26:23.094328+00:00,1931,30
2024-05-10 00:26:23.095311+00:00,1420,24
2024-05-10 00:26:23.134561+00:00,1235,19
2024-05-10 00:26:23.257112+00:00,1605,1
2024-05-10 00:26:23.271528+00:00,1841,4
2024-05-10 00:26:23.343954+00:00,1993,3
2024-05-10 00:26:23.517354+00:00,1819,55
2024-05-10 00:26:23.769490+00:00,2010,6
2024-05-10 00:26:23.848703+00:00,1420,80
2024-05-10 00:26:23.883895+00:00,1044,10
2024-05-10 00:26:24.140472+00:00,1559,15
2024-05-10 00:26:24.276170+00:00,2012,4
2024-05-10 00:26:24.289210+00:00,2002,24
2024-05-10 00:26:24.391062+00:00,1235,17
2024-05-10 00:26:24.637637+00:00,1044,55
2024-05-10 00:26:24.638106+00:00,1606,30
2024-05-10 00:26:24.786728+00:00,1577,40
2024-05-10 00:26:24.842195+00:00,1670,1
2024-05-10 00:26:25.346609+00:00,1670,2
2024-05-10 00:26:25.390472+00:00,1606,23
2024-05-10 00:26:25.529030+00:00,1839,8
2024-05-10 00:26:25.777107+00:00,2012,7
2024-05-10 00:26:25.846752+00:00,1863,1
2024-05-10 00:26:26.139164+00:00,1359,7
2024-05-10 00:26:26.139907+00:00,1044,100
2024-05-10 00:26:26.287954+00:00,2006,19
2024-05-10 00:26:26.344986+00:00,1671,1
2024-05-10 00:26:26.390156+00:00,1607,57
2024-05-10 00:26:26.835562+00:00,1852,4
2024-05-10 00:26:26.885414+00:00,1236,14
2024-05-10 00:26:27.022915+00:00,1839,3
2024-05-10 00:26:27.632533+00:00,1096,3
2024-05-10 00:26:27.771042+00:00,1821,11
2024-05-10 00:26:27.885475+00:00,1237,15
2024-05-10 00:26:28.029320+00:00,2013,4
2024-05-10 00:26:28.261577+00:00,1147,10
2024-05-10 00:26:28.520508+00:00,1821,4
2024-05-10 00:26:29.009975+00:00,1784,226
2024-05-10 00:26:29.042606+00:00,1578,325
2024-05-10 00:26:29.082792+00:00,1323,8
2024-05-10 00:26:29.256262+00:00,1536,7
2024-05-10 00:26:29.584093+00:00,1964,15
2024-05-10 00:26:29.779053+00:00,1841,27
2024-05-10 00:26:29.788890+00:00,1580,4
2024-05-10 00:26:29.832042+00:00,1855,2
2024-05-10 00:26:29.885095+00:00,1240,23
2024-05-10 00:26:30.385645+00:00,1042,10
2024-05-10 00:26:30.534258+00:00,2016,13
2024-05-10 00:26:30.884941+00:00,1042,20
2024-05-10 00:26:31.013477+00:00,1897,67
2024-05-10 00:26:31.013801+00:00,1792,44
2024-05-10 00:26:31.286906+00:00,1419,4
2024-05-10 00:26:31.332863+00:00,1967,11
2024-05-10 00:26:31.586800+00:00,1326,174
2024-05-10 00:26:31.776120+00:00,1984,13
2024-05-10 00:26:31.832745+00:00,1157,9
2024-05-10 00:26:31.833988+00:00,1361,5
2024-05-10 00:26:31.888033+00:00,1241,16
2024-05-10 00:26:32.040648+00:00,1366,13
2024-05-10 00:26:32.082350+00:00,1967,14
2024-05-10 00:26:32.590425+00:00,1570,16
2024-05-10 00:26:32.786591+00:00,1584,2
2024-05-10 00:26:32.882278+00:00,1240,5
2024-05-10 00:26:33.024078+00:00,1092,9
2024-05-10 00:26:33.024608+00:00,2021,12
2024-05-10 00:26:33.332679+00:00,1572,4
2024-05-10 00:26:33.401085+00:00,1485,9
2024-05-10 00:26:33.835623+00:00,1573,4
2024-05-10 00:26:33.837167+00:00,1857,4
2024-05-10 00:26:33.888137+00:00,2009,15
2024-05-10 00:26:34.389369+00:00,1239,18
2024-05-10 00:26:34.390125+00:00,1220,9
2024-05-10 00:26:34.392315+00:00,2009,24
2024-05-10 00:26:34.589726+00:00,1951,8
2024-05-10 00:26:34.591091+00:00,1570,20
2024-05-10 00:26:34.786761+00:00,1420,3
2024-05-10 00:26:34.837302+00:00,1846,7
2024-05-10 00:26:34.837766+00:00,1365,11
2024-05-10 00:26:34.901684+00:00,1486,20
2024-05-10 00:26:35.006234+00:00,1790,1
2024-05-10 00:26:35.007230+00:00,1789,7
2024-05-10 00:26:35.084111+00:00,1956,4
2024-05-10 00:26:35.388762+00:00,1223,14
2024-05-10 00:26:35.401420+00:00,1487,18
2024-05-10 00:26:35.593227+00:00,1365,9
2024-05-10 00:26:35.595864+00:00,1669,9
2024-05-10 00:26:35.596874+00:00,1323,15
2024-05-10 00:26:35.787354+00:00,1420,3
2024-05-10 00:26:35.787875+00:00,1942,2
2024-05-10 00:26:35.901386+00:00,1487,18
2024-05-10 00:26:36.139330+00:00,2009,15
2024-05-10 00:26:36.152834+00:00,1256,2
2024-05-10 00:26:36.400753+00:00,1487,1
2024-05-10 00:26:36.401398+00:00,1941,1
2024-05-10 00:26:36.536064+00:00,1479,1
2024-05-10 00:26:36.536965+00:00,1419,4
2024-05-10 00:26:36.650336+00:00,1941,1
2024-05-10 00:26:36.888350+00:00,1225,7
2024-05-10 00:26:37.086960+00:00,1573,4
2024-05-10 00:26:37.087672+00:00,1364,2
2024-05-10 00:26:37.151472+00:00,1488,1
2024-05-10 00:26:37.401956+00:00,1488,17
2024-05-10 00:26:37.539556+00:00,1193,4
2024-05-10 00:26:37.650819+00:00,1987,39
2024-05-10 00:26:37.887382+00:00,1226,6
2024-05-10 00:26:38.084153+00:00,1575,1
2024-05-10 00:26:38.527132+00:00,1824,40
2024-05-10 00:26:38.587367+00:00,1860,31
2024-05-10 00:26:38.778572+00:00,1479,1
2024-05-10 00:26:39.023895+00:00,1826,2
2024-05-10 00:26:39.084467+00:00,1576,21
2024-05-10 00:26:39.400343+00:00,1255,5
2024-05-10 00:26:39.505435+00:00,1900,80
2024-05-10 00:26:39.521718+00:00,1826,2
2024-05-10 00:26:39.527620+00:00,1481,1
2024-05-10 00:26:39.537297+00:00,1375,13
2024-05-10 00:26:39.632297+00:00,1617,18
2024-05-10 00:26:39.837460+00:00,1365,10
2024-05-10 00:26:40.088350+00:00,1583,7
2024-05-10 00:26:40.337327+00:00,1969,17
2024-05-10 00:26:40.630875+00:00,1228,9
2024-05-10 00:26:40.786543+00:00,1480,1
2024-05-10 00:26:40.788354+00:00,1414,4
2024-05-10 00:26:41.030988+00:00,1105,54
2024-05-10 00:26:41.131061+00:00,1243,3
2024-05-10 00:26:41.133763+00:00,1619,39
2024-05-10 00:26:41.382114+00:00,1226,6
2024-05-10 00:26:41.522460+00:00,1245,7
2024-05-10 00:26:41.587875+00:00,1584,4
2024-05-10 00:26:41.880554+00:00,1233,2
2024-05-10 00:26:41.880799+00:00,1245,19
2024-05-10 00:26:42.087882+00:00,1366,10
2024-05-10 00:26:42.131780+00:00,1246,18
2024-05-10 00:26:42.255270+00:00,1540,11
2024-05-10 00:26:42.285438+00:00,2028,5
2024-05-10 00:26:42.381551+00:00,1621,38
2024-05-10 00:26:42.588766+00:00,1154,6
2024-05-10 00:26:42.835836+00:00,1367,9
2024-05-10 00:26:43.022949+00:00,2028,1
2024-05-10 00:26:43.131158+00:00,1530,8
2024-05-10 00:26:43.507492+00:00,1606,9
2024-05-10 00:26:43.527009+00:00,2028,4
2024-05-10 00:26:43.634964+00:00,2007,3
2024-05-10 00:26:43.635173+00:00,1620,22
2024-05-10 00:26:43.774232+00:00,1043,35
2024-05-10 00:26:43.778868+00:00,2028,4
2024-05-10 00:26:43.882092+00:00,1226,6
2024-05-10 00:26:43.882343+00:00,1532,3
2024-05-10 00:26:43.885650+00:00,1620,5
2024-05-10 00:26:44.135479+00:00,1620,12
2024-05-10 00:26:44.135958+00:00,2007,3
2024-05-10 00:26:44.254659+00:00,1608,1
2024-05-10 00:26:44.255703+00:00,1608,6
2024-05-10 00:26:44.518720+00:00,1833,4
2024-05-10 00:26:44.630786+00:00,1246,20
2024-05-10 00:26:44.633331+00:00,2007,3
2024-05-10 00:26:45.261687+00:00,1152,9
2024-05-10 00:26:45.383415+00:00,1621,39
2024-05-10 00:26:45.517733+00:00,1836,2
2024-05-10 00:26:45.764343+00:00,1152,23
2024-05-10 00:26:45.765205+00:00,1415,3
2024-05-10 00:26:46.014571+00:00,1902,71
2024-05-10 00:26:46.517223+00:00,1791,59
2024-05-10 00:26:46.517711+00:00,1836,3
2024-05-10 00:26:46.518014+00:00,1902,3
2024-05-10 00:26:46.765611+00:00,1415,4
2024-05-10 00:26:46.765777+00:00,1228,127
2024-05-10 00:26:47.004204+00:00,1233,2
2024-05-10 00:26:47.280836+00:00,2023,2
2024-05-10 00:26:47.660046+00:00,1536,30
2024-05-10 00:26:47.758028+00:00,1799,52
2024-05-10 00:26:48.387546+00:00,2007,18
2024-05-10 00:26:48.410903+00:00,1537,1
2024-05-10 00:26:48.412255+00:00,1737,21
2024-05-10 00:26:48.906705+00:00,1538,5
2024-05-10 00:26:49.083452+00:00,1748,7
2024-05-10 00:26:49.291247+00:00,1375,13
2024-05-10 00:26:49.506181+00:00,1419,5
2024-05-10 00:26:49.583844+00:00,1579,9
2024-05-10 00:26:49.889977+00:00,1262,18
2024-05-10 00:26:50.265744+00:00,1178,82
2024-05-10 00:26:50.267440+00:00,1420,2
2024-05-10 00:26:50.582242+00:00,1849,5
2024-05-10 00:26:50.901658+00:00,1539,5
2024-05-10 00:26:51.008147+00:00,1333,2
2024-05-10 00:26:51.265964+00:00,1181,1
2024-05-10 00:26:51.406134+00:00,1988,5
2024-05-10 00:26:51.409238+00:00,1869,6
2024-05-10 00:26:52.003889+00:00,1182,1
2024-05-10 00:26:52.082002+00:00,1749,2
2024-05-10 00:26:52.258168+00:00,1235,13
2024-05-10 00:26:53.038116+00:00,1408,9
2024-05-10 00:26:53.082028+00:00,1853,1
2024-05-10 00:26:53.155079+00:00,1877,3
2024-05-10 00:26:53.256373+00:00,1235,13
2024-05-10 00:26:53.332503+00:00,1853,2
2024-05-10 00:26:53.583091+00:00,1749,2
2024-05-10 00:26:53.909383+00:00,1941,1
2024-05-10 00:26:54.082902+00:00,1749,4
2024-05-10 00:26:54.757769+00:00,1108,52
2024-05-10 00:26:54.889967+00:00,1278,8
2024-05-10 00:26:55.508255+00:00,1388,9
2024-05-10 00:26:55.509020+00:00,1156,23
2024-05-10 00:26:56.661718+00:00,1941,1
2024-05-10 00:26:57.155924+00:00,1941,1
2024-05-10 00:26:57.659770+00:00,1941,1
2024-05-10 00:26:57.839662+00:00,1960,2
2024-05-10 00:26:58.030176+00:00,1048,28
2024-05-10 00:26:58.253384+00:00,1539,12
2024-05-10 00:26:58.255581+00:00,1233,174
2024-05-10 00:26:58.266537+00:00,1391,1
2024-05-10 00:26:58.757720+00:00,1391,8
2024-05-10 00:26:59.336686+00:00,2017,19
2024-05-10 00:26:59.658895+00:00,1941,8
2024-05-10 00:26:59.659315+00:00,1821,40
2024-05-10 00:26:59.755940+00:00,1234,9
2024-05-10 00:27:00.087784+00:00,2017,9
2024-05-10 00:27:00.337508+00:00,1049,52
2024-05-10 00:27:00.405017+00:00,1941,5
2024-05-10 00:27:00.505079+00:00,1233,94
2024-05-10 00:27:00.910284+00:00,1942,1
2024-05-10 00:27:00.911906+00:00,1942,5
2024-05-10 00:27:00.915537+00:00,1737,12
2024-05-10 00:27:01.002651+00:00,1333,3
2024-05-10 00:27:02.908092+00:00,1149,61
2024-05-10 00:27:02.909178+00:00,1534,11
2024-05-10 00:27:03.011878+00:00,1091,1
2024-05-10 00:27:03.521600+00:00,1844,2
2024-05-10 00:27:03.752869+00:00,1333,2
2024-05-10 00:27:03.835211+00:00,1056,2
2024-05-10 00:27:03.919216+00:00,1150,12
2024-05-10 00:27:04.157788+00:00,1844,2
2024-05-10 00:27:04.254445+00:00,1092,67
2024-05-10 00:27:04.587734+00:00,1495,2
2024-05-10 00:27:04.837219+00:00,1496,3
2024-05-10 00:27:05.006318+00:00,1288,7
2024-05-10 00:27:05.336683+00:00,1495,1
2024-05-10 00:27:05.754732+00:00,1094,145
2024-05-10 00:27:05.840931+00:00,1495,2
2024-05-10 00:27:06.504197+00:00,1096,214
2024-05-10 00:27:07.004738+00:00,1096,1
2024-05-10 00:27:07.257133+00:00,1096,61
2024-05-10 00:27:07.401277+00:00,1152,12
2024-05-10 00:27:07.503195+00:00,1903,61
2024-05-10 00:27:07.507496+00:00,1161,1
2024-05-10 00:27:07.670854+00:00,1729,15
2024-05-10 00:27:07.756827+00:00,1431,1
2024-05-10 00:27:07.882762+00:00,1917,3
2024-05-10 00:27:08.256604+00:00,1432,1
2024-05-10 00:27:08.257026+00:00,1160,1
2024-05-10 00:27:08.270438+00:00,1056,4
2024-05-10 00:27:08.505155+00:00,1160,1
2024-05-10 00:27:08.505650+00:00,1432,1
2024-05-10 00:27:08.769199+00:00,1849,3
2024-05-10 00:27:08.790308+00:00,1562,19
2024-05-10 00:27:09.006889+00:00,1432,2
2024-05-10 00:27:09.167154+00:00,1878,14
2024-05-10 00:27:09.170909+00:00,1152,145
2024-05-10 00:27:09.274863+00:00,1849,1
2024-05-10 00:27:09.293094+00:00,1057,7
2024-05-10 00:27:09.521255+00:00,1057,3
2024-05-10 00:27:09.660145+00:00,1729,15
2024-05-10 00:27:10.005286+00:00,1532,11
2024-05-10 00:27:10.088502+00:00,1160,20
2024-05-10 00:27:10.258116+00:00,1433,172
2024-05-10 00:27:10.591922+00:00,1077,4
2024-05-10 00:27:10.760565+00:00,1801,4
2024-05-10 00:27:10.762516+00:00,1234,15
2024-05-10 00:27:10.884956+00:00,1400,1
2024-05-10 00:27:11.262495+00:00,1432,87
2024-05-10 00:27:11.289535+00:00,1063,4
2024-05-10 00:27:12.042222+00:00,1612,19
2024-05-10 00:27:12.266216+00:00,1801,5
2024-05-10 00:27:12.509852+00:00,1413,27
2024-05-10 00:27:12.511178+00:00,1434,262
2024-05-10 00:27:12.539474+00:00,1869,36
2024-05-10 00:27:12.754517+00:00,1802,1
2024-05-10 00:27:13.042391+00:00,1874,1
2024-05-10 00:27:13.538841+00:00,1874,4
2024-05-10 00:27:13.638778+00:00,1473,3
2024-05-10 00:27:13.639282+00:00,1473,2
2024-05-10 00:27:13.639669+00:00,1473,3
2024-05-10 00:27:13.641442+00:00,1402,6
2024-05-10 00:27:13.787095+00:00,1874,6
2024-05-10 00:27:14.254387+00:00,1802,1
2024-05-10 00:27:14.511350+00:00,1278,55
2024-05-10 00:27:14.760240+00:00,1801,6
2024-05-10 00:27:15.090993+00:00,1640,12
2024-05-10 00:27:15.388178+00:00,1407,1
2024-05-10 00:27:17.040576+00:00,1916,29
2024-05-10 00:27:17.295942+00:00,1896,1
2024-05-10 00:27:18.010128+00:00,1281,333
2024-05-10 00:27:18.758552+00:00,1805,2
2024-05-10 00:27:18.880979+00:00,1528,3
2024-05-10 00:27:19.507299+00:00,1805,2
2024-05-10 00:27:19.655227+00:00,1156,45
2024-05-10 00:27:20.513750+00:00,1806,1
2024-05-10 00:27:21.020446+00:00,1164,3
2024-05-10 00:27:21.083683+00:00,1804,1
2024-05-10 00:27:21.134817+00:00,1742,3
2024-05-10 00:27:21.260967+00:00,1807,1
2024-05-10 00:27:21.508720+00:00,1806,2
2024-05-10 00:27:21.547113+00:00,1917,19
2024-05-10 00:27:21.585239+00:00,1079,2
2024-05-10 00:27:22.132539+00:00,1743,19
2024-05-10 00:27:22.152177+00:00,1705,15
2024-05-10 00:27:22.339119+00:00,1633,9
2024-05-10 00:27:22.406890+00:00,1249,1
2024-05-10 00:27:22.406963+00:00,1925,3
2024-05-10 00:27:22.509662+00:00,1806,2
2024-05-10 00:27:22.587885+00:00,1972,8
2024-05-10 00:27:22.652955+00:00,1705,37
2024-05-10 00:27:23.016902+00:00,1806,2
2024-05-10 00:27:23.402834+00:00,1373,24
2024-05-10 00:27:23.518531+00:00,1164,3
2024-05-10 00:27:23.880795+00:00,1279,2
2024-05-10 00:27:23.901243+00:00,1372,22
2024-05-10 00:27:24.130895+00:00,1279,2
2024-05-10 00:27:24.584656+00:00,1646,2
2024-05-10 00:27:24.835364+00:00,1635,2
2024-05-10 00:27:25.131166+00:00,1281,4
2024-05-10 00:27:25.337645+00:00,1635,55
2024-05-10 00:27:25.502375+00:00,1806,55
2024-05-10 00:27:25.589583+00:00,1636,1
2024-05-10 00:27:25.651880+00:00,1705,29
2024-05-10 00:27:25.836650+00:00,1636,1
2024-05-10 00:27:26.154682+00:00,1930,14
2024-05-10 00:27:26.583553+00:00,1952,2
2024-05-10 00:27:26.633505+00:00,1324,7
2024-05-10 00:27:26.651802+00:00,1706,57
2024-05-10 00:27:26.904758+00:00,1707,8
2024-05-10 00:27:27.253633+00:00,1814,40
2024-05-10 00:27:27.266746+00:00,1696,9
2024-05-10 00:27:27.388736+00:00,1283,14
2024-05-10 00:27:27.902003+00:00,1707,85
2024-05-10 00:27:28.017805+00:00,1696,9
2024-05-10 00:27:28.151505+00:00,1145,5
2024-05-10 00:27:28.766772+00:00,1696,9
2024-05-10 00:27:28.834086+00:00,1952,2
2024-05-10 00:27:28.904857+00:00,1708,3
2024-05-10 00:27:28.905730+00:00,1709,91
2024-05-10 00:27:28.905916+00:00,1931,14
2024-05-10 00:27:29.161221+00:00,1707,43
2024-05-10 00:27:29.332302+00:00,1651,1
2024-05-10 00:27:29.516336+00:00,1696,9
2024-05-10 00:27:29.517009+00:00,1175,3
2024-05-10 00:27:29.584464+00:00,1651,2
2024-05-10 00:27:29.884031+00:00,1839,16
2024-05-10 00:27:30.091266+00:00,1031,16
2024-05-10 00:27:30.093629+00:00,1651,4
2024-05-10 00:27:30.403317+00:00,1707,154
2024-05-10 00:27:30.844142+00:00,1652,3
2024-05-10 00:27:30.886547+00:00,2008,36
2024-05-10 00:27:30.902446+00:00,1707,70
2024-05-10 00:27:31.287695+00:00,1484,1
2024-05-10 00:27:31.405481+00:00,1708,78
2024-05-10 00:27:31.590500+00:00,1038,12
2024-05-10 00:27:31.633713+00:00,2010,22
2024-05-10 00:27:31.754331+00:00,1446,1
2024-05-10 00:27:31.766576+00:00,1175,3
2024-05-10 00:27:32.018207+00:00,1666,11
2024-05-10 00:27:32.021738+00:00,1285,3
2024-05-10 00:27:32.041687+00:00,1485,8
2024-05-10 00:27:32.252529+00:00,1446,3
2024-05-10 00:27:32.505267+00:00,1309,89
2024-05-10 00:27:32.651111+00:00,1774,15
2024-05-10 00:27:32.843706+00:00,1934,22
2024-05-10 00:27:32.882409+00:00,2011,19
2024-05-10 00:27:33.136774+00:00,2011,19
2024-05-10 00:27:33.267234+00:00,1191,3
2024-05-10 00:27:33.503111+00:00,1722,29
2024-05-10 00:27:33.503813+00:00,1309,13
2024-05-10 00:27:33.597869+00:00,1935,20
2024-05-10 00:27:33.639466+00:00,1284,10
2024-05-10 00:27:33.754873+00:00,1447,3
2024-05-10 00:27:33.887406+00:00,2012,14
2024-05-10 00:27:34.091858+00:00,1149,201
2024-05-10 00:27:34.537512+00:00,1488,7
2024-05-10 00:27:34.755954+00:00,1309,6
2024-05-10 00:27:35.257485+00:00,1446,3
2024-05-10 00:27:35.339784+00:00,1850,4
2024-05-10 00:27:35.389688+00:00,1284,4
2024-05-10 00:27:35.392026+00:00,2013,21
2024-05-10 00:27:35.505242+00:00,1816,7
2024-05-10 00:27:35.517850+00:00,1191,14
2024-05-10 00:27:35.588423+00:00,1851,1
2024-05-10 00:27:35.757998+00:00,1816,3
2024-05-10 00:27:36.008075+00:00,1816,7
2024-05-10 00:27:36.009789+00:00,1445,4
2024-05-10 00:27:36.083420+00:00,1851,3
2024-05-10 00:27:36.256388+00:00,1444,5
2024-05-10 00:27:36.336619+00:00,1853,1
2024-05-10 00:27:36.336734+00:00,1151,5
2024-05-10 00:27:36.391588+00:00,2017,13
2024-05-10 00:27:36.393282+00:00,2015,15
2024-05-10 00:27:36.633846+00:00,2015,17
2024-05-10 00:27:36.788642+00:00,1377,6
2024-05-10 00:27:36.903807+00:00,1149,1
2024-05-10 00:27:37.041673+00:00,1488,7
2024-05-10 00:27:37.136988+00:00,2016,19
2024-05-10 00:27:37.289536+00:00,1378,16
2024-05-10 00:27:37.635395+00:00,2016,20
2024-05-10 00:27:38.086881+00:00,1514,11
2024-05-10 00:27:38.137869+00:00,1285,7
2024-05-10 00:27:38.140460+00:00,2017,19
2024-05-10 00:27:38.267078+00:00,1187,3
2024-05-10 00:27:38.342206+00:00,1515,2
2024-05-10 00:27:38.541259+00:00,1378,2
2024-05-10 00:27:38.654768+00:00,1150,47
2024-05-10 00:27:38.768531+00:00,1186,31
2024-05-10 00:27:38.834931+00:00,1515,2
2024-05-10 00:27:39.797281+00:00,1265,6
2024-05-10 00:27:39.838084+00:00,1515,2
2024-05-10 00:27:40.093570+00:00,1935,19
2024-05-10 00:27:40.638850+00:00,1285,16
2024-05-10 00:27:40.888641+00:00,2017,1
2024-05-10 00:27:41.094805+00:00,1935,23
2024-05-10 00:27:41.134444+00:00,2017,2
2024-05-10 00:27:41.288855+00:00,1184,158
2024-05-10 00:27:41.388613+00:00,1285,22
2024-05-10 00:27:41.638431+00:00,1069,4
2024-05-10 00:27:41.754099+00:00,1640,82
2024-05-10 00:27:42.098201+00:00,1763,3
2024-05-10 00:27:42.135186+00:00,1070,21
2024-05-10 00:27:42.288104+00:00,1184,64
2024-05-10 00:27:42.517000+00:00,1441,3
2024-05-10 00:27:42.640133+00:00,1288,10
2024-05-10 00:27:42.642239+00:00,1627,33
2024-05-10 00:27:42.891594+00:00,1070,1
2024-05-10 00:27:43.135358+00:00,1071,1
2024-05-10 00:27:43.333945+00:00,1938,15
2024-05-10 00:27:43.392965+00:00,1288,17
2024-05-10 00:27:43.503179+00:00,1818,5
2024-05-10 00:27:43.542382+00:00,1266,19
2024-05-10 00:27:43.766982+00:00,1850,74
2024-05-10 00:27:43.890440+00:00,1072,8
2024-05-10 00:27:44.002878+00:00,1817,6
2024-05-10 00:27:44.017140+00:00,1441,3
2024-05-10 00:27:44.043877+00:00,1266,19
2024-05-10 00:27:44.141456+00:00,1287,10
2024-05-10 00:27:44.252878+00:00,1818,6
2024-05-10 00:27:44.401132+00:00,1152,3
2024-05-10 00:27:44.540258+00:00,1266,1
2024-05-10 00:27:44.641761+00:00,1072,1
2024-05-10 00:27:44.643507+00:00,1072,1
2024-05-10 00:27:44.767445+00:00,1441,3
2024-05-10 00:27:45.041819+00:00,1266,19
2024-05-10 00:27:45.290981+00:00,1493,3
2024-05-10 00:27:45.404688+00:00,1152,4
2024-05-10 00:27:45.778726+00:00,1447,1
2024-05-10 00:27:46.082747+00:00,2025,22
2024-05-10 00:27:46.289722+00:00,1494,2
2024-05-10 00:27:46.387032+00:00,1289,7
2024-05-10 00:27:46.503253+00:00,1823,34
2024-05-10 00:27:47.002587+00:00,1823,55
2024-05-10 00:27:47.272518+00:00,1867,6
2024-05-10 00:27:48.267300+00:00,1310,6
2024-05-10 00:27:48.292262+00:00,1495,10
2024-05-10 00:27:48.401013+00:00,1153,3
2024-05-10 00:27:49.298354+00:00,1472,1
2024-05-10 00:27:49.520079+00:00,1738,1
2024-05-10 00:27:49.759032+00:00,1339,11
2024-05-10 00:27:50.046365+00:00,1963,4
2024-05-10 00:27:50.638242+00:00,2022,15
2024-05-10 00:27:50.755456+00:00,1310,1
2024-05-10 00:27:50.756170+00:00,1310,4
2024-05-10 00:27:51.020931+00:00,1593,41
2024-05-10 00:27:51.291645+00:00,1500,5
2024-05-10 00:27:51.771634+00:00,1738,81
2024-05-10 00:27:52.253265+00:00,1310,33
2024-05-10 00:27:52.291686+00:00,1499,4
2024-05-10 00:27:53.007624+00:00,1150,1
2024-05-10 00:27:53.291727+00:00,1501,5
2024-05-10 00:27:53.503306+00:00,1310,6
2024-05-10 00:27:53.791102+00:00,1196,9
2024-05-10 00:27:54.003871+00:00,1831,58
2024-05-10 00:27:54.028139+00:00,1594,12
2024-05-10 00:27:54.400659+00:00,1403,6
2024-05-10 00:27:55.258942+00:00,1329,1
2024-05-10 00:27:55.506128+00:00,1310,13
2024-05-10 00:27:55.836508+00:00,1520,28
2024-05-10 00:27:56.002254+00:00,1328,3
2024-05-10 00:27:56.503403+00:00,1150,9
2024-05-10 00:27:56.547515+00:00,1505,10
2024-05-10 00:27:56.550699+00:00,1769,3
2024-05-10 00:27:57.771529+00:00,1593,28
2024-05-10 00:27:57.838049+00:00,1950,4
2024-05-10 00:27:57.881623+00:00,2026,14
2024-05-10 00:27:58.002883+00:00,1839,55
2024-05-10 00:27:58.089514+00:00,1532,380
2024-05-10 00:27:58.590477+00:00,1950,5
2024-05-10 00:27:59.047132+00:00,1292,31
2024-05-10 00:27:59.504593+00:00,1847,58
2024-05-10 00:27:59.590021+00:00,1950,5
2024-05-10 00:28:00.004612+00:00,1856,9
2024-05-10 00:28:00.754216+00:00,1858,13
2024-05-10 00:28:00.839073+00:00,1951,5
2024-05-10 00:28:01.002965+00:00,1859,7
2024-05-10 00:28:01.158521+00:00,1678,9
2024-05-10 00:28:01.276304+00:00,1897,2
2024-05-10 00:28:01.338114+00:00,1532,248
2024-05-10 00:28:01.503005+00:00,1859,3
2024-05-10 00:28:01.522132+00:00,1746,1
2024-05-10 00:28:01.590689+00:00,1950,5
2024-05-10 00:28:02.003161+00:00,1860,10
2024-05-10 00:28:02.153070+00:00,1679,9
2024-05-10 00:28:02.382590+00:00,1333,3
2024-05-10 00:28:02.503568+00:00,1870,10
2024-05-10 00:28:03.134432+00:00,1334,9
2024-05-10 00:28:03.634443+00:00,1651,34
2024-05-10 00:28:03.652113+00:00,1681,3
2024-05-10 00:28:04.021770+00:00,1070,1
2024-05-10 00:28:04.087062+00:00,1070,2
2024-05-10 00:28:05.081925+00:00,1070,2
2024-05-10 00:28:05.084683+00:00,1070,2
2024-05-10 00:28:05.333976+00:00,1420,58
2024-05-10 00:28:05.584838+00:00,1070,2
2024-05-10 00:28:05.631647+00:00,1653,8
2024-05-10 00:28:05.835305+00:00,1071,1
2024-05-10 00:28:05.880950+00:00,1335,6
2024-05-10 00:28:05.882551+00:00,1653,5
2024-05-10 00:28:06.655531+00:00,1686,8
2024-05-10 00:28:06.777915+00:00,2027,16
2024-05-10 00:28:06.881787+00:00,1275,17
2024-05-10 00:28:06.907198+00:00,1434,7
2024-05-10 00:28:07.154996+00:00,1687,7
2024-05-10 00:28:07.289534+00:00,1989,6
2024-05-10 00:28:07.504797+00:00,1401,6
2024-05-10 00:28:07.523939+00:00,2029,17
2024-05-10 00:28:07.837173+00:00,1401,6
2024-05-10 00:28:07.837682+00:00,1534,2
2024-05-10 00:28:07.904052+00:00,1687,1
2024-05-10 00:28:08.503409+00:00,1849,4
2024-05-10 00:28:08.906824+00:00,1688,10
2024-05-10 00:28:09.002812+00:00,1849,4
2024-05-10 00:28:09.087112+00:00,1535,2
2024-05-10 00:28:09.334701+00:00,1837,26
2024-05-10 00:28:09.586918+00:00,1074,40
2024-05-10 00:28:09.907932+00:00,1638,10
2024-05-10 00:28:10.791669+00:00,1920,10
2024-05-10 00:28:11.018059+00:00,1664,45
2024-05-10 00:28:11.132739+00:00,1345,69
2024-05-10 00:28:11.293003+00:00,1296,24
2024-05-10 00:28:11.333933+00:00,1539,9
2024-05-10 00:28:11.590099+00:00,1627,3
2024-05-10 00:28:11.631145+00:00,1278,3
2024-05-10 00:28:11.797999+00:00,1299,44
2024-05-10 00:28:11.837566+00:00,1627,22
2024-05-10 00:28:12.088254+00:00,1662,7
2024-05-10 00:28:12.132442+00:00,1599,55
2024-05-10 00:28:12.135277+00:00,1658,25
2024-05-10 00:28:12.252913+00:00,1174,9
2024-05-10 00:28:12.908611+00:00,1696,9
2024-05-10 00:28:12.910050+00:00,1403,364
2024-05-10 00:28:13.038170+00:00,1324,3
2024-05-10 00:28:13.754056+00:00,1850,7
2024-05-10 00:28:13.766271+00:00,1666,5
2024-05-10 00:28:13.904612+00:00,1437,2
2024-05-10 00:28:14.790584+00:00,1523,10
2024-05-10 00:28:15.170257+00:00,1437,85
2024-05-10 00:28:15.332227+00:00,1063,1
2024-05-10 00:28:15.634447+00:00,1509,3
2024-05-10 00:28:15.789826+00:00,1532,9
2024-05-10 00:28:16.130606+00:00,1662,23
2024-05-10 00:28:16.502985+00:00,1288,94
2024-05-10 00:28:16.545479+00:00,1725,98
2024-05-10 00:28:17.039703+00:00,1540,6
2024-05-10 00:28:17.584895+00:00,1741,3
2024-05-10 00:28:17.636394+00:00,1601,10
2024-05-10 00:28:17.660322+00:00,1928,1
2024-05-10 00:28:17.762650+00:00,1850,5
2024-05-10 00:28:18.045092+00:00,1601,4
2024-05-10 00:28:18.082286+00:00,1727,3
2024-05-10 00:28:18.510540+00:00,1851,5
2024-05-10 00:28:18.894088+00:00,1354,14
2024-05-10 00:28:18.905348+00:00,1602,9
2024-05-10 00:28:19.011190+00:00,1852,5
2024-05-10 00:28:19.018821+00:00,1669,2
2024-05-10 00:28:19.270305+00:00,1864,6
2024-05-10 00:28:19.408325+00:00,1242,2
2024-05-10 00:28:19.523186+00:00,1865,2
2024-05-10 00:28:19.658840+00:00,1453,7
2024-05-10 00:28:19.777004+00:00,1865,1
2024-05-10 00:28:19.831920+00:00,1184,2
2024-05-10 00:28:20.009464+00:00,1404,502
2024-05-10 00:28:20.022874+00:00,1594,38
2024-05-10 00:28:20.081837+00:00,1729,11
2024-05-10 00:28:20.277487+00:00,1491,4
2024-05-10 00:28:20.385622+00:00,1513,3
2024-05-10 00:28:20.406830+00:00,1601,10
2024-05-10 00:28:20.526018+00:00,1595,6
2024-05-10 00:28:20.906474+00:00,1453,22
2024-05-10 00:28:21.018092+00:00,1670,9
2024-05-10 00:28:21.022819+00:00,1596,3
2024-05-10 00:28:22.253195+00:00,1532,10
2024-05-10 00:28:22.291068+00:00,1576,9
2024-05-10 00:28:22.541858+00:00,1045,2
2024-05-10 00:28:22.593290+00:00,1440,1
2024-05-10 00:28:22.640040+00:00,1670,3
2024-05-10 00:28:22.889049+00:00,1357,8
2024-05-10 00:28:23.037368+00:00,1598,6
2024-05-10 00:28:23.048500+00:00,1584,7
2024-05-10 00:28:23.051908+00:00,1730,27
2024-05-10 00:28:23.092602+00:00,1070,1
2024-05-10 00:28:23.137335+00:00,2031,1
2024-05-10 00:28:23.154598+00:00,1439,139
2024-05-10 00:28:23.273470+00:00,1672,5
2024-05-10 00:28:23.755841+00:00,1338,7
2024-05-10 00:28:23.786038+00:00,1599,1
2024-05-10 00:28:23.797835+00:00,1590,8
2024-05-10 00:28:23.835754+00:00,1744,11
2024-05-10 00:28:24.340739+00:00,1030,5
2024-05-10 00:28:24.584636+00:00,1070,2
2024-05-10 00:28:24.793165+00:00,1597,7
2024-05-10 00:28:24.832569+00:00,1070,2
2024-05-10 00:28:24.883275+00:00,1357,1
2024-05-10 00:28:25.007297+00:00,1602,8
2024-05-10 00:28:25.152358+00:00,1443,10
2024-05-10 00:28:25.263230+00:00,1603,7
2024-05-10 00:28:25.334347+00:00,1605,3
2024-05-10 00:28:25.529380+00:00,1600,118
2024-05-10 00:28:25.547458+00:00,1603,10
2024-05-10 00:28:25.631130+00:00,1357,21
2024-05-10 00:28:25.650976+00:00,1446,1
2024-05-10 00:28:25.794992+00:00,1047,321
2024-05-10 00:28:26.288525+00:00,1047,1
2024-05-10 00:28:26.288953+00:00,1612,3
2024-05-10 00:28:26.336652+00:00,1458,20
2024-05-10 00:28:26.508013+00:00,1640,1
2024-05-10 00:28:26.508090+00:00,1532,19
2024-05-10 00:28:26.537595+00:00,1047,40
2024-05-10 00:28:26.758832+00:00,1640,1
2024-05-10 00:28:26.902079+00:00,1448,7
2024-05-10 00:28:27.263985+00:00,1640,1
2024-05-10 00:28:27.383204+00:00,2033,12
2024-05-10 00:28:27.505089+00:00,1292,28
2024-05-10 00:28:27.505795+00:00,1439,1
2024-05-10 00:28:28.038319+00:00,1047,174
2024-05-10 00:28:28.261561+00:00,1440,3
2024-05-10 00:28:28.528559+00:00,1186,3
2024-05-10 00:28:28.756258+00:00,1440,1
2024-05-10 00:28:29.040698+00:00,2013,1
2024-05-10 00:28:29.152370+00:00,1452,64
2024-05-10 00:28:29.258154+00:00,1441,5
2024-05-10 00:28:29.757728+00:00,1442,1
2024-05-10 00:28:29.795809+00:00,1024,243
2024-05-10 00:28:30.007672+00:00,1350,7
2024-05-10 00:28:30.089750+00:00,1607,1
2024-05-10 00:28:30.260305+00:00,1443,1
2024-05-10 00:28:30.261046+00:00,1443,3
2024-05-10 00:28:30.383182+00:00,1682,23
2024-05-10 00:28:30.400447+00:00,1456,366
2024-05-10 00:28:30.510848+00:00,1350,7
2024-05-10 00:28:30.591150+00:00,1607,11
2024-05-10 00:28:30.754942+00:00,1443,3
2024-05-10 00:28:30.798508+00:00,1026,94
2024-05-10 00:28:30.802307+00:00,2013,1
2024-05-10 00:28:30.839423+00:00,1293,173
2024-05-10 00:28:31.095085+00:00,1591,11
2024-05-10 00:28:31.261101+00:00,1351,6
2024-05-10 00:28:31.263226+00:00,1444,1
2024-05-10 00:28:31.263872+00:00,1444,2
2024-05-10 00:28:31.543164+00:00,2014,10
2024-05-10 00:28:31.907509+00:00,1948,1
2024-05-10 00:28:32.381512+00:00,1897,17
2024-05-10 00:28:32.400751+00:00,1949,5
2024-05-10 00:28:33.085011+00:00,1137,462
2024-05-10 00:28:33.833788+00:00,1175,17
2024-05-10 00:28:33.880892+00:00,1903,14
2024-05-10 00:28:34.003622+00:00,1333,9
2024-05-10 00:28:35.401248+00:00,1953,2
2024-05-10 00:28:36.152111+00:00,1952,1
2024-05-10 00:28:36.406548+00:00,1953,1
2024-05-10 00:28:36.503435+00:00,1355,3
2024-05-10 00:28:36.652733+00:00,1953,1
2024-05-10 00:28:36.844163+00:00,1462,16
2024-05-10 00:28:36.902765+00:00,1953,1
2024-05-10 00:28:37.881876+00:00,1723,11
2024-05-10 00:28:39.135456+00:00,1735,12
2024-05-10 00:28:39.276310+00:00,1477,4
2024-05-10 00:28:39.532363+00:00,1492,8
2024-05-10 00:28:40.775587+00:00,1592,15
2024-05-10 00:28:41.140631+00:00,1502,9
2024-05-10 00:28:41.527681+00:00,1592,7
2024-05-10 00:28:42.650843+00:00,1954,1
2024-05-10 00:28:43.048668+00:00,1054,37
2024-05-10 00:28:43.400883+00:00,1954,15
2024-05-10 00:28:44.295746+00:00,1251,9
2024-05-10 00:28:44.298240+00:00,1199,85
2024-05-10 00:28:44.332905+00:00,1267,125
2024-05-10 00:28:44.632160+00:00,1278,10
2024-05-10 00:28:45.636209+00:00,1496,9
2024-05-10 00:28:46.132918+00:00,1279,5
2024-05-10 00:28:46.384946+00:00,1280,4
2024-05-10 00:28:46.587231+00:00,1458,2
2024-05-10 00:28:46.638781+00:00,1496,9
2024-05-10 00:28:46.884309+00:00,1280,4
2024-05-10 00:28:47.525517+00:00,1481,21
2024-05-10 00:28:47.762111+00:00,1301,17
2024-05-10 00:28:47.765195+00:00,1539,26
2024-05-10 00:28:48.092950+00:00,1458,7
2024-05-10 00:28:48.135742+00:00,1281,3
2024-05-10 00:28:48.346456+00:00,1148,16
2024-05-10 00:28:48.766305+00:00,1231,1
2024-05-10 00:28:48.792830+00:00,1794,13
2024-05-10 00:28:49.267700+00:00,1826,1
2024-05-10 00:28:49.508751+00:00,1542,3
2024-05-10 00:28:49.521442+00:00,1826,7
2024-05-10 00:28:49.769312+00:00,1826,1
2024-05-10 00:28:50.005964+00:00,1674,14
2024-05-10 00:28:50.275451+00:00,1826,15
2024-05-10 00:28:50.295342+00:00,1147,7
2024-05-10 00:28:50.587378+00:00,1673,45
2024-05-10 00:28:50.792110+00:00,1217,202
2024-05-10 00:28:51.518755+00:00,1488,10
2024-05-10 00:28:51.632501+00:00,1905,1
2024-05-10 00:28:52.051597+00:00,1591,65
2024-05-10 00:28:52.387927+00:00,1712,16
2024-05-10 00:28:52.517004+00:00,1168,3
2024-05-10 00:28:52.769510+00:00,1489,9
2024-05-10 00:28:52.887322+00:00,1308,9
2024-05-10 00:28:53.152151+00:00,1638,2
2024-05-10 00:28:53.381929+00:00,2036,12
2024-05-10 00:28:53.519599+00:00,1490,74
2024-05-10 00:28:53.586243+00:00,1421,6
2024-05-10 00:28:53.754686+00:00,1450,48
2024-05-10 00:28:54.021197+00:00,1830,2
2024-05-10 00:28:54.521609+00:00,1831,1
2024-05-10 00:28:54.522084+00:00,1831,2
2024-05-10 00:28:54.881479+00:00,1713,93
2024-05-10 00:28:55.791620+00:00,1923,1
2024-05-10 00:28:55.845722+00:00,1923,3
2024-05-10 00:28:55.885526+00:00,1089,1
2024-05-10 00:28:56.023782+00:00,1832,59
2024-05-10 00:28:56.290640+00:00,1788,14
2024-05-10 00:28:56.382906+00:00,1089,4
2024-05-10 00:28:56.522598+00:00,1834,6
2024-05-10 00:28:57.288417+00:00,1770,3
2024-05-10 00:28:57.634461+00:00,1445,8
2024-05-10 00:28:57.752733+00:00,1456,1
2024-05-10 00:28:57.753382+00:00,1456,1
2024-05-10 00:28:58.021294+00:00,1554,3
2024-05-10 00:28:58.136909+00:00,1445,8
2024-05-10 00:28:58.139141+00:00,2039,6
2024-05-10 00:28:58.401754+00:00,1377,1
2024-05-10 00:28:58.755818+00:00,1457,5
2024-05-10 00:28:58.884898+00:00,1908,13
2024-05-10 00:28:59.003161+00:00,1457,1
2024-05-10 00:28:59.339358+00:00,1872,4
2024-05-10 00:28:59.885923+00:00,1909,10
2024-05-10 00:29:00.024181+00:00,1839,100
2024-05-10 00:29:00.083375+00:00,1060,3
2024-05-10 00:29:00.152898+00:00,1784,16
2024-05-10 00:29:00.252835+00:00,1458,72
2024-05-10 00:29:00.523252+00:00,1839,37
2024-05-10 00:29:00.755976+00:00,1459,28
2024-05-10 00:29:01.006756+00:00,1460,91
2024-05-10 00:29:01.082715+00:00,1060,1
2024-05-10 00:29:01.152468+00:00,1461,6
2024-05-10 00:29:01.650680+00:00,1463,15
2024-05-10 00:29:01.754287+00:00,1459,46
2024-05-10 00:29:02.082989+00:00,1369,2
2024-05-10 00:29:02.083485+00:00,1060,49
2024-05-10 00:29:02.141502+00:00,1909,10
2024-05-10 00:29:02.642563+00:00,1530,3
2024-05-10 00:29:02.767863+00:00,1415,22
2024-05-10 00:29:02.774091+00:00,1556,24
2024-05-10 00:29:02.890964+00:00,1717,92
2024-05-10 00:29:03.008004+00:00,1461,214
2024-05-10 00:29:03.084902+00:00,1644,10
2024-05-10 00:29:03.253357+00:00,1856,70
2024-05-10 00:29:03.270284+00:00,1839,100
2024-05-10 00:29:03.292563+00:00,1221,85
2024-05-10 00:29:03.763510+00:00,1463,145
2024-05-10 00:29:03.888448+00:00,1470,15
2024-05-10 00:29:04.640501+00:00,1719,46
2024-05-10 00:29:04.757774+00:00,1536,12
2024-05-10 00:29:05.010350+00:00,1864,53
2024-05-10 00:29:05.084635+00:00,1067,2
2024-05-10 00:29:05.392590+00:00,1471,6
2024-05-10 00:29:05.511857+00:00,1654,69
2024-05-10 00:29:05.639956+00:00,1720,88
2024-05-10 00:29:06.882442+00:00,1095,4
2024-05-10 00:29:06.883046+00:00,1420,12
2024-05-10 00:29:07.392262+00:00,1471,9
2024-05-10 00:29:08.254411+00:00,1302,7
2024-05-10 00:29:08.389643+00:00,1453,8
2024-05-10 00:29:08.506408+00:00,1530,1
2024-05-10 00:29:08.636063+00:00,1913,19
2024-05-10 00:29:08.637812+00:00,1453,8
2024-05-10 00:29:09.510525+00:00,1531,1
2024-05-10 00:29:10.006503+00:00,1873,67
2024-05-10 00:29:10.756685+00:00,1881,53
2024-05-10 00:29:10.832337+00:00,1969,1
2024-05-10 00:29:11.083055+00:00,1969,3
2024-05-10 00:29:11.083661+00:00,1969,3
2024-05-10 00:29:11.255181+00:00,1533,97
2024-05-10 00:29:11.333143+00:00,1969,3
2024-05-10 00:29:11.584817+00:00,1246,3
2024-05-10 00:29:11.757324+00:00,1533,16
2024-05-10 00:29:12.257870+00:00,1533,55
2024-05-10 00:29:12.335006+00:00,1969,3
2024-05-10 00:29:12.538547+00:00,1157,16
2024-05-10 00:29:13.012055+00:00,1860,103
2024-05-10 00:29:13.012680+00:00,1535,10
2024-05-10 00:29:13.584733+00:00,1988,3
2024-05-10 00:29:13.766001+00:00,1534,25
2024-05-10 00:29:14.083289+00:00,1860,3
2024-05-10 00:29:14.258238+00:00,1535,34
2024-05-10 00:29:14.516374+00:00,1893,82
2024-05-10 00:29:14.758615+00:00,1534,11
2024-05-10 00:29:14.833999+00:00,1861,1
2024-05-10 00:29:15.008226+00:00,1534,3
2024-05-10 00:29:15.260063+00:00,1534,13
2024-05-10 00:29:15.333194+00:00,1477,9
2024-05-10 00:29:16.151918+00:00,1401,2
2024-05-10 00:29:16.258602+00:00,1536,220
2024-05-10 00:29:16.887168+00:00,1929,3
2024-05-10 00:29:17.253951+00:00,1538,259
2024-05-10 00:29:17.400767+00:00,1401,2
2024-05-10 00:29:17.902160+00:00,1402,12
2024-05-10 00:29:18.387221+00:00,2037,3
2024-05-10 00:29:18.651389+00:00,1404,2
2024-05-10 00:29:18.786568+00:00,1198,1
2024-05-10 00:29:19.038155+00:00,1198,31
2024-05-10 00:29:19.087300+00:00,1479,5
2024-05-10 00:29:19.290678+00:00,1198,51
2024-05-10 00:29:19.332629+00:00,1249,4
2024-05-10 00:29:19.654760+00:00,1152,52
2024-05-10 00:29:19.832383+00:00,1250,4
2024-05-10 00:29:20.002469+00:00,1537,2
2024-05-10 00:29:20.149807+00:00,1420,28
2024-05-10 00:29:20.286319+00:00,1200,1
2024-05-10 00:29:20.502846+00:00,1787,4
2024-05-10 00:29:20.538033+00:00,1200,43
2024-05-10 00:29:21.255586+00:00,1539,11
2024-05-10 00:29:21.537831+00:00,1201,42
2024-05-10 00:29:21.650534+00:00,1332,4
2024-05-10 00:29:22.042148+00:00,1787,3
2024-05-10 00:29:22.253167+00:00,1305,13
2024-05-10 00:29:22.771502+00:00,1676,21
2024-05-10 00:29:23.402585+00:00,1332,3
2024-05-10 00:29:23.405869+00:00,1154,7
2024-05-10 00:29:23.651658+00:00,1332,6
2024-05-10 00:29:23.655380+00:00,1154,7
2024-05-10 00:29:23.903273+00:00,1941,3
2024-05-10 00:29:24.157072+00:00,1155,2
2024-05-10 00:29:24.401330+00:00,1407,40
2024-05-10 00:29:24.509539+00:00,1788,5
2024-05-10 00:29:24.771895+00:00,1676,58
2024-05-10 00:29:24.902221+00:00,1944,6
2024-05-10 00:29:25.003814+00:00,1898,80
2024-05-10 00:29:25.009212+00:00,1536,21
2024-05-10 00:29:25.151507+00:00,1156,1
2024-05-10 00:29:25.650579+00:00,1157,1
2024-05-10 00:29:25.652276+00:00,1944,14
2024-05-10 00:29:25.652533+00:00,1157,1
2024-05-10 00:29:26.644014+00:00,1929,25
2024-05-10 00:29:27.153576+00:00,1630,12
2024-05-10 00:29:27.270457+00:00,1873,19
2024-05-10 00:29:27.275993+00:00,1515,14
2024-05-10 00:29:27.402465+00:00,1475,17
2024-05-10 00:29:27.402596+00:00,1920,2
2024-05-10 00:29:27.653053+00:00,1630,3
2024-05-10 00:29:27.753814+00:00,1399,9
2024-05-10 00:29:28.405854+00:00,1159,73
2024-05-10 00:29:28.838655+00:00,1619,1
2024-05-10 00:29:28.900737+00:00,1478,1
2024-05-10 00:29:29.344283+00:00,1620,6
2024-05-10 00:29:29.505094+00:00,1401,6
2024-05-10 00:29:29.900969+00:00,1481,5
2024-05-10 00:29:30.003289+00:00,1401,6
2024-05-10 00:29:30.024136+00:00,1335,1
2024-05-10 00:29:30.086354+00:00,1073,2
2024-05-10 00:29:30.151478+00:00,1441,11
2024-05-10 00:29:30.151812+00:00,1481,1
2024-05-10 00:29:30.152580+00:00,2030,1
2024-05-10 00:29:30.773956+00:00,1335,8
2024-05-10 00:29:30.848928+00:00,1946,12
2024-05-10 00:29:30.900289+00:00,1481,5
2024-05-10 00:29:31.013577+00:00,1607,1
2024-05-10 00:29:31.025338+00:00,1336,1
2024-05-10 00:29:31.656165+00:00,1947,14
2024-05-10 00:29:31.767167+00:00,1608,9
2024-05-10 00:29:32.156532+00:00,1643,8
2024-05-10 00:29:32.270159+00:00,1338,1
2024-05-10 00:29:33.012630+00:00,1124,14
2024-05-10 00:29:33.408875+00:00,1642,10
2024-05-10 00:29:33.635487+00:00,1441,18
2024-05-10 00:29:34.407124+00:00,1486,4
2024-05-10 00:29:34.664007+00:00,1881,23
2024-05-10 00:29:34.776552+00:00,1504,13
2024-05-10 00:29:35.279262+00:00,1816,9
2024-05-10 00:29:35.404097+00:00,1490,1
2024-05-10 00:29:35.541617+00:00,1126,4
2024-05-10 00:29:36.257040+00:00,1539,7
2024-05-10 00:29:36.274851+00:00,1816,7
2024-05-10 00:29:36.774428+00:00,1816,19
2024-05-10 00:29:36.886830+00:00,1456,8
2024-05-10 00:29:37.275345+00:00,1683,46
2024-05-10 00:29:37.523715+00:00,1498,6
2024-05-10 00:29:37.755805+00:00,1903,9
2024-05-10 00:29:38.018589+00:00,1685,1
2024-05-10 00:29:38.135483+00:00,1944,35
2024-05-10 00:29:38.516994+00:00,1685,6
2024-05-10 00:29:38.654717+00:00,1956,19
2024-05-10 00:29:38.791156+00:00,1192,7
2024-05-10 00:29:39.088408+00:00,1950,22
2024-05-10 00:29:39.255064+00:00,1668,3
2024-05-10 00:29:39.255833+00:00,1899,21
2024-05-10 00:29:39.766687+00:00,1632,9
2024-05-10 00:29:40.758694+00:00,1635,6
2024-05-10 00:29:40.880954+00:00,1963,35
2024-05-10 00:29:41.260648+00:00,1637,15
2024-05-10 00:29:41.516712+00:00,1686,4
2024-05-10 00:29:41.910212+00:00,1955,16
2024-05-10 00:29:42.771105+00:00,1507,9
2024-05-10 00:29:42.792104+00:00,1923,16
2024-05-10 00:29:42.882173+00:00,1274,14
2024-05-10 00:29:43.156740+00:00,1758,46
2024-05-10 00:29:43.834017+00:00,1132,3
2024-05-10 00:29:44.760634+00:00,1672,6
2024-05-10 00:29:44.884689+00:00,1782,11
2024-05-10 00:29:44.910063+00:00,1958,3
2024-05-10 00:29:45.881893+00:00,1276,11
2024-05-10 00:29:46.504154+00:00,1893,1
2024-05-10 00:29:46.540485+00:00,1128,2
2024-05-10 00:29:47.089042+00:00,1558,100
2024-05-10 00:29:47.130964+00:00,1274,16
2024-05-10 00:29:47.339519+00:00,1442,1
2024-05-10 00:29:47.409326+00:00,1758,34
2024-05-10 00:29:47.658235+00:00,1535,15
2024-05-10 00:29:47.758148+00:00,1968,1
2024-05-10 00:29:48.590746+00:00,1281,3
2024-05-10 00:29:48.639176+00:00,1275,25
2024-05-10 00:29:48.794852+00:00,1131,2
2024-05-10 00:29:49.414041+00:00,1759,37
2024-05-10 00:29:49.637266+00:00,1277,14
2024-05-10 00:29:49.638448+00:00,1278,13
2024-05-10 00:29:49.758187+00:00,1405,6
2024-05-10 00:29:50.006891+00:00,1679,24
2024-05-10 00:29:50.021502+00:00,1586,4
2024-05-10 00:29:50.381509+00:00,1279,13
2024-05-10 00:29:50.542660+00:00,1223,57
2024-05-10 00:29:51.382744+00:00,1781,13
2024-05-10 00:29:52.281812+00:00,2036,4
2024-05-10 00:29:53.410802+00:00,1207,9
2024-05-10 00:29:53.411477+00:00,1621,3
2024-05-10 00:29:53.523140+00:00,1569,3
2024-05-10 00:29:53.761408+00:00,1908,73
2024-05-10 00:29:53.905825+00:00,1451,5
2024-05-10 00:29:53.908787+00:00,1367,2
2024-05-10 00:29:54.332904+00:00,1673,57
2024-05-10 00:29:54.333629+00:00,1528,4
2024-05-10 00:29:54.514067+00:00,2038,3
2024-05-10 00:29:55.082987+00:00,1529,1
2024-05-10 00:29:55.582641+00:00,1530,1
2024-05-10 00:29:55.836856+00:00,1132,4
2024-05-10 00:29:55.839161+00:00,1530,2
2024-05-10 00:29:55.900587+00:00,1262,2
2024-05-10 00:29:56.527523+00:00,1571,24
2024-05-10 00:29:56.650671+00:00,1262,1
2024-05-10 00:29:56.902126+00:00,1368,10
2024-05-10 00:29:57.274331+00:00,2040,2
2024-05-10 00:29:57.383687+00:00,1283,12
2024-05-10 00:29:57.639256+00:00,1283,12
2024-05-10 00:29:57.903526+00:00,1210,1
2024-05-10 00:29:58.765960+00:00,1645,5
2024-05-10 00:29:58.885219+00:00,1533,12
2024-05-10 00:29:58.901814+00:00,1453,2
2024-05-10 00:29:59.008224+00:00,1644,1
2024-05-10 00:29:59.343756+00:00,1076,53
2024-05-10 00:29:59.400190+00:00,2023,13
2024-05-10 00:29:59.902431+00:00,1911,23
2024-05-10 00:30:00.333703+00:00,1276,3
2024-05-10 00:30:00.900820+00:00,1952,19
2024-05-10 00:30:01.390154+00:00,1407,39
2024-05-10 00:30:02.007657+00:00,1645,221
2024-05-10 00:30:02.505735+00:00,1646,1
2024-05-10 00:30:02.758745+00:00,1646,1
2024-05-10 00:30:02.788229+00:00,1907,21
2024-05-10 00:30:03.888124+00:00,1292,26
2024-05-10 00:30:04.764914+00:00,1649,1
2024-05-10 00:30:04.884579+00:00,1825,24
2024-05-10 00:30:04.884686+00:00,1291,7
2024-05-10 00:30:05.022502+00:00,2017,3
2024-05-10 00:30:05.264260+00:00,1650,73
2024-05-10 00:30:05.282070+00:00,2018,4
2024-05-10 00:30:05.386439+00:00,1453,8
2024-05-10 00:30:05.634349+00:00,1291,7
2024-05-10 00:30:05.883182+00:00,1451,16
2024-05-10 00:30:06.037846+00:00,1135,1
2024-05-10 00:30:06.405012+00:00,1161,1
2024-05-10 00:30:07.026441+00:00,1162,15
2024-05-10 00:30:07.842231+00:00,1331,15
2024-05-10 00:30:07.881201+00:00,1298,5
2024-05-10 00:30:08.332995+00:00,1332,1
2024-05-10 00:30:08.518347+00:00,1899,119
2024-05-10 00:30:08.631308+00:00,1314,6
2024-05-10 00:30:08.783080+00:00,1180,7
2024-05-10 00:30:08.835291+00:00,1333,5
2024-05-10 00:30:08.881026+00:00,1314,6
2024-05-10 00:30:08.881606+00:00,1314,6
2024-05-10 00:30:09.017035+00:00,1901,1
2024-05-10 00:30:09.037414+00:00,1337,3
2024-05-10 00:30:09.164313+00:00,1454,14
2024-05-10 00:30:09.383682+00:00,1314,6
2024-05-10 00:30:09.655046+00:00,1455,13
2024-05-10 00:30:09.881793+00:00,1315,4
2024-05-10 00:30:10.018981+00:00,1899,91
2024-05-10 00:30:10.136965+00:00,1315,4
2024-05-10 00:30:10.269076+00:00,1901,2
2024-05-10 00:30:10.382920+00:00,1444,22
2024-05-10 00:30:10.384495+00:00,1315,4
2024-05-10 00:30:10.631042+00:00,1315,1
2024-05-10 00:30:11.003106+00:00,1687,7
2024-05-10 00:30:11.882790+00:00,1453,35
2024-05-10 00:30:13.020423+00:00,1136,9
2024-05-10 00:30:14.257600+00:00,1934,64
2024-05-10 00:30:17.762981+00:00,1697,5
2024-05-10 00:30:19.131987+00:00,1300,14
2024-05-10 00:30:19.630868+00:00,1301,4
2024-05-10 00:30:19.756923+00:00,1674,34
2024-05-10 00:30:20.040296+00:00,1143,2
2024-05-10 00:30:20.903522+00:00,1848,13
2024-05-10 00:30:21.381982+00:00,1444,9
2024-05-10 00:30:21.521569+00:00,1235,8
2024-05-10 00:30:21.631591+00:00,1688,46
2024-05-10 00:30:21.652547+00:00,1372,91
2024-05-10 00:30:21.755812+00:00,1677,2
2024-05-10 00:30:21.902432+00:00,1331,4
2024-05-10 00:30:21.905508+00:00,1372,6
2024-05-10 00:30:22.255293+00:00,1677,41
2024-05-10 00:30:22.256003+00:00,1677,1
2024-05-10 00:30:23.012213+00:00,1678,198
2024-05-10 00:30:23.083749+00:00,1214,1
2024-05-10 00:30:23.336951+00:00,1214,18
2024-05-10 00:30:23.650650+00:00,1331,3
2024-05-10 00:30:23.839643+00:00,1741,3
2024-05-10 00:30:23.900169+00:00,1377,322
2024-05-10 00:30:24.005172+00:00,1678,160
2024-05-10 00:30:24.154925+00:00,1850,13
2024-05-10 00:30:24.261313+00:00,1679,106
2024-05-10 00:30:24.762428+00:00,1678,79
2024-05-10 00:30:24.770804+00:00,1683,3
2024-05-10 00:30:25.260919+00:00,1703,6
2024-05-10 00:30:25.261716+00:00,1678,1
2024-05-10 00:30:25.401894+00:00,1332,5
2024-05-10 00:30:25.636834+00:00,1298,4
2024-05-10 00:30:25.771759+00:00,1683,5
2024-05-10 00:30:26.651103+00:00,1300,9
2024-05-10 00:30:26.901134+00:00,1300,9
2024-05-10 00:30:27.252818+00:00,1298,2
2024-05-10 00:30:27.767914+00:00,1685,3
2024-05-10 00:30:28.020527+00:00,1685,3
2024-05-10 00:30:28.385191+00:00,1691,1
2024-05-10 00:30:28.789463+00:00,1252,88
2024-05-10 00:30:28.886934+00:00,1539,25
2024-05-10 00:30:29.019994+00:00,1130,221
2024-05-10 00:30:29.255867+00:00,1450,30
2024-05-10 00:30:29.272295+00:00,1137,33
2024-05-10 00:30:29.505176+00:00,1709,3
2024-05-10 00:30:29.583074+00:00,1784,15
2024-05-10 00:30:29.770378+00:00,1687,58
2024-05-10 00:30:30.082639+00:00,1232,41
2024-05-10 00:30:30.388058+00:00,1689,20
2024-05-10 00:30:30.587903+00:00,1167,12
2024-05-10 00:30:31.271722+00:00,1299,2
2024-05-10 00:30:31.388511+00:00,1540,12
2024-05-10 00:30:31.758494+00:00,1710,18
2024-05-10 00:30:32.009223+00:00,1299,2
2024-05-10 00:30:32.256107+00:00,1454,1
2024-05-10 00:30:32.256932+00:00,1454,7
2024-05-10 00:30:32.759471+00:00,1454,1
2024-05-10 00:30:32.759887+00:00,1299,1
2024-05-10 00:30:32.760615+00:00,1454,1
2024-05-10 00:30:33.011465+00:00,1299,1
2024-05-10 00:30:33.637606+00:00,1232,16
2024-05-10 00:30:34.136598+00:00,1233,18
2024-05-10 00:30:34.252235+00:00,1711,2
2024-05-10 00:30:34.505590+00:00,1979,16
2024-05-10 00:30:34.633112+00:00,1233,21
2024-05-10 00:30:34.885642+00:00,1278,11
2024-05-10 00:30:35.260508+00:00,1986,1
2024-05-10 00:30:35.385274+00:00,1316,1
2024-05-10 00:30:35.635540+00:00,1316,11
2024-05-10 00:30:35.762039+00:00,1856,26
2024-05-10 00:30:35.890165+00:00,1316,2
2024-05-10 00:30:35.891237+00:00,1316,21
2024-05-10 00:30:36.138034+00:00,1316,21
2024-05-10 00:30:36.253008+00:00,1910,6
2024-05-10 00:30:36.393013+00:00,1444,10
2024-05-10 00:30:36.395726+00:00,1536,10
2024-05-10 00:30:36.503109+00:00,1454,34
2024-05-10 00:30:36.635788+00:00,1317,18
2024-05-10 00:30:37.028247+00:00,1169,7
2024-05-10 00:30:37.028761+00:00,1146,4
2024-05-10 00:30:37.272820+00:00,1733,9
2024-05-10 00:30:37.391784+00:00,1317,8
2024-05-10 00:30:37.394373+00:00,1265,3
2024-05-10 00:30:37.503798+00:00,1911,11
2024-05-10 00:30:37.505372+00:00,1456,2
2024-05-10 00:30:37.636059+00:00,1317,8
2024-05-10 00:30:38.002715+00:00,1457,3
2024-05-10 00:30:38.253040+00:00,1916,7
2024-05-10 00:30:38.337003+00:00,1089,56
2024-05-10 00:30:39.004932+00:00,1456,4
2024-05-10 00:30:39.339790+00:00,1238,61
2024-05-10 00:30:39.753586+00:00,1457,2
2024-05-10 00:30:39.887804+00:00,1322,1
2024-05-10 00:30:40.141419+00:00,1322,1
2024-05-10 00:30:40.142140+00:00,1322,1
2024-05-10 00:30:40.253764+00:00,1458,1
2024-05-10 00:30:40.385618+00:00,1323,1
2024-05-10 00:30:40.502723+00:00,1883,11
2024-05-10 00:30:40.588285+00:00,1240,26
2024-05-10 00:30:40.637926+00:00,1323,1
2024-05-10 00:30:40.638086+00:00,1453,48
2024-05-10 00:30:40.791932+00:00,1813,13
2024-05-10 00:30:40.886292+00:00,1323,1
2024-05-10 00:30:41.022081+00:00,1734,6
2024-05-10 00:30:41.137484+00:00,1323,1
2024-05-10 00:30:41.138847+00:00,1323,1
2024-05-10 00:30:41.384295+00:00,1323,6
2024-05-10 00:30:41.636744+00:00,1326,56
2024-05-10 00:30:41.889864+00:00,1534,22
2024-05-10 00:30:42.254835+00:00,1578,49
2024-05-10 00:30:42.386485+00:00,1326,4
2024-05-10 00:30:42.645710+00:00,1694,53
2024-05-10 00:30:42.794700+00:00,1319,12
2024-05-10 00:30:43.011361+00:00,1581,3
2024-05-10 00:30:43.517633+00:00,1582,1
2024-05-10 00:30:43.635801+00:00,1266,7
2024-05-10 00:30:44.023418+00:00,1736,9
2024-05-10 00:30:44.387280+00:00,1296,3
2024-05-10 00:30:44.514541+00:00,1583,25
2024-05-10 00:30:44.633241+00:00,1267,6
2024-05-10 00:30:44.770208+00:00,1737,48
2024-05-10 00:30:45.384365+00:00,1695,47
2024-05-10 00:30:45.405921+00:00,1466,1
2024-05-10 00:30:45.760356+00:00,1586,3
2024-05-10 00:30:46.022261+00:00,1367,69
2024-05-10 00:30:46.253337+00:00,1587,2
2024-05-10 00:30:47.017578+00:00,1695,3
2024-05-10 00:30:47.154225+00:00,1079,3
2024-05-10 00:30:47.256102+00:00,1587,2
2024-05-10 00:30:47.517124+00:00,1697,1
2024-05-10 00:30:47.666365+00:00,1153,47
2024-05-10 00:30:47.767693+00:00,1696,2
2024-05-10 00:30:47.837247+00:00,1582,30
2024-05-10 00:30:47.921548+00:00,1153,59
2024-05-10 00:30:48.051687+00:00,1776,14
2024-05-10 00:30:48.775100+00:00,1744,1
2024-05-10 00:30:48.787081+00:00,1324,8
2024-05-10 00:30:49.017218+00:00,1697,97
2024-05-10 00:30:49.167450+00:00,1153,175
2024-05-10 00:30:49.633795+00:00,1533,3
2024-05-10 00:30:50.019339+00:00,1369,69
2024-05-10 00:30:50.343024+00:00,1590,9
2024-05-10 00:30:50.767479+00:00,1368,66
2024-05-10 00:30:50.774174+00:00,1747,4
2024-05-10 00:30:50.881928+00:00,1300,20
2024-05-10 00:30:50.908702+00:00,1164,21
2024-05-10 00:30:50.909246+00:00,1084,6
2024-05-10 00:30:51.132692+00:00,1300,20
2024-05-10 00:30:51.410657+00:00,1084,6
2024-05-10 00:30:52.018018+00:00,1371,3
2024-05-10 00:30:52.529743+00:00,1747,3
2024-05-10 00:30:53.157114+00:00,1086,1
2024-05-10 00:30:53.159338+00:00,1153,58
2024-05-10 00:30:53.272745+00:00,1744,4
2024-05-10 00:30:53.341988+00:00,1378,5
2024-05-10 00:30:53.406236+00:00,1086,1
2024-05-10 00:30:53.516911+00:00,1373,63
2024-05-10 00:30:53.593068+00:00,1136,5
2024-05-10 00:30:53.660829+00:00,1086,5
2024-05-10 00:30:53.663179+00:00,1153,72
2024-05-10 00:30:54.162895+00:00,1086,5
2024-05-10 00:30:54.168691+00:00,1467,554
2024-05-10 00:30:54.271119+00:00,1748,3
2024-05-10 00:30:54.383443+00:00,1516,12
2024-05-10 00:30:54.423178+00:00,1153,63
2024-05-10 00:30:55.838577+00:00,1381,8
2024-05-10 00:30:56.040287+00:00,1188,15
2024-05-10 00:30:56.151702+00:00,1541,8
2024-05-10 00:30:56.546113+00:00,1187,8
2024-05-10 00:30:56.833574+00:00,1382,1
2024-05-10 00:30:57.025209+00:00,1746,39
2024-05-10 00:30:57.135163+00:00,1516,48
2024-05-10 00:30:57.271245+00:00,1373,6
2024-05-10 00:30:57.272021+00:00,1441,18
2024-05-10 00:30:57.336498+00:00,1383,1
2024-05-10 00:30:57.381975+00:00,1111,36
2024-05-10 00:30:57.587789+00:00,1383,4
2024-05-10 00:30:57.630895+00:00,1303,1
2024-05-10 00:30:57.769016+00:00,1443,1
2024-05-10 00:30:57.794883+00:00,1776,21
2024-05-10 00:30:57.838526+00:00,1516,9
2024-05-10 00:30:57.882388+00:00,1304,17
2024-05-10 00:30:58.026588+00:00,1748,5
2024-05-10 00:30:58.279592+00:00,1748,5
2024-05-10 00:30:58.291367+00:00,1667,5
2024-05-10 00:30:58.345721+00:00,1518,10
2024-05-10 00:30:58.382750+00:00,1304,16
2024-05-10 00:30:58.881152+00:00,1113,6
2024-05-10 00:30:58.900625+00:00,1542,5
2024-05-10 00:30:59.296524+00:00,1188,20
2024-05-10 00:30:59.336317+00:00,1516,9
2024-05-10 00:30:59.382372+00:00,1304,9
2024-05-10 00:30:59.650964+00:00,1544,5
2024-05-10 00:31:00.020951+00:00,1375,8
2024-05-10 00:31:00.382077+00:00,1516,10
2024-05-10 00:31:01.019468+00:00,1375,1
2024-05-10 00:31:01.082851+00:00,1518,6
2024-05-10 00:31:01.333153+00:00,1519,8
2024-05-10 00:31:01.382060+00:00,1489,6
2024-05-10 00:31:01.631181+00:00,1491,11
2024-05-10 00:31:01.631633+00:00,1491,1
2024-05-10 00:31:01.771256+00:00,1376,2
2024-05-10 00:31:01.776676+00:00,1756,3
2024-05-10 00:31:01.881700+00:00,1492,9
2024-05-10 00:31:02.270962+00:00,1699,94
2024-05-10 00:31:02.271761+00:00,1376,13
2024-05-10 00:31:02.332383+00:00,1516,9
2024-05-10 00:31:02.382299+00:00,1328,25
2024-05-10 00:31:02.383199+00:00,1492,8
2024-05-10 00:31:02.402916+00:00,1488,24
2024-05-10 00:31:02.503798+00:00,1565,16
2024-05-10 00:31:02.524976+00:00,1444,1
2024-05-10 00:31:02.534243+00:00,1759,2
2024-05-10 00:31:02.633639+00:00,1492,1
2024-05-10 00:31:02.634423+00:00,1492,3
2024-05-10 00:31:02.753269+00:00,1990,9
2024-05-10 00:31:02.771060+00:00,1444,1
2024-05-10 00:31:02.771529+00:00,1377,29
2024-05-10 00:31:02.771739+00:00,1701,7
2024-05-10 00:31:02.795839+00:00,1187,13
2024-05-10 00:31:02.832710+00:00,1520,10
2024-05-10 00:31:02.881701+00:00,1492,8
2024-05-10 00:31:02.882273+00:00,1492,8
2024-05-10 00:31:03.005255+00:00,1990,9
2024-05-10 00:31:03.019002+00:00,1377,1
2024-05-10 00:31:03.046826+00:00,1103,17
2024-05-10 00:31:03.130966+00:00,1493,1
2024-05-10 00:31:03.152334+00:00,1561,9
2024-05-10 00:31:03.382202+00:00,1493,7
2024-05-10 00:31:03.382726+00:00,1494,6
2024-05-10 00:31:03.631080+00:00,1494,6
2024-05-10 00:31:03.631638+00:00,1305,3
2024-05-10 00:31:03.881114+00:00,1494,6
2024-05-10 00:31:04.008280+00:00,1996,3
2024-05-10 00:31:04.510248+00:00,1569,9
2024-05-10 00:31:04.770015+00:00,1702,4
2024-05-10 00:31:04.900355+00:00,1564,8
2024-05-10 00:31:05.130764+00:00,1736,1
2024-05-10 00:31:05.261347+00:00,1996,12
2024-05-10 00:31:06.133159+00:00,1496,2
2024-05-10 00:31:06.269651+00:00,1687,2
2024-05-10 00:31:06.336482+00:00,1598,3
2024-05-10 00:31:07.539162+00:00,1667,6
2024-05-10 00:31:08.046522+00:00,1177,19
2024-05-10 00:31:08.293307+00:00,1668,101
2024-05-10 00:31:08.383568+00:00,1304,6
2024-05-10 00:31:08.505662+00:00,1402,12
2024-05-10 00:31:08.650943+00:00,1493,21
2024-05-10 00:31:09.005933+00:00,1402,14
2024-05-10 00:31:09.887766+00:00,1534,9
2024-05-10 00:31:09.901842+00:00,1492,11
2024-05-10 00:31:10.519666+00:00,1761,9
2024-05-10 00:31:10.632151+00:00,1497,188
2024-05-10 00:31:11.022462+00:00,1165,12
2024-05-10 00:31:11.382611+00:00,1053,15
2024-05-10 00:31:11.520722+00:00,1375,2
2024-05-10 00:31:11.525207+00:00,1166,11
2024-05-10 00:31:11.631396+00:00,1308,9
2024-05-10 00:31:11.841408+00:00,1526,12
2024-05-10 00:31:12.272383+00:00,1936,91
2024-05-10 00:31:12.525908+00:00,1763,14
2024-05-10 00:31:12.770535+00:00,1164,34
2024-05-10 00:31:12.800701+00:00,1662,9
2024-05-10 00:31:13.029170+00:00,1767,9
2024-05-10 00:31:13.272193+00:00,1165,6
2024-05-10 00:31:13.272504+00:00,1957,91
2024-05-10 00:31:13.754426+00:00,1099,3
2024-05-10 00:31:13.769517+00:00,1165,6
2024-05-10 00:31:14.025302+00:00,1978,52
2024-05-10 00:31:14.273323+00:00,1166,40
2024-05-10 00:31:14.275209+00:00,1978,22
2024-05-10 00:31:14.286912+00:00,1185,14
2024-05-10 00:31:14.586961+00:00,1479,9
2024-05-10 00:31:14.651351+00:00,1504,17
2024-05-10 00:31:14.786588+00:00,1186,21
2024-05-10 00:31:15.272953+00:00,1167,27
2024-05-10 00:31:15.337572+00:00,1098,4
2024-05-10 00:31:15.587473+00:00,1099,2
2024-05-10 00:31:15.771994+00:00,1167,31
2024-05-10 00:31:16.089798+00:00,1100,1
2024-05-10 00:31:17.331891+00:00,1270,5
2024-05-10 00:31:17.520766+00:00,1176,1
2024-05-10 00:31:17.583583+00:00,1270,5
2024-05-10 00:31:17.881931+00:00,1302,12
2024-05-10 00:31:18.027335+00:00,1169,24
2024-05-10 00:31:18.275630+00:00,1376,4
2024-05-10 00:31:18.523450+00:00,1172,31
2024-05-10 00:31:18.832000+00:00,1487,9
2024-05-10 00:31:18.832421+00:00,1273,1
2024-05-10 00:31:19.273023+00:00,1688,56
2024-05-10 00:31:19.536547+00:00,2002,2
2024-05-10 00:31:19.630570+00:00,1303,12
2024-05-10 00:31:19.652223+00:00,1071,9
2024-05-10 00:31:19.771696+00:00,1094,12
2024-05-10 00:31:20.256133+00:00,1027,36
2024-05-10 00:31:20.268347+00:00,1690,5
2024-05-10 00:31:21.504533+00:00,1962,5
2024-05-10 00:31:21.524096+00:00,1185,17
2024-05-10 00:31:21.769992+00:00,1393,2
2024-05-10 00:31:21.881412+00:00,1303,11
2024-05-10 00:31:22.003548+00:00,1032,21
2024-05-10 00:31:22.020594+00:00,1775,7
2024-05-10 00:31:22.152730+00:00,1073,4
2024-05-10 00:31:22.272210+00:00,1403,2
2024-05-10 00:31:22.533149+00:00,1779,7
2024-05-10 00:31:22.536749+00:00,1794,1
2024-05-10 00:31:22.651387+00:00,1076,2
2024-05-10 00:31:23.038102+00:00,1794,7
2024-05-10 00:31:23.332113+00:00,1100,2
2024-05-10 00:31:23.832443+00:00,1098,4
2024-05-10 00:31:23.881064+00:00,1738,13
2024-05-10 00:31:24.082536+00:00,1348,4
2024-05-10 00:31:24.280522+00:00,1949,32
2024-05-10 00:31:24.381481+00:00,1592,4
2024-05-10 00:31:24.504465+00:00,1711,3
2024-05-10 00:31:24.631115+00:00,1738,14
2024-05-10 00:31:25.130974+00:00,1299,3
2024-05-10 00:31:25.256750+00:00,1036,30
2024-05-10 00:31:25.293148+00:00,1795,6
2024-05-10 00:31:25.334036+00:00,1099,2
2024-05-10 00:31:25.408950+00:00,1566,42
2024-05-10 00:31:25.637071+00:00,1740,12
2024-05-10 00:31:25.657179+00:00,1641,15
2024-05-10 00:31:25.754619+00:00,1713,3
2024-05-10 00:31:26.156990+00:00,1641,15
2024-05-10 00:31:26.157707+00:00,1567,70
2024-05-10 00:31:26.408818+00:00,1852,13
2024-05-10 00:31:26.503142+00:00,1037,6
2024-05-10 00:31:26.786872+00:00,1797,4
2024-05-10 00:31:27.269411+00:00,1949,3
2024-05-10 00:31:27.767190+00:00,1155,3
2024-05-10 00:31:27.886999+00:00,1592,2
2024-05-10 00:31:28.253701+00:00,1952,20
2024-05-10 00:31:28.255918+00:00,1037,6
2024-05-10 00:31:28.640350+00:00,1292,4
2024-05-10 00:31:29.004512+00:00,1952,18
2024-05-10 00:31:29.008077+00:00,1037,6
2024-05-10 00:31:29.276642+00:00,1953,20
2024-05-10 00:31:29.518185+00:00,1160,22
2024-05-10 00:31:30.141638+00:00,1294,4
2024-05-10 00:31:30.170450+00:00,1616,3
2024-05-10 00:31:30.516221+00:00,1157,8
2024-05-10 00:31:30.766902+00:00,1952,27
2024-05-10 00:31:31.386962+00:00,1636,1
2024-05-10 00:31:31.517377+00:00,1158,24
2024-05-10 00:31:31.768509+00:00,1953,29
2024-05-10 00:31:31.833364+00:00,1677,52
2024-05-10 00:31:31.886687+00:00,1989,2
2024-05-10 00:31:32.017429+00:00,1158,20
2024-05-10 00:31:32.292212+00:00,1798,1
2024-05-10 00:31:32.388185+00:00,1298,4
2024-05-10 00:31:32.517053+00:00,1403,4
2024-05-10 00:31:32.787006+00:00,1798,3
2024-05-10 00:31:32.902256+00:00,1163,3
2024-05-10 00:31:33.017909+00:00,1161,7
2024-05-10 00:31:33.021513+00:00,1857,3
2024-05-10 00:31:33.136470+00:00,1297,11
2024-05-10 00:31:33.406958+00:00,1193,62
2024-05-10 00:31:33.633864+00:00,1471,2
2024-05-10 00:31:33.767785+00:00,1857,3
2024-05-10 00:31:34.135712+00:00,1471,7
2024-05-10 00:31:34.136622+00:00,1471,12
2024-05-10 00:31:34.389183+00:00,1471,9
2024-05-10 00:31:34.390100+00:00,1471,12
2024-05-10 00:31:34.636057+00:00,1472,1
2024-05-10 00:31:34.636792+00:00,1472,10
2024-05-10 00:31:34.637036+00:00,1636,8
2024-05-10 00:31:34.766345+00:00,1403,7
2024-05-10 00:31:34.885198+00:00,1473,8
2024-05-10 00:31:35.008067+00:00,1415,14
2024-05-10 00:31:35.017982+00:00,1404,7
2024-05-10 00:31:35.142297+00:00,1473,1
2024-05-10 00:31:35.143122+00:00,1473,1
2024-05-10 00:31:35.144319+00:00,1473,8
2024-05-10 00:31:35.263876+00:00,1415,14
2024-05-10 00:31:35.383085+00:00,1473,8
2024-05-10 00:31:35.881655+00:00,1289,35
2024-05-10 00:31:35.883166+00:00,1744,21
2024-05-10 00:31:36.150976+00:00,1487,2
2024-05-10 00:31:36.264811+00:00,1415,14
2024-05-10 00:31:36.266813+00:00,1405,5
2024-05-10 00:31:36.631325+00:00,1641,8
2024-05-10 00:31:36.767497+00:00,1188,4
2024-05-10 00:31:36.881051+00:00,1292,3
2024-05-10 00:31:37.132779+00:00,1296,27
2024-05-10 00:31:37.267067+00:00,1190,16
2024-05-10 00:31:37.652007+00:00,1487,14
2024-05-10 00:31:38.017843+00:00,1406,3
2024-05-10 00:31:38.151862+00:00,1196,14
2024-05-10 00:31:38.340168+00:00,1098,1
2024-05-10 00:31:38.343808+00:00,1590,32
2024-05-10 00:31:38.517250+00:00,1193,13
2024-05-10 00:31:38.631332+00:00,1441,14
2024-05-10 00:31:38.766855+00:00,1405,5
2024-05-10 00:31:38.791317+00:00,2018,11
2024-05-10 00:31:39.018437+00:00,1157,15
2024-05-10 00:31:39.019613+00:00,1193,13
2024-05-10 00:31:39.162129+00:00,1567,59
2024-05-10 00:31:39.267024+00:00,1406,1
2024-05-10 00:31:39.340502+00:00,1648,3
2024-05-10 00:31:39.509452+00:00,1846,114
2024-05-10 00:31:39.661750+00:00,1567,69
2024-05-10 00:31:39.767163+00:00,1407,3
2024-05-10 00:31:40.017014+00:00,1407,3
2024-05-10 00:31:40.022659+00:00,1816,3
2024-05-10 00:31:40.266349+00:00,1686,4
2024-05-10 00:31:40.267541+00:00,1158,14
2024-05-10 00:31:40.521051+00:00,1816,3
2024-05-10 00:31:40.766615+00:00,1408,2
2024-05-10 00:31:41.017689+00:00,1953,6
2024-05-10 00:31:41.018346+00:00,1408,2
2024-05-10 00:31:41.382955+00:00,1296,35
2024-05-10 00:31:41.517391+00:00,1953,22
2024-05-10 00:31:41.766265+00:00,1686,6
2024-05-10 00:31:42.040014+00:00,1196,31
2024-05-10 00:31:42.268691+00:00,1953,23
2024-05-10 00:31:42.339625+00:00,1235,1
2024-05-10 00:31:42.404053+00:00,1567,61
2024-05-10 00:31:42.596895+00:00,1350,13
2024-05-10 00:31:43.011812+00:00,1576,1
2024-05-10 00:31:43.018862+00:00,1953,1
2024-05-10 00:31:43.254275+00:00,1924,14
2024-05-10 00:31:43.341063+00:00,1352,12
2024-05-10 00:31:43.343878+00:00,1734,75
2024-05-10 00:31:43.382044+00:00,1300,27
2024-05-10 00:31:43.631035+00:00,1478,8
2024-05-10 00:31:43.767785+00:00,1954,22
2024-05-10 00:31:43.792153+00:00,1828,10
2024-05-10 00:31:43.881707+00:00,1478,8
2024-05-10 00:31:43.882347+00:00,1478,8
2024-05-10 00:31:44.130992+00:00,1479,6
2024-05-10 00:31:44.267122+00:00,1956,9
2024-05-10 00:31:44.293055+00:00,1828,19
2024-05-10 00:31:44.294378+00:00,1197,21
2024-05-10 00:31:44.381436+00:00,1478,8
2024-05-10 00:31:44.631049+00:00,1478,8
2024-05-10 00:31:44.880789+00:00,1478,8
2024-05-10 00:31:44.881381+00:00,1476,6
2024-05-10 00:31:45.020239+00:00,1816,3
2024-05-10 00:31:45.382360+00:00,1298,19
2024-05-10 00:31:45.383009+00:00,1643,5
2024-05-10 00:31:45.383762+00:00,1478,14
2024-05-10 00:31:45.401976+00:00,1198,11
2024-05-10 00:31:45.630983+00:00,1478,1
2024-05-10 00:31:45.632575+00:00,1478,1
2024-05-10 00:31:45.632755+00:00,1299,22
2024-05-10 00:31:45.790210+00:00,1819,16
2024-05-10 00:31:45.881037+00:00,1478,8
2024-05-10 00:31:45.881556+00:00,1479,6
2024-05-10 00:31:46.131130+00:00,1479,1
2024-05-10 00:31:46.630976+00:00,1479,6
2024-05-10 00:31:46.880745+00:00,1479,1
2024-05-10 00:31:46.882330+00:00,1479,235
2024-05-10 00:31:46.882591+00:00,1479,1
2024-05-10 00:31:47.045508+00:00,1819,17
2024-05-10 00:31:47.253132+00:00,1794,13
2024-05-10 00:31:47.381763+00:00,1479,70
2024-05-10 00:31:47.632405+00:00,1661,4
2024-05-10 00:31:47.651295+00:00,1494,6
2024-05-10 00:31:48.022386+00:00,1684,7
2024-05-10 00:31:48.131304+00:00,1479,265
2024-05-10 00:31:48.132084+00:00,1480,6
2024-05-10 00:31:48.152767+00:00,1203,2
2024-05-10 00:31:48.885956+00:00,1479,10
2024-05-10 00:31:49.138248+00:00,1479,64
2024-05-10 00:31:49.384893+00:00,1479,10
2024-05-10 00:31:49.886867+00:00,1480,6
2024-05-10 00:31:49.888681+00:00,1480,6
2024-05-10 00:31:50.139067+00:00,1480,6
2024-05-10 00:31:50.390687+00:00,1480,6
2024-05-10 00:31:50.639254+00:00,1480,6
2024-05-10 00:31:50.788988+00:00,1914,3
2024-05-10 00:31:50.884196+00:00,1480,1
2024-05-10 00:31:50.884978+00:00,1480,6
2024-05-10 00:31:51.132400+00:00,1481,4
2024-05-10 00:31:51.253466+00:00,1874,9
2024-05-10 00:31:51.383567+00:00,1481,4
2024-05-10 00:31:51.400841+00:00,1500,1
2024-05-10 00:31:51.632983+00:00,1482,2
2024-05-10 00:31:51.651097+00:00,1563,3
2024-05-10 00:31:51.796877+00:00,1986,30
2024-05-10 00:31:52.064243+00:00,1766,15
2024-05-10 00:31:52.590619+00:00,1637,19
2024-05-10 00:31:52.792140+00:00,1916,4
2024-05-10 00:31:52.893163+00:00,1300,31
2024-05-10 00:31:53.299974+00:00,1200,32
2024-05-10 00:31:53.655094+00:00,1567,10
2024-05-10 00:31:53.795348+00:00,1200,18
2024-05-10 00:31:54.287995+00:00,1828,17
2024-05-10 00:31:54.544667+00:00,1828,16
2024-05-10 00:31:55.086652+00:00,1238,224
2024-05-10 00:31:55.163863+00:00,1569,70
2024-05-10 00:31:55.382961+00:00,1484,106
2024-05-10 00:31:55.383949+00:00,1486,4
2024-05-10 00:31:55.384868+00:00,1304,16
2024-05-10 00:31:55.631392+00:00,1486,4
2024-05-10 00:31:55.880940+00:00,1486,4
2024-05-10 00:31:56.131330+00:00,1304,15
2024-05-10 00:31:56.132480+00:00,1486,28
2024-05-10 00:31:56.631916+00:00,1481,55
2024-05-10 00:31:56.657925+00:00,1565,1
2024-05-10 00:31:56.834846+00:00,1327,52
2024-05-10 00:31:57.537946+00:00,1918,4
2024-05-10 00:31:57.631694+00:00,1647,10
2024-05-10 00:31:57.786648+00:00,1919,3
2024-05-10 00:31:57.882860+00:00,1482,350
2024-05-10 00:31:57.910190+00:00,1199,70
2024-05-10 00:31:58.009819+00:00,1951,20
2024-05-10 00:31:58.083928+00:00,1242,4
2024-05-10 00:31:58.631390+00:00,1301,27
2024-05-10 00:31:58.832455+00:00,1275,1
2024-05-10 00:31:59.083363+00:00,1275,6
2024-05-10 00:31:59.259633+00:00,1943,9
2024-05-10 00:31:59.272648+00:00,1193,14
2024-05-10 00:32:00.013336+00:00,1360,17
2024-05-10 00:32:00.018222+00:00,1473,61
2024-05-10 00:32:00.051354+00:00,1198,4
2024-05-10 00:32:00.139775+00:00,1261,44
2024-05-10 00:32:00.155024+00:00,1075,7
2024-05-10 00:32:00.257224+00:00,1358,5
2024-05-10 00:32:00.339936+00:00,2039,3
2024-05-10 00:32:00.383330+00:00,1654,12
2024-05-10 00:32:00.584795+00:00,1279,4
2024-05-10 00:32:01.021714+00:00,1685,5
2024-05-10 00:32:01.269684+00:00,1687,3
2024-05-10 00:32:01.288750+00:00,1921,2
2024-05-10 00:32:01.524258+00:00,1687,2
2024-05-10 00:32:01.524679+00:00,1484,3
2024-05-10 00:32:01.632312+00:00,1301,16
2024-05-10 00:32:01.632562+00:00,1665,14
2024-05-10 00:32:01.636018+00:00,1533,7
2024-05-10 00:32:01.773713+00:00,1687,1
2024-05-10 00:32:01.837636+00:00,1277,4
2024-05-10 00:32:02.025430+00:00,1685,3
2024-05-10 00:32:02.274570+00:00,1685,6
2024-05-10 00:32:02.344182+00:00,1627,18
2024-05-10 00:32:02.545397+00:00,1923,1
2024-05-10 00:32:03.524582+00:00,1686,5
2024-05-10 00:32:03.776270+00:00,1956,10
2024-05-10 00:32:04.131111+00:00,1262,26
2024-05-10 00:32:04.272839+00:00,1686,5
2024-05-10 00:32:04.523798+00:00,1686,5
2024-05-10 00:32:04.631944+00:00,1263,19
2024-05-10 00:32:04.792170+00:00,1217,13
2024-05-10 00:32:05.021753+00:00,1686,5
2024-05-10 00:32:05.043560+00:00,1217,13
2024-05-10 00:32:05.636937+00:00,1303,18
2024-05-10 00:32:06.089520+00:00,1574,13
2024-05-10 00:32:06.340385+00:00,1574,14
2024-05-10 00:32:06.393015+00:00,1678,11
2024-05-10 00:32:06.398819+00:00,1265,25
2024-05-10 00:32:06.502751+00:00,1363,1
2024-05-10 00:32:07.003225+00:00,1362,1
2024-05-10 00:32:07.135680+00:00,1619,84
2024-05-10 00:32:07.167126+00:00,1911,79
2024-05-10 00:32:07.252628+00:00,1362,3
2024-05-10 00:32:07.267408+00:00,1808,2
2024-05-10 00:32:07.387089+00:00,1297,12
2024-05-10 00:32:07.537584+00:00,1027,18
2024-05-10 00:32:07.664874+00:00,1922,61
2024-05-10 00:32:07.753682+00:00,1362,1
2024-05-10 00:32:08.017829+00:00,1951,9
2024-05-10 00:32:08.133242+00:00,1316,19
2024-05-10 00:32:08.412782+00:00,1393,319
2024-05-10 00:32:08.502702+00:00,1362,4
2024-05-10 00:32:08.517819+00:00,1951,9
2024-05-10 00:32:08.637670+00:00,1212,18
2024-05-10 00:32:08.887593+00:00,1304,1
2024-05-10 00:32:09.017614+00:00,1953,5
2024-05-10 00:32:09.087382+00:00,1601,20
2024-05-10 00:32:09.139021+00:00,1212,1
2024-05-10 00:32:09.140185+00:00,1212,1
2024-05-10 00:32:09.166076+00:00,2017,9
2024-05-10 00:32:09.391842+00:00,1212,18
2024-05-10 00:32:09.392281+00:00,1320,15
2024-05-10 00:32:09.510393+00:00,1363,2
2024-05-10 00:32:09.516424+00:00,1953,5
2024-05-10 00:32:09.760666+00:00,1363,1
2024-05-10 00:32:09.762671+00:00,1499,87
2024-05-10 00:32:09.766859+00:00,1954,4
2024-05-10 00:32:09.890865+00:00,1210,48
2024-05-10 00:32:10.096643+00:00,1540,106
2024-05-10 00:32:10.142006+00:00,1210,22
2024-05-10 00:32:10.385002+00:00,1210,48
2024-05-10 00:32:10.537311+00:00,1814,7
2024-05-10 00:32:10.766671+00:00,1954,4
2024-05-10 00:32:10.767171+00:00,1689,6
2024-05-10 00:32:10.838927+00:00,1608,21
2024-05-10 00:32:10.883399+00:00,1210,2
2024-05-10 00:32:11.018196+00:00,1954,4
2024-05-10 00:32:11.132433+00:00,1209,4
2024-05-10 00:32:11.287207+00:00,1753,1
2024-05-10 00:32:11.343039+00:00,1639,16
2024-05-10 00:32:11.387231+00:00,1209,4
2024-05-10 00:32:11.408766+00:00,1529,1
2024-05-10 00:32:11.640718+00:00,1305,23
2024-05-10 00:32:11.846368+00:00,1547,85
2024-05-10 00:32:12.006937+00:00,1456,1
2024-05-10 00:32:12.334875+00:00,1248,7
2024-05-10 00:32:12.413677+00:00,1221,14
2024-05-10 00:32:12.414249+00:00,1531,1
2024-05-10 00:32:12.766502+00:00,1689,25
2024-05-10 00:32:13.132130+00:00,1923,2
2024-05-10 00:32:13.159874+00:00,1570,9
2024-05-10 00:32:13.160093+00:00,1220,1
2024-05-10 00:32:13.502303+00:00,1836,13
2024-05-10 00:32:13.503705+00:00,1525,87
2024-05-10 00:32:13.659607+00:00,1571,8
2024-05-10 00:32:13.660232+00:00,1219,11
2024-05-10 00:32:13.912078+00:00,1219,12
2024-05-10 00:32:13.913075+00:00,1570,9
2024-05-10 00:32:14.017626+00:00,1955,2
2024-05-10 00:32:14.505426+00:00,1364,59
2024-05-10 00:32:14.638670+00:00,1922,1
2024-05-10 00:32:14.660457+00:00,1570,3
2024-05-10 00:32:15.037760+00:00,1788,3
2024-05-10 00:32:15.266682+00:00,1954,21
2024-05-10 00:32:15.410952+00:00,1573,1
2024-05-10 00:32:15.591227+00:00,1627,7
2024-05-10 00:32:15.844272+00:00,1627,15
2024-05-10 00:32:16.156272+00:00,1566,12
2024-05-10 00:32:16.403802+00:00,1574,1
2024-05-10 00:32:16.654983+00:00,1954,17
2024-05-10 00:32:16.884233+00:00,1209,1
2024-05-10 00:32:16.905357+00:00,1396,49
2024-05-10 00:32:17.086392+00:00,1613,11
2024-05-10 00:32:17.387688+00:00,1210,24
2024-05-10 00:32:17.388994+00:00,1212,12
2024-05-10 00:32:17.631795+00:00,1306,8
2024-05-10 00:32:18.133089+00:00,1309,5
2024-05-10 00:32:18.513705+00:00,1370,2
2024-05-10 00:32:18.517991+00:00,1551,87
2024-05-10 00:32:18.636001+00:00,1309,4
2024-05-10 00:32:18.652026+00:00,1299,2
2024-05-10 00:32:18.901604+00:00,1299,1
2024-05-10 00:32:19.009917+00:00,1370,5
2024-05-10 00:32:19.154436+00:00,1299,2
2024-05-10 00:32:19.333159+00:00,1573,2
2024-05-10 00:32:19.385551+00:00,1310,3
2024-05-10 00:32:19.656791+00:00,1578,3
2024-05-10 00:32:19.657234+00:00,1300,1
2024-05-10 00:32:19.757244+00:00,1371,4
2024-05-10 00:32:19.757726+00:00,1838,1
2024-05-10 00:32:20.288563+00:00,1622,1
2024-05-10 00:32:20.516359+00:00,1962,17
2024-05-10 00:32:20.635195+00:00,1269,7
2024-05-10 00:32:20.766729+00:00,1962,1
2024-05-10 00:32:20.908757+00:00,1956,1
2024-05-10 00:32:21.159389+00:00,1580,8
2024-05-10 00:32:21.159890+00:00,1299,2
2024-05-10 00:32:21.257060+00:00,2001,11
2024-05-10 00:32:21.266953+00:00,1962,7
2024-05-10 00:32:21.387555+00:00,1327,12
2024-05-10 00:32:21.758333+00:00,1839,97
2024-05-10 00:32:21.787055+00:00,1623,5
2024-05-10 00:32:22.011930+00:00,1840,28
2024-05-10 00:32:22.015429+00:00,2001,9
2024-05-10 00:32:22.257997+00:00,1577,87
2024-05-10 00:32:22.266804+00:00,1443,2
2024-05-10 00:32:22.511442+00:00,1840,1
2024-05-10 00:32:22.765269+00:00,1372,12
2024-05-10 00:32:23.904947+00:00,1305,1
2024-05-10 00:32:24.014477+00:00,1746,17
2024-05-10 00:32:24.016555+00:00,1444,1
2024-05-10 00:32:24.286811+00:00,1624,3
2024-05-10 00:32:24.402084+00:00,1535,4
2024-05-10 00:32:24.883621+00:00,1307,5
2024-05-10 00:32:25.085292+00:00,1395,7
2024-05-10 00:32:25.335174+00:00,1794,3
2024-05-10 00:32:25.514461+00:00,1378,7
2024-05-10 00:32:25.519968+00:00,1603,87
2024-05-10 00:32:25.787015+00:00,1625,3
2024-05-10 00:32:25.900979+00:00,1537,16
2024-05-10 00:32:26.402811+00:00,1539,22
2024-05-10 00:32:26.880759+00:00,1304,6
2024-05-10 00:32:26.881374+00:00,1337,10
2024-05-10 00:32:26.884444+00:00,1268,40
2024-05-10 00:32:27.153053+00:00,1551,1
2024-05-10 00:32:27.272543+00:00,1444,1
2024-05-10 00:32:27.273138+00:00,1444,1
2024-05-10 00:32:27.273547+00:00,1962,7
2024-05-10 00:32:27.380817+00:00,1214,1
2024-05-10 00:32:27.381798+00:00,1214,11
2024-05-10 00:32:27.383119+00:00,1214,21
2024-05-10 00:32:27.407417+00:00,1940,74
2024-05-10 00:32:27.631452+00:00,1215,24
2024-05-10 00:32:27.881268+00:00,1305,3
2024-05-10 00:32:28.131684+00:00,1245,14
2024-05-10 00:32:28.151777+00:00,1303,209
2024-05-10 00:32:28.650481+00:00,1595,4
2024-05-10 00:32:28.651064+00:00,1089,3
2024-05-10 00:32:28.755251+00:00,1629,87
2024-05-10 00:32:28.774680+00:00,1319,9
2024-05-10 00:32:28.900543+00:00,1305,1
2024-05-10 00:32:29.028337+00:00,1903,76
2024-05-10 00:32:29.273791+00:00,1443,2
2024-05-10 00:32:29.537527+00:00,1274,1
2024-05-10 00:32:29.651131+00:00,1306,13
2024-05-10 00:32:30.040143+00:00,1275,29
2024-05-10 00:32:30.040574+00:00,1986,7
2024-05-10 00:32:30.584891+00:00,1615,22
2024-05-10 00:32:31.022538+00:00,1966,21
2024-05-10 00:32:31.042970+00:00,1275,20
2024-05-10 00:32:31.401347+00:00,1095,5
2024-05-10 00:32:31.582709+00:00,1840,1
2024-05-10 00:32:31.631801+00:00,1215,34
2024-05-10 00:32:32.131554+00:00,1215,24
2024-05-10 00:32:32.132741+00:00,1214,26
2024-05-10 00:32:32.254554+00:00,1576,1
2024-05-10 00:32:32.333251+00:00,1839,21
2024-05-10 00:32:32.381741+00:00,1214,26
2024-05-10 00:32:32.637274+00:00,1214,25
2024-05-10 00:32:32.755978+00:00,1576,8
2024-05-10 00:32:32.770756+00:00,1967,19
2024-05-10 00:32:32.831991+00:00,1839,15
2024-05-10 00:32:32.881482+00:00,1213,32
2024-05-10 00:32:32.901731+00:00,1318,18
2024-05-10 00:32:33.009420+00:00,1655,87
2024-05-10 00:32:33.131776+00:00,1214,1
2024-05-10 00:32:33.274049+00:00,1968,1
2024-05-10 00:32:33.381552+00:00,1214,5
2024-05-10 00:32:33.383001+00:00,1214,7
2024-05-10 00:32:33.384529+00:00,1214,15
2024-05-10 00:32:33.632014+00:00,1214,15
2024-05-10 00:32:33.881598+00:00,1214,27
2024-05-10 00:32:34.131129+00:00,1215,15
2024-05-10 00:32:34.133073+00:00,1215,25
2024-05-10 00:32:34.253161+00:00,1681,9
2024-05-10 00:32:34.271504+00:00,1969,17
2024-05-10 00:32:34.383529+00:00,1215,25
2024-05-10 00:32:34.538338+00:00,1929,9
2024-05-10 00:32:34.631554+00:00,1215,23
2024-05-10 00:32:34.834096+00:00,1810,9
2024-05-10 00:32:34.881263+00:00,1216,24
2024-05-10 00:32:34.886659+00:00,1121,6
2024-05-10 00:32:35.133236+00:00,1216,26
2024-05-10 00:32:35.392975+00:00,1217,23
2024-05-10 00:32:35.637555+00:00,1217,24
2024-05-10 00:32:35.890866+00:00,1217,24
2024-05-10 00:32:35.895555+00:00,1124,1
2024-05-10 00:32:36.083933+00:00,1617,30
2024-05-10 00:32:36.138444+00:00,1218,22
2024-05-10 00:32:36.394743+00:00,1125,1
2024-05-10 00:32:36.641398+00:00,1217,21
2024-05-10 00:32:36.646617+00:00,1125,10
2024-05-10 00:32:36.775454+00:00,1799,3
2024-05-10 00:32:36.789207+00:00,2023,9
2024-05-10 00:32:36.890907+00:00,1217,24
2024-05-10 00:32:37.153712+00:00,1217,1
2024-05-10 00:32:37.391395+00:00,1216,1
2024-05-10 00:32:37.395976+00:00,1126,39
2024-05-10 00:32:37.636578+00:00,1215,1
2024-05-10 00:32:37.637306+00:00,1215,1
2024-05-10 00:32:37.886069+00:00,1215,28
2024-05-10 00:32:38.136093+00:00,1214,30
2024-05-10 00:32:38.267270+00:00,1968,15
2024-05-10 00:32:38.393533+00:00,1215,21
2024-05-10 00:32:38.394811+00:00,1215,16
2024-05-10 00:32:38.399038+00:00,1129,1
2024-05-10 00:32:38.404229+00:00,1562,77
2024-05-10 00:32:38.637674+00:00,1306,4
2024-05-10 00:32:38.638901+00:00,1215,23
2024-05-10 00:32:38.837007+00:00,1629,45
2024-05-10 00:32:38.891153+00:00,1129,31
2024-05-10 00:32:39.082909+00:00,1592,1
2024-05-10 00:32:39.635866+00:00,1306,6
2024-05-10 00:32:39.650465+00:00,1325,14
2024-05-10 00:32:39.793614+00:00,1274,33
2024-05-10 00:32:40.638831+00:00,1155,15
2024-05-10 00:32:40.833651+00:00,1817,1
2024-05-10 00:32:41.087217+00:00,1631,16
2024-05-10 00:32:41.156550+00:00,1325,6
2024-05-10 00:32:41.267618+00:00,1971,14
2024-05-10 00:32:41.332998+00:00,1045,2
2024-05-10 00:32:41.584035+00:00,1052,2
2024-05-10 00:32:41.885421+00:00,1216,12
2024-05-10 00:32:42.017902+00:00,1909,40
2024-05-10 00:32:42.081856+00:00,1052,2
2024-05-10 00:32:42.137524+00:00,1132,23
2024-05-10 00:32:42.516935+00:00,1971,12
2024-05-10 00:32:42.660694+00:00,1099,7
2024-05-10 00:32:42.660821+00:00,1325,5
2024-05-10 00:32:42.833724+00:00,1564,25
2024-05-10 00:32:42.837440+00:00,1818,36
2024-05-10 00:32:43.134166+00:00,1309,6
2024-05-10 00:32:43.134536+00:00,1217,19
2024-05-10 00:32:43.154129+00:00,1100,16
2024-05-10 00:32:43.386953+00:00,1311,6
2024-05-10 00:32:43.637885+00:00,1312,2
2024-05-10 00:32:43.640534+00:00,1135,34
2024-05-10 00:32:44.137323+00:00,1313,7
2024-05-10 00:32:44.382706+00:00,1133,3
2024-05-10 00:32:44.506223+00:00,1191,4
2024-05-10 00:32:44.633902+00:00,1313,4
2024-05-10 00:32:45.004980+00:00,1191,1
2024-05-10 00:32:45.018096+00:00,1924,17
2024-05-10 00:32:45.138386+00:00,1415,8
2024-05-10 00:32:45.155720+00:00,1327,1
2024-05-10 00:32:45.287507+00:00,1550,43
2024-05-10 00:32:45.517746+00:00,1934,56
2024-05-10 00:32:45.632771+00:00,1314,3
2024-05-10 00:32:45.754965+00:00,1192,1
2024-05-10 00:32:46.405235+00:00,1607,2
2024-05-10 00:32:46.637542+00:00,1137,3
2024-05-10 00:32:46.832786+00:00,1101,57
2024-05-10 00:32:46.833104+00:00,1856,1
2024-05-10 00:32:47.082934+00:00,1856,11
2024-05-10 00:32:47.584103+00:00,1856,4
2024-05-10 00:32:47.636841+00:00,1219,8
2024-05-10 00:32:48.253744+00:00,1913,12
2024-05-10 00:32:48.255967+00:00,1645,1
2024-05-10 00:32:48.583930+00:00,1857,15
2024-05-10 00:32:48.755203+00:00,1645,21
2024-05-10 00:32:49.003472+00:00,1646,1
2024-05-10 00:32:49.082545+00:00,1629,17
2024-05-10 00:32:49.159057+00:00,1594,3
2024-05-10 00:32:49.506295+00:00,1646,23
2024-05-10 00:32:49.788057+00:00,1273,7
2024-05-10 00:32:50.333077+00:00,1863,33
2024-05-10 00:32:50.335169+00:00,1632,10
2024-05-10 00:32:50.382236+00:00,1222,1
2024-05-10 00:32:50.382512+00:00,1221,1
2024-05-10 00:32:50.382760+00:00,1221,1
2024-05-10 00:32:50.382867+00:00,1221,1
2024-05-10 00:32:50.383165+00:00,1314,1
2024-05-10 00:32:50.383353+00:00,1222,1
2024-05-10 00:32:50.383731+00:00,1222,8
2024-05-10 00:32:50.631556+00:00,1223,6
2024-05-10 00:32:50.880964+00:00,1223,6
2024-05-10 00:32:51.333821+00:00,1632,18
2024-05-10 00:32:51.382178+00:00,1223,8
2024-05-10 00:32:51.382939+00:00,1223,6
2024-05-10 00:32:51.630844+00:00,1223,5
2024-05-10 00:32:51.881228+00:00,1223,22
2024-05-10 00:32:51.882116+00:00,1223,6
2024-05-10 00:32:51.907379+00:00,1206,12
2024-05-10 00:32:52.130520+00:00,1415,31
2024-05-10 00:32:52.131178+00:00,1224,4
2024-05-10 00:32:52.131683+00:00,1224,4
2024-05-10 00:32:52.636668+00:00,1225,16
2024-05-10 00:32:53.085387+00:00,1632,18
2024-05-10 00:32:53.131638+00:00,1315,14
2024-05-10 00:32:53.635865+00:00,1315,14
2024-05-10 00:32:54.032017+00:00,1817,11
2024-05-10 00:32:54.332925+00:00,1779,9
2024-05-10 00:32:54.386160+00:00,1318,5
2024-05-10 00:32:54.526944+00:00,1968,28
2024-05-10 00:32:54.634876+00:00,1318,13
2024-05-10 00:32:54.778677+00:00,1818,11
2024-05-10 00:32:54.832154+00:00,1624,102
2024-05-10 00:32:54.835887+00:00,1781,15
2024-05-10 00:32:55.004352+00:00,1675,2
2024-05-10 00:32:55.022869+00:00,1825,3
2024-05-10 00:32:55.261718+00:00,1676,7
2024-05-10 00:32:55.269035+00:00,1972,8
2024-05-10 00:32:55.336087+00:00,1636,19
2024-05-10 00:32:56.333126+00:00,1782,28
2024-05-10 00:32:56.516578+00:00,1974,1
2024-05-10 00:32:57.295462+00:00,1783,12
2024-05-10 00:32:57.754509+00:00,1925,11
2024-05-10 00:32:57.766300+00:00,1973,20
2024-05-10 00:32:58.758822+00:00,1648,8
2024-05-10 00:32:58.767480+00:00,1973,6
2024-05-10 00:32:58.881559+00:00,1227,82
2024-05-10 00:32:59.090608+00:00,1250,2
2024-05-10 00:32:59.136497+00:00,1082,24
2024-05-10 00:32:59.158498+00:00,1213,73
2024-05-10 00:32:59.254929+00:00,1925,2
2024-05-10 00:32:59.259417+00:00,1649,30
2024-05-10 00:33:00.516448+00:00,1976,14
2024-05-10 00:33:01.266422+00:00,1977,8
2024-05-10 00:33:01.383210+00:00,1416,448
2024-05-10 00:33:01.631088+00:00,1319,23
2024-05-10 00:33:01.835057+00:00,1351,1
2024-05-10 00:33:02.132178+00:00,1320,20
2024-05-10 00:33:02.518318+00:00,1820,3
2024-05-10 00:33:03.017671+00:00,1978,8
2024-05-10 00:33:03.019316+00:00,1952,55
2024-05-10 00:33:03.588768+00:00,1351,105
2024-05-10 00:33:03.754676+00:00,1675,45
2024-05-10 00:33:03.848561+00:00,1786,33
2024-05-10 00:33:04.151972+00:00,1330,5
2024-05-10 00:33:04.400605+00:00,1330,1
2024-05-10 00:33:04.517528+00:00,1983,14
2024-05-10 00:33:04.755161+00:00,1679,11
2024-05-10 00:33:04.766889+00:00,1955,7
2024-05-10 00:33:04.767254+00:00,1152,3
2024-05-10 00:33:04.846508+00:00,1644,14
2024-05-10 00:33:05.401316+00:00,1331,10
2024-05-10 00:33:05.651670+00:00,1982,13
2024-05-10 00:33:06.004541+00:00,1936,76
2024-05-10 00:33:06.401263+00:00,1221,4
2024-05-10 00:33:07.004517+00:00,1935,76
2024-05-10 00:33:07.656898+00:00,1334,8
2024-05-10 00:33:07.659193+00:00,1982,6
2024-05-10 00:33:07.770508+00:00,1155,12
2024-05-10 00:33:08.268951+00:00,1156,21
2024-05-10 00:33:08.269521+00:00,1956,4
2024-05-10 00:33:08.288182+00:00,1961,22
2024-05-10 00:33:08.382732+00:00,1323,5
2024-05-10 00:33:08.386309+00:00,1086,54
2024-05-10 00:33:08.402391+00:00,1983,35
2024-05-10 00:33:08.787428+00:00,1961,9
2024-05-10 00:33:09.156111+00:00,1331,10
2024-05-10 00:33:09.276709+00:00,1957,4
2024-05-10 00:33:09.528452+00:00,1158,51
2024-05-10 00:33:09.654232+00:00,1331,10
2024-05-10 00:33:09.655252+00:00,1529,3
2024-05-10 00:33:10.037600+00:00,1961,20
2024-05-10 00:33:10.403160+00:00,1529,3
2024-05-10 00:33:10.786523+00:00,1962,12
2024-05-10 00:33:11.133005+00:00,1087,17
2024-05-10 00:33:11.157410+00:00,1700,9
2024-05-10 00:33:11.787183+00:00,1961,14
2024-05-10 00:33:11.906560+00:00,1221,1
2024-05-10 00:33:12.021748+00:00,1957,4
2024-05-10 00:33:12.657072+00:00,1336,7
2024-05-10 00:33:12.833951+00:00,1256,2
2024-05-10 00:33:13.910523+00:00,1538,4
2024-05-10 00:33:14.390282+00:00,1694,32
2024-05-10 00:33:14.642346+00:00,1929,8
2024-05-10 00:33:14.788560+00:00,1961,18
2024-05-10 00:33:15.393315+00:00,1325,17
2024-05-10 00:33:15.841685+00:00,1660,39
2024-05-10 00:33:15.908851+00:00,1340,23
2024-05-10 00:33:16.026525+00:00,1957,4
2024-05-10 00:33:16.273428+00:00,1958,4
2024-05-10 00:33:16.385242+00:00,1327,1
2024-05-10 00:33:16.770678+00:00,1959,4
2024-05-10 00:33:17.161848+00:00,1539,4
2024-05-10 00:33:17.393991+00:00,1058,19
2024-05-10 00:33:17.537365+00:00,1964,1
2024-05-10 00:33:17.641833+00:00,1329,13
2024-05-10 00:33:18.385068+00:00,1061,6
2024-05-10 00:33:18.846843+00:00,1876,40
2024-05-10 00:33:18.911775+00:00,1221,9
2024-05-10 00:33:19.388014+00:00,1327,15
2024-05-10 00:33:19.643492+00:00,1933,7
2024-05-10 00:33:19.643670+00:00,1324,16
2024-05-10 00:33:19.646707+00:00,1093,20
2024-05-10 00:33:19.647191+00:00,1058,19
2024-05-10 00:33:20.026446+00:00,1959,4
2024-05-10 00:33:20.155191+00:00,1541,6
2024-05-10 00:33:20.389684+00:00,1326,17
2024-05-10 00:33:20.756286+00:00,1880,23
2024-05-10 00:33:20.887294+00:00,1326,13
2024-05-10 00:33:21.101375+00:00,1646,1
2024-05-10 00:33:21.144582+00:00,1326,21
2024-05-10 00:33:21.256024+00:00,1896,8
2024-05-10 00:33:21.884229+00:00,1330,17
2024-05-10 00:33:23.008476+00:00,1878,28
2024-05-10 00:33:23.408738+00:00,1221,84
2024-05-10 00:33:23.520619+00:00,1206,3
2024-05-10 00:33:23.660719+00:00,1543,1
2024-05-10 00:33:23.754137+00:00,1878,11
2024-05-10 00:33:23.907298+00:00,1340,14
2024-05-10 00:33:24.135504+00:00,1065,2
2024-05-10 00:33:24.258042+00:00,1893,14
2024-05-10 00:33:24.638309+00:00,1327,3
2024-05-10 00:33:24.655764+00:00,1223,14
2024-05-10 00:33:24.754944+00:00,1761,14
2024-05-10 00:33:25.635481+00:00,1327,21
2024-05-10 00:33:25.904047+00:00,1545,6
2024-05-10 00:33:26.139604+00:00,1065,2
2024-05-10 00:33:26.390381+00:00,1334,1
2024-05-10 00:33:26.390986+00:00,1334,2
2024-05-10 00:33:26.548978+00:00,1814,114
2024-05-10 00:33:26.640498+00:00,1064,3
2024-05-10 00:33:26.833522+00:00,1648,16
2024-05-10 00:33:26.888366+00:00,1335,10
2024-05-10 00:33:26.889342+00:00,1259,3
2024-05-10 00:33:26.890543+00:00,1259,3
2024-05-10 00:33:26.890849+00:00,1335,8
2024-05-10 00:33:27.136423+00:00,1332,13
2024-05-10 00:33:27.137221+00:00,1259,2
2024-05-10 00:33:27.890964+00:00,1336,7
2024-05-10 00:33:27.894723+00:00,1561,33
2024-05-10 00:33:27.902874+00:00,1223,8
2024-05-10 00:33:28.147494+00:00,1063,20
2024-05-10 00:33:28.151574+00:00,1986,23
2024-05-10 00:33:28.334793+00:00,1653,19
2024-05-10 00:33:29.082632+00:00,1342,1
2024-05-10 00:33:29.140961+00:00,1063,22
2024-05-10 00:33:29.141536+00:00,1100,48
2024-05-10 00:33:29.158242+00:00,1986,1
2024-05-10 00:33:29.332108+00:00,1342,1
2024-05-10 00:33:29.384539+00:00,1340,8
2024-05-10 00:33:29.403057+00:00,1223,8
2024-05-10 00:33:29.589180+00:00,1660,18
2024-05-10 00:33:29.653038+00:00,1988,9
2024-05-10 00:33:29.789350+00:00,1819,2
2024-05-10 00:33:30.139047+00:00,1255,16
2024-05-10 00:33:30.152769+00:00,1252,7
2024-05-10 00:33:30.336638+00:00,1077,2
2024-05-10 00:33:30.385700+00:00,1255,4
2024-05-10 00:33:30.403415+00:00,1986,23
2024-05-10 00:33:30.632205+00:00,1255,4
2024-05-10 00:33:30.651020+00:00,1664,15
2024-05-10 00:33:30.885671+00:00,1256,2
2024-05-10 00:33:30.886457+00:00,1256,1
2024-05-10 00:33:30.886655+00:00,1340,4
2024-05-10 00:33:31.141202+00:00,1256,2
2024-05-10 00:33:31.142660+00:00,1256,1
2024-05-10 00:33:31.142975+00:00,1340,4
2024-05-10 00:33:31.401463+00:00,1344,12
2024-05-10 00:33:31.894378+00:00,1710,108
2024-05-10 00:33:31.906412+00:00,1345,17
2024-05-10 00:33:32.085263+00:00,1672,19
2024-05-10 00:33:32.152977+00:00,1990,18
2024-05-10 00:33:32.389188+00:00,1520,13
2024-05-10 00:33:32.833137+00:00,1574,14
2024-05-10 00:33:33.402410+00:00,1344,15
2024-05-10 00:33:33.408745+00:00,1990,21
2024-05-10 00:33:33.650388+00:00,1967,73
2024-05-10 00:33:33.900844+00:00,1231,2
2024-05-10 00:33:34.152753+00:00,1231,2
2024-05-10 00:33:34.388228+00:00,1248,24
2024-05-10 00:33:34.900522+00:00,1549,1
2024-05-10 00:33:35.407246+00:00,1347,8
2024-05-10 00:33:35.585152+00:00,1680,27
2024-05-10 00:33:36.412359+00:00,1348,3
2024-05-10 00:33:36.585438+00:00,1681,120
2024-05-10 00:33:36.655628+00:00,1665,2
2024-05-10 00:33:36.656414+00:00,1552,17
2024-05-10 00:33:36.909216+00:00,1965,19
2024-05-10 00:33:36.911902+00:00,1665,2
2024-05-10 00:33:37.025564+00:00,1034,9
2024-05-10 00:33:37.161985+00:00,1551,1
2024-05-10 00:33:37.409313+00:00,1232,256
2024-05-10 00:33:37.412269+00:00,1552,17
2024-05-10 00:33:37.652067+00:00,1666,1
2024-05-10 00:33:37.905870+00:00,1966,1
2024-05-10 00:33:38.152488+00:00,1966,1
2024-05-10 00:33:38.402405+00:00,1967,14
2024-05-10 00:33:38.636601+00:00,1692,7
2024-05-10 00:33:39.020535+00:00,1036,5
2024-05-10 00:33:40.333398+00:00,1053,2
2024-05-10 00:33:40.390396+00:00,1274,3
2024-05-10 00:33:40.887153+00:00,1274,3
2024-05-10 00:33:41.083772+00:00,1054,20
2024-05-10 00:33:42.153306+00:00,1554,463
2024-05-10 00:33:42.643220+00:00,1257,12
2024-05-10 00:33:42.655078+00:00,1088,16
2024-05-10 00:33:42.832463+00:00,1929,6
2024-05-10 00:33:43.406451+00:00,1556,1
2024-05-10 00:33:43.504609+00:00,1930,5
2024-05-10 00:33:43.636269+00:00,1257,89
2024-05-10 00:33:43.637010+00:00,1258,6
2024-05-10 00:33:43.902079+00:00,1095,15
2024-05-10 00:33:44.385770+00:00,1259,61
2024-05-10 00:33:44.652063+00:00,2015,12
2024-05-10 00:33:44.770389+00:00,1441,1
2024-05-10 00:33:45.270827+00:00,1441,2
2024-05-10 00:33:45.388664+00:00,1258,6
2024-05-10 00:33:45.389946+00:00,1258,6
2024-05-10 00:33:45.520867+00:00,1441,2
2024-05-10 00:33:45.538400+00:00,1968,8
2024-05-10 00:33:45.639510+00:00,1257,142
2024-05-10 00:33:45.639776+00:00,1258,6
2024-05-10 00:33:45.641166+00:00,1258,6
2024-05-10 00:33:45.659704+00:00,1345,24
2024-05-10 00:33:45.661653+00:00,1560,1
2024-05-10 00:33:45.887169+00:00,1259,4
2024-05-10 00:33:46.083185+00:00,1425,13
2024-05-10 00:33:46.136904+00:00,1259,4
2024-05-10 00:33:46.137400+00:00,1259,4
2024-05-10 00:33:46.385500+00:00,1259,4
2024-05-10 00:33:46.637407+00:00,1259,4
2024-05-10 00:33:46.637900+00:00,1259,4
2024-05-10 00:33:46.658261+00:00,2015,25
2024-05-10 00:33:46.882020+00:00,1260,2
2024-05-10 00:33:46.910220+00:00,1561,14
2024-05-10 00:33:47.292095+00:00,1738,14
2024-05-10 00:33:48.018231+00:00,1443,2
2024-05-10 00:33:48.083583+00:00,1954,69
2024-05-10 00:33:48.516519+00:00,1443,2
2024-05-10 00:33:48.632860+00:00,1460,14
2024-05-10 00:33:48.767393+00:00,1443,2
2024-05-10 00:33:48.902087+00:00,1972,4
2024-05-10 00:33:49.045148+00:00,1712,15
2024-05-10 00:33:49.902322+00:00,2022,6
2024-05-10 00:33:50.016522+00:00,1959,3
2024-05-10 00:33:50.267051+00:00,1960,2
2024-05-10 00:33:50.401549+00:00,1029,170
2024-05-10 00:33:51.083045+00:00,1957,32
2024-05-10 00:33:51.086096+00:00,1203,103
2024-05-10 00:33:51.153341+00:00,1561,472
2024-05-10 00:33:51.906045+00:00,1032,15
2024-05-10 00:33:52.136847+00:00,1746,45
2024-05-10 00:33:52.402899+00:00,1563,63
2024-05-10 00:33:52.517561+00:00,1443,1
2024-05-10 00:33:52.538632+00:00,1035,1
2024-05-10 00:33:52.835274+00:00,1208,1
2024-05-10 00:33:53.525051+00:00,1961,67
2024-05-10 00:33:53.525793+00:00,1442,1
2024-05-10 00:33:53.583254+00:00,1958,1
2024-05-10 00:33:53.772679+00:00,1442,3
2024-05-10 00:33:53.787629+00:00,1808,14
2024-05-10 00:33:53.833274+00:00,1958,1
2024-05-10 00:33:53.903495+00:00,1565,74
2024-05-10 00:33:54.151231+00:00,1346,15
2024-05-10 00:33:54.270134+00:00,1441,4
2024-05-10 00:33:54.331917+00:00,1958,8
2024-05-10 00:33:55.023563+00:00,1442,3
2024-05-10 00:33:55.082078+00:00,1959,6
2024-05-10 00:33:55.160976+00:00,1565,6
2024-05-10 00:33:55.412939+00:00,2030,1
2024-05-10 00:33:55.413634+00:00,1566,5
2024-05-10 00:33:55.634503+00:00,1392,3
2024-05-10 00:33:55.777718+00:00,1443,5
2024-05-10 00:33:55.905427+00:00,1046,98
2024-05-10 00:33:56.382649+00:00,1394,15
2024-05-10 00:33:56.587872+00:00,1209,57
2024-05-10 00:33:56.656347+00:00,2028,14
2024-05-10 00:33:56.905189+00:00,1568,1
2024-05-10 00:33:57.132051+00:00,1565,52
2024-05-10 00:33:57.134270+00:00,1513,1
2024-05-10 00:33:57.632347+00:00,1566,14
2024-05-10 00:33:57.657211+00:00,1568,54
2024-05-10 00:33:58.134150+00:00,1696,2
2024-05-10 00:33:58.291791+00:00,1037,71
2024-05-10 00:33:58.381740+00:00,1567,1
2024-05-10 00:33:58.505196+00:00,1950,2
2024-05-10 00:33:58.516898+00:00,1442,2
2024-05-10 00:33:58.589066+00:00,1477,4
2024-05-10 00:33:58.631524+00:00,1567,21
2024-05-10 00:33:58.881359+00:00,1567,3
2024-05-10 00:33:58.882764+00:00,1744,1
2024-05-10 00:33:58.903352+00:00,1569,100
2024-05-10 00:33:59.337359+00:00,1967,3
2024-05-10 00:33:59.385977+00:00,1744,5
2024-05-10 00:33:59.631322+00:00,1567,18
2024-05-10 00:33:59.883151+00:00,1745,4
2024-05-10 00:34:00.042656+00:00,1409,27
2024-05-10 00:34:00.153638+00:00,1038,79
2024-05-10 00:34:00.267823+00:00,1443,2
2024-05-10 00:34:00.382373+00:00,1568,11
2024-05-10 00:34:00.386319+00:00,1745,4
2024-05-10 00:34:00.638048+00:00,1435,3
2024-05-10 00:34:00.789303+00:00,1414,1
2024-05-10 00:34:00.885733+00:00,1435,3
2024-05-10 00:34:00.900405+00:00,1349,5
2024-05-10 00:34:01.017474+00:00,1442,2
2024-05-10 00:34:01.136138+00:00,1435,3
2024-05-10 00:34:01.152022+00:00,1350,4
2024-05-10 00:34:01.386228+00:00,1691,3
2024-05-10 00:34:01.400737+00:00,1351,1
2024-05-10 00:34:02.007695+00:00,1456,26
2024-05-10 00:34:02.135732+00:00,1750,1
2024-05-10 00:34:02.151706+00:00,1351,3
2024-05-10 00:34:02.153985+00:00,1231,9
2024-05-10 00:34:02.641979+00:00,1750,11
2024-05-10 00:34:02.768170+00:00,1441,1
2024-05-10 00:34:02.882858+00:00,1568,318
2024-05-10 00:34:03.018042+00:00,1441,1
2024-05-10 00:34:03.131919+00:00,1096,11
2024-05-10 00:34:03.389483+00:00,1096,1
2024-05-10 00:34:03.637003+00:00,1096,1
2024-05-10 00:34:03.655042+00:00,1233,7
2024-05-10 00:34:03.889030+00:00,1097,1
2024-05-10 00:34:04.137940+00:00,1692,1
2024-05-10 00:34:04.390337+00:00,1097,1
2024-05-10 00:34:04.391547+00:00,1097,1
2024-05-10 00:34:04.392319+00:00,1097,1
2024-05-10 00:34:04.507726+00:00,1668,28
2024-05-10 00:34:04.634248+00:00,1097,1
2024-05-10 00:34:04.635088+00:00,1097,8
2024-05-10 00:34:04.754980+00:00,1952,37
2024-05-10 00:34:04.884887+00:00,1098,6
2024-05-10 00:34:05.003262+00:00,1953,2
2024-05-10 00:34:05.153492+00:00,1113,3
2024-05-10 00:34:05.259386+00:00,1953,1
2024-05-10 00:34:06.385256+00:00,1568,343
2024-05-10 00:34:06.901812+00:00,1116,3
2024-05-10 00:34:07.635430+00:00,1102,1
2024-05-10 00:34:07.652707+00:00,1239,9
2024-05-10 00:34:07.889456+00:00,1102,40
2024-05-10 00:34:08.152494+00:00,1353,12
2024-05-10 00:34:08.900281+00:00,1118,9
2024-05-10 00:34:08.901475+00:00,1241,7
2024-05-10 00:34:09.255476+00:00,1198,60
2024-05-10 00:34:09.583714+00:00,1352,4
2024-05-10 00:34:09.586149+00:00,1210,9
2024-05-10 00:34:09.881848+00:00,1147,18
2024-05-10 00:34:10.135997+00:00,1324,3
2024-05-10 00:34:10.152992+00:00,1356,9
2024-05-10 00:34:10.334726+00:00,1280,1
2024-05-10 00:34:10.383404+00:00,1992,3
2024-05-10 00:34:10.651908+00:00,1360,12
2024-05-10 00:34:10.775702+00:00,1931,9
2024-05-10 00:34:10.887269+00:00,1855,19
2024-05-10 00:34:11.130618+00:00,1324,85
2024-05-10 00:34:11.151393+00:00,1360,5
2024-05-10 00:34:12.382504+00:00,1324,54
2024-05-10 00:34:12.885619+00:00,1581,2
2024-05-10 00:34:13.038567+00:00,1894,28
2024-05-10 00:34:13.132838+00:00,1324,97
2024-05-10 00:34:13.136636+00:00,1855,18
2024-05-10 00:34:13.630613+00:00,1107,6
2024-05-10 00:34:13.631088+00:00,1107,1
2024-05-10 00:34:13.631888+00:00,1107,6
2024-05-10 00:34:13.634159+00:00,1962,29
2024-05-10 00:34:13.754770+00:00,1746,11
2024-05-10 00:34:14.082548+00:00,1521,25
2024-05-10 00:34:14.252652+00:00,1761,3
2024-05-10 00:34:14.385673+00:00,1107,6
2024-05-10 00:34:14.635055+00:00,1107,6
2024-05-10 00:34:14.636671+00:00,1577,10
2024-05-10 00:34:14.904944+00:00,1364,2
2024-05-10 00:34:15.156622+00:00,1595,9
2024-05-10 00:34:15.655129+00:00,1364,2
2024-05-10 00:34:15.753986+00:00,1374,2
2024-05-10 00:34:16.145205+00:00,1808,9
2024-05-10 00:34:16.157983+00:00,1364,1
2024-05-10 00:34:16.331860+00:00,1523,16
2024-05-10 00:34:16.405049+00:00,1598,11
2024-05-10 00:34:16.405570+00:00,1363,2
2024-05-10 00:34:16.585001+00:00,1523,16
2024-05-10 00:34:16.646362+00:00,1808,36
2024-05-10 00:34:16.659967+00:00,1600,10
2024-05-10 00:34:17.583663+00:00,1231,2
2024-05-10 00:34:17.892997+00:00,1134,31
2024-05-10 00:34:17.909347+00:00,1602,1
2024-05-10 00:34:18.082370+00:00,1356,4
2024-05-10 00:34:18.503754+00:00,1687,27
2024-05-10 00:34:18.664124+00:00,1603,6
2024-05-10 00:34:19.006177+00:00,1126,11
2024-05-10 00:34:19.133172+00:00,1763,8
2024-05-10 00:34:19.639633+00:00,1763,38
2024-05-10 00:34:19.661897+00:00,1250,3
2024-05-10 00:34:20.003123+00:00,1231,18
2024-05-10 00:34:20.650871+00:00,1606,68
2024-05-10 00:34:20.651693+00:00,1364,36
2024-05-10 00:34:20.753923+00:00,1118,3
2024-05-10 00:34:21.017734+00:00,1969,64
2024-05-10 00:34:21.155125+00:00,1120,9
2024-05-10 00:34:21.390577+00:00,1625,1
2024-05-10 00:34:22.141621+00:00,1717,36
2024-05-10 00:34:22.151503+00:00,1610,373
2024-05-10 00:34:22.389338+00:00,1625,3
2024-05-10 00:34:22.588063+00:00,1979,6
2024-05-10 00:34:22.637985+00:00,1332,8
2024-05-10 00:34:23.023134+00:00,1979,6
2024-05-10 00:34:23.137038+00:00,1332,8
2024-05-10 00:34:23.139210+00:00,1137,10
2024-05-10 00:34:23.388294+00:00,1332,8
2024-05-10 00:34:23.769127+00:00,1979,1
2024-05-10 00:34:24.027541+00:00,1979,6
2024-05-10 00:34:24.029461+00:00,1979,6
2024-05-10 00:34:24.145177+00:00,1671,37
2024-05-10 00:34:24.525239+00:00,1978,5
2024-05-10 00:34:24.837261+00:00,1232,30
2024-05-10 00:34:25.037611+00:00,1277,7
2024-05-10 00:34:25.152685+00:00,1031,6
2024-05-10 00:34:25.335630+00:00,1239,3
2024-05-10 00:34:26.392003+00:00,1335,10
2024-05-10 00:34:26.424809+00:00,1168,16
2024-05-10 00:34:26.642264+00:00,1627,35
2024-05-10 00:34:26.642589+00:00,2036,3
2024-05-10 00:34:26.778447+00:00,1978,5
2024-05-10 00:34:26.907991+00:00,1170,9
2024-05-10 00:34:27.008276+00:00,1365,70
2024-05-10 00:34:27.409431+00:00,1170,17
2024-05-10 00:34:27.541615+00:00,1304,4
2024-05-10 00:34:27.543555+00:00,1710,9
2024-05-10 00:34:27.797300+00:00,1277,7
2024-05-10 00:34:27.832514+00:00,1960,7
2024-05-10 00:34:27.908691+00:00,1174,18
2024-05-10 00:34:28.137087+00:00,1336,10
2024-05-10 00:34:28.138327+00:00,1139,22
2024-05-10 00:34:28.269147+00:00,1980,3
2024-05-10 00:34:28.388306+00:00,1583,19
2024-05-10 00:34:28.523084+00:00,1982,2
2024-05-10 00:34:28.639852+00:00,1974,8
2024-05-10 00:34:28.643186+00:00,1138,9
2024-05-10 00:34:29.271697+00:00,1983,1
2024-05-10 00:34:30.003093+00:00,1367,10
2024-05-10 00:34:30.253180+00:00,1368,5
2024-05-10 00:34:30.402092+00:00,1679,1
2024-05-10 00:34:30.541481+00:00,1305,3
2024-05-10 00:34:30.888581+00:00,1611,13
2024-05-10 00:34:31.002984+00:00,1368,1
2024-05-10 00:34:31.407438+00:00,1679,13
2024-05-10 00:34:31.503767+00:00,1368,43
2024-05-10 00:34:31.550597+00:00,1281,3
2024-05-10 00:34:31.634799+00:00,1539,30
2024-05-10 00:34:32.252394+00:00,1370,46
2024-05-10 00:34:32.272765+00:00,1068,1
2024-05-10 00:34:32.590562+00:00,1681,2
2024-05-10 00:34:32.643384+00:00,2039,9
2024-05-10 00:34:32.913341+00:00,1035,163
2024-05-10 00:34:33.049973+00:00,1595,1
2024-05-10 00:34:33.137167+00:00,1141,1
2024-05-10 00:34:33.387236+00:00,1495,3
2024-05-10 00:34:33.541515+00:00,1748,7
2024-05-10 00:34:33.637206+00:00,1407,1
2024-05-10 00:34:33.639583+00:00,1124,6
2024-05-10 00:34:33.753756+00:00,1440,2
2024-05-10 00:34:33.881484+00:00,1407,4
2024-05-10 00:34:33.884726+00:00,1495,19
2024-05-10 00:34:34.005918+00:00,1706,8
2024-05-10 00:34:34.040801+00:00,2020,2
2024-05-10 00:34:34.254685+00:00,1108,13
2024-05-10 00:34:34.523744+00:00,1068,2
2024-05-10 00:34:34.880773+00:00,1102,24
2024-05-10 00:34:34.881015+00:00,1408,3
2024-05-10 00:34:35.002866+00:00,1108,6
2024-05-10 00:34:35.131395+00:00,1408,3
2024-05-10 00:34:35.132066+00:00,1104,11
2024-05-10 00:34:35.382867+00:00,1105,25
2024-05-10 00:34:35.522293+00:00,2005,4
2024-05-10 00:34:35.594205+00:00,1596,3
2024-05-10 00:34:35.597892+00:00,1668,15
2024-05-10 00:34:35.758151+00:00,1706,36
2024-05-10 00:34:35.787862+00:00,1209,560
2024-05-10 00:34:35.880755+00:00,1107,51
2024-05-10 00:34:35.881636+00:00,1108,5
2024-05-10 00:34:35.882936+00:00,1108,10
2024-05-10 00:34:36.131163+00:00,1108,2
2024-05-10 00:34:36.132040+00:00,1109,9
2024-05-10 00:34:36.134932+00:00,1715,5
2024-05-10 00:34:36.630703+00:00,1124,6
2024-05-10 00:34:36.631391+00:00,1715,1
2024-05-10 00:34:36.882759+00:00,1451,32
2024-05-10 00:34:37.516878+00:00,2006,1
2024-05-10 00:34:37.590172+00:00,1669,12
2024-05-10 00:34:37.786872+00:00,1306,3
2024-05-10 00:34:38.085304+00:00,1963,2
2024-05-10 00:34:38.154439+00:00,1430,58
2024-05-10 00:34:38.254758+00:00,1376,43
2024-05-10 00:34:38.267846+00:00,1042,1
2024-05-10 00:34:38.518821+00:00,1042,14
2024-05-10 00:34:39.134800+00:00,1407,9
2024-05-10 00:34:39.632929+00:00,1407,18
2024-05-10 00:34:39.787738+00:00,1281,12
2024-05-10 00:34:39.838667+00:00,1965,8
2024-05-10 00:34:40.140561+00:00,1705,13
2024-05-10 00:34:40.537453+00:00,1307,4
2024-05-10 00:34:40.633718+00:00,1115,9
2024-05-10 00:34:40.787427+00:00,1399,31
2024-05-10 00:34:41.840440+00:00,1538,7
2024-05-10 00:34:42.134048+00:00,1140,10
2024-05-10 00:34:42.340024+00:00,1539,22
2024-05-10 00:34:42.536951+00:00,1025,3
2024-05-10 00:34:42.541863+00:00,1978,2
2024-05-10 00:34:43.144886+00:00,1138,9
2024-05-10 00:34:43.278469+00:00,1985,3
2024-05-10 00:34:43.633684+00:00,1140,17
2024-05-10 00:34:43.655629+00:00,1039,25
2024-05-10 00:34:44.141308+00:00,1140,17
2024-05-10 00:34:44.291540+00:00,1744,8
2024-05-10 00:34:45.154273+00:00,1483,9
2024-05-10 00:34:45.387294+00:00,1464,3
2024-05-10 00:34:45.409262+00:00,1240,25
2024-05-10 00:34:45.660621+00:00,1485,4
2024-05-10 00:34:45.771297+00:00,1382,5
2024-05-10 00:34:45.848825+00:00,1887,105
2024-05-10 00:34:45.885475+00:00,1123,16
2024-05-10 00:34:45.903814+00:00,1693,1
2024-05-10 00:34:46.342124+00:00,1655,3
2024-05-10 00:34:46.343731+00:00,1966,6
2024-05-10 00:34:46.390536+00:00,1903,20
2024-05-10 00:34:46.585569+00:00,1966,1
2024-05-10 00:34:46.634737+00:00,1407,2
2024-05-10 00:34:46.754847+00:00,1385,5
2024-05-10 00:34:46.907308+00:00,1042,30
2024-05-10 00:34:47.137544+00:00,1126,16
2024-05-10 00:34:47.635421+00:00,1408,4
2024-05-10 00:34:47.883659+00:00,1408,4
2024-05-10 00:34:48.595422+00:00,1670,29
2024-05-10 00:34:48.891399+00:00,1408,4
2024-05-10 00:34:48.894033+00:00,1942,1
2024-05-10 00:34:48.895138+00:00,1126,15
2024-05-10 00:34:49.403826+00:00,1071,69
2024-05-10 00:34:49.502857+00:00,1709,11
2024-05-10 00:34:49.503419+00:00,1592,7
2024-05-10 00:34:49.884136+00:00,1327,3
2024-05-10 00:34:50.139089+00:00,1327,3
2024-05-10 00:34:50.754853+00:00,1387,1
2024-05-10 00:34:51.042157+00:00,1122,11
2024-05-10 00:34:51.090311+00:00,1542,40
2024-05-10 00:34:51.254317+00:00,1387,29
2024-05-10 00:34:51.632823+00:00,1327,3
2024-05-10 00:34:51.882915+00:00,1409,3
2024-05-10 00:34:52.004884+00:00,1388,205
2024-05-10 00:34:52.005078+00:00,1387,26
2024-05-10 00:34:52.386178+00:00,1408,1
2024-05-10 00:34:52.404681+00:00,1367,12
2024-05-10 00:34:52.640199+00:00,1407,5
2024-05-10 00:34:52.886209+00:00,1577,12
2024-05-10 00:34:53.132306+00:00,1405,8
2024-05-10 00:34:53.289202+00:00,1124,15
2024-05-10 00:34:53.338479+00:00,1679,9
2024-05-10 00:34:53.904298+00:00,1370,9
2024-05-10 00:34:53.904993+00:00,1975,5
2024-05-10 00:34:54.089445+00:00,1679,14
2024-05-10 00:34:54.133092+00:00,1407,6
2024-05-10 00:34:54.341328+00:00,1970,1
2024-05-10 00:34:54.342336+00:00,1970,1
2024-05-10 00:34:54.345429+00:00,1721,7
2024-05-10 00:34:54.651604+00:00,1374,1
2024-05-10 00:34:54.840948+00:00,1970,4
2024-05-10 00:34:54.844640+00:00,1250,9
2024-05-10 00:34:55.008913+00:00,1794,8
2024-05-10 00:34:55.094114+00:00,1605,48
2024-05-10 00:34:55.275795+00:00,1072,24
2024-05-10 00:34:55.400714+00:00,1374,5
2024-05-10 00:34:55.882266+00:00,1407,6
2024-05-10 00:34:56.090213+00:00,1609,10
2024-05-10 00:34:56.290562+00:00,1177,9
2024-05-10 00:34:56.382248+00:00,1407,5
2024-05-10 00:34:56.630808+00:00,1407,1
2024-05-10 00:34:56.650671+00:00,1374,1
2024-05-10 00:34:56.789288+00:00,1125,8
2024-05-10 00:34:56.880516+00:00,1407,6
2024-05-10 00:34:57.382252+00:00,1407,1
2024-05-10 00:34:57.401189+00:00,1375,4
2024-05-10 00:34:57.631294+00:00,1405,8
2024-05-10 00:34:57.882241+00:00,1959,13
2024-05-10 00:34:57.885559+00:00,1759,13
2024-05-10 00:34:58.290750+00:00,1126,6
2024-05-10 00:34:58.517331+00:00,2018,1
2024-05-10 00:34:58.767124+00:00,1463,19
2024-05-10 00:34:59.018120+00:00,2018,4
2024-05-10 00:34:59.266794+00:00,1465,2
2024-05-10 00:34:59.336458+00:00,1716,2
2024-05-10 00:34:59.767036+00:00,1465,5
2024-05-10 00:34:59.839235+00:00,1716,15
2024-05-10 00:35:01.100651+00:00,1716,23
2024-05-10 00:35:01.342892+00:00,1118,1
2024-05-10 00:35:01.550145+00:00,1186,55
2024-05-10 00:35:01.837850+00:00,1118,1
2024-05-10 00:35:01.882346+00:00,1961,9
2024-05-10 00:35:02.018095+00:00,2019,4
2024-05-10 00:35:02.091132+00:00,1118,3
2024-05-10 00:35:02.343693+00:00,1974,1
2024-05-10 00:35:02.345024+00:00,1118,3
2024-05-10 00:35:02.593065+00:00,1119,2
2024-05-10 00:35:02.881055+00:00,1963,2
2024-05-10 00:35:03.090024+00:00,1975,27
2024-05-10 00:35:03.092490+00:00,1120,1
2024-05-10 00:35:03.130888+00:00,1961,9
2024-05-10 00:35:03.342254+00:00,1120,3
2024-05-10 00:35:03.880910+00:00,1963,1
2024-05-10 00:35:03.901580+00:00,1187,1
2024-05-10 00:35:04.037201+00:00,1130,2
2024-05-10 00:35:04.092314+00:00,1977,1
2024-05-10 00:35:04.094767+00:00,1977,12
2024-05-10 00:35:04.097984+00:00,1119,2
2024-05-10 00:35:04.130745+00:00,1964,1
2024-05-10 00:35:04.402318+00:00,1078,26
2024-05-10 00:35:04.586022+00:00,1120,3
2024-05-10 00:35:04.880895+00:00,1963,1
2024-05-10 00:35:04.901433+00:00,1378,2
2024-05-10 00:35:05.522123+00:00,1162,6
2024-05-10 00:35:05.906082+00:00,1078,139
2024-05-10 00:35:06.132814+00:00,1963,4
2024-05-10 00:35:06.343496+00:00,1163,14
2024-05-10 00:35:06.387946+00:00,1963,4
2024-05-10 00:35:06.599368+00:00,1163,12
2024-05-10 00:35:06.761405+00:00,1710,16
2024-05-10 00:35:07.009119+00:00,1382,19
2024-05-10 00:35:07.340242+00:00,1370,1
2024-05-10 00:35:07.516998+00:00,1711,15
2024-05-10 00:35:07.591655+00:00,1122,2
2024-05-10 00:35:07.641522+00:00,1964,3
2024-05-10 00:35:07.642600+00:00,1286,51
2024-05-10 00:35:07.646313+00:00,1043,4
2024-05-10 00:35:07.839349+00:00,1370,2
2024-05-10 00:35:08.133491+00:00,1967,2
2024-05-10 00:35:08.386534+00:00,1043,46
2024-05-10 00:35:08.585570+00:00,1745,2
2024-05-10 00:35:09.337106+00:00,1760,3
2024-05-10 00:35:09.386272+00:00,1968,1
2024-05-10 00:35:09.386704+00:00,1410,1
2024-05-10 00:35:09.388661+00:00,1043,12
2024-05-10 00:35:09.883852+00:00,1410,10
2024-05-10 00:35:10.082849+00:00,1913,2
2024-05-10 00:35:10.339694+00:00,1913,2
2024-05-10 00:35:10.384791+00:00,1967,1
2024-05-10 00:35:10.583773+00:00,1178,50
2024-05-10 00:35:10.836921+00:00,1359,2
2024-05-10 00:35:11.632500+00:00,1415,4
2024-05-10 00:35:12.037894+00:00,1966,2
2024-05-10 00:35:12.082135+00:00,1125,1
2024-05-10 00:35:12.333799+00:00,1911,9
2024-05-10 00:35:12.334212+00:00,1125,1
2024-05-10 00:35:12.592528+00:00,1125,8
2024-05-10 00:35:12.650790+00:00,1760,3
2024-05-10 00:35:12.895252+00:00,1359,6
2024-05-10 00:35:13.082284+00:00,1913,2
2024-05-10 00:35:13.131479+00:00,1968,1
2024-05-10 00:35:13.255114+00:00,1716,167
2024-05-10 00:35:13.834801+00:00,1914,7
2024-05-10 00:35:13.880764+00:00,1967,1
2024-05-10 00:35:13.883588+00:00,1046,66
2024-05-10 00:35:14.336407+00:00,1124,12
2024-05-10 00:35:14.400915+00:00,1762,20
2024-05-10 00:35:14.502876+00:00,1931,9
2024-05-10 00:35:14.587419+00:00,1913,2
2024-05-10 00:35:14.588668+00:00,1725,14
2024-05-10 00:35:14.630873+00:00,1362,1
2024-05-10 00:35:15.083556+00:00,1458,5
2024-05-10 00:35:15.334392+00:00,1544,34
2024-05-10 00:35:15.538944+00:00,1750,17
2024-05-10 00:35:15.585103+00:00,1461,16
2024-05-10 00:35:16.276863+00:00,1983,27
2024-05-10 00:35:16.334228+00:00,1544,37
2024-05-10 00:35:16.503563+00:00,1627,3
2024-05-10 00:35:16.583706+00:00,1914,7
2024-05-10 00:35:17.002970+00:00,1931,9
2024-05-10 00:35:17.086116+00:00,1914,1
2024-05-10 00:35:17.332778+00:00,1547,1
2024-05-10 00:35:17.754177+00:00,1874,8
2024-05-10 00:35:18.023141+00:00,1985,5
2024-05-10 00:35:18.084165+00:00,1474,3
2024-05-10 00:35:18.084673+00:00,1547,73
2024-05-10 00:35:18.152653+00:00,1377,3
2024-05-10 00:35:18.337426+00:00,1914,17
2024-05-10 00:35:18.789187+00:00,1728,24
2024-05-10 00:35:18.832172+00:00,1913,2
2024-05-10 00:35:19.003336+00:00,1931,13
2024-05-10 00:35:20.253383+00:00,1627,3
2024-05-10 00:35:20.335673+00:00,1979,13
2024-05-10 00:35:20.400115+00:00,1377,3
2024-05-10 00:35:20.522729+00:00,1231,1
2024-05-10 00:35:20.832195+00:00,1979,1
2024-05-10 00:35:20.900386+00:00,1082,1
2024-05-10 00:35:21.082647+00:00,1679,10
2024-05-10 00:35:21.082697+00:00,1979,8
2024-05-10 00:35:21.332868+00:00,1980,10
2024-05-10 00:35:21.519327+00:00,1545,7
2024-05-10 00:35:21.584924+00:00,1062,1
2024-05-10 00:35:21.755874+00:00,1627,3
2024-05-10 00:35:21.786908+00:00,1356,9
2024-05-10 00:35:22.038599+00:00,1186,4
2024-05-10 00:35:22.270244+00:00,1051,3
2024-05-10 00:35:22.292515+00:00,1302,72
2024-05-10 00:35:22.333623+00:00,1724,8
2024-05-10 00:35:22.401200+00:00,1380,6
2024-05-10 00:35:22.753588+00:00,1957,14
2024-05-10 00:35:22.754592+00:00,1627,33
2024-05-10 00:35:22.833829+00:00,1873,9
2024-05-10 00:35:22.836383+00:00,1239,13
2024-05-10 00:35:22.836630+00:00,1917,5
2024-05-10 00:35:23.082399+00:00,1548,15
2024-05-10 00:35:23.083984+00:00,1063,10
2024-05-10 00:35:23.151751+00:00,1489,6
2024-05-10 00:35:23.254950+00:00,1041,3
2024-05-10 00:35:23.333163+00:00,1240,7
2024-05-10 00:35:23.634979+00:00,1030,10
2024-05-10 00:35:23.788056+00:00,1188,19
2024-05-10 00:35:23.832631+00:00,1047,11
2024-05-10 00:35:24.151773+00:00,1490,1
2024-05-10 00:35:24.258120+00:00,1934,20
2024-05-10 00:35:24.271503+00:00,1344,3
2024-05-10 00:35:24.584556+00:00,1919,9
2024-05-10 00:35:24.651180+00:00,1490,13
2024-05-10 00:35:24.651880+00:00,1383,17
2024-05-10 00:35:24.790497+00:00,1720,7
2024-05-10 00:35:24.832069+00:00,1381,3
2024-05-10 00:35:25.040203+00:00,1188,7
2024-05-10 00:35:25.261579+00:00,1627,33
2024-05-10 00:35:25.334656+00:00,1381,3
2024-05-10 00:35:25.585921+00:00,1479,20
2024-05-10 00:35:25.634222+00:00,2037,2
2024-05-10 00:35:25.768070+00:00,2045,1
2024-05-10 00:35:26.131099+00:00,2037,1
2024-05-10 00:35:26.158272+00:00,1490,202
2024-05-10 00:35:26.269841+00:00,1964,1
2024-05-10 00:35:26.406050+00:00,1081,34
2024-05-10 00:35:26.526437+00:00,1547,20
2024-05-10 00:35:26.633792+00:00,2037,2
2024-05-10 00:35:26.756380+00:00,1933,13
2024-05-10 00:35:26.789413+00:00,1722,6
2024-05-10 00:35:26.902773+00:00,1490,27
2024-05-10 00:35:27.022397+00:00,2046,1
2024-05-10 00:35:27.040328+00:00,1340,15
2024-05-10 00:35:27.082611+00:00,1921,9
2024-05-10 00:35:27.274016+00:00,1542,12
2024-05-10 00:35:27.281538+00:00,1365,5
2024-05-10 00:35:27.332401+00:00,1386,7
2024-05-10 00:35:28.082591+00:00,1254,9
2024-05-10 00:35:28.656707+00:00,1490,215
2024-05-10 00:35:28.783235+00:00,1985,1
2024-05-10 00:35:28.783847+00:00,1368,1
2024-05-10 00:35:28.784536+00:00,1985,5
2024-05-10 00:35:28.788150+00:00,1342,171
2024-05-10 00:35:29.405948+00:00,1490,66
2024-05-10 00:35:29.601095+00:00,1924,8
2024-05-10 00:35:29.654955+00:00,1768,27
2024-05-10 00:35:30.282332+00:00,1986,30
2024-05-10 00:35:30.527052+00:00,1999,26
2024-05-10 00:35:30.651520+00:00,1083,133
2024-05-10 00:35:31.040213+00:00,1768,16
2024-05-10 00:35:31.505046+00:00,1389,3
2024-05-10 00:35:31.658220+00:00,1083,162
2024-05-10 00:35:33.018033+00:00,1454,6
2024-05-10 00:35:33.503656+00:00,1516,16
2024-05-10 00:35:33.766600+00:00,1227,3
2024-05-10 00:35:33.908073+00:00,1768,196
2024-05-10 00:35:34.339032+00:00,1690,1
2024-05-10 00:35:35.271226+00:00,1230,1
2024-05-10 00:35:35.403661+00:00,1491,4
2024-05-10 00:35:36.164982+00:00,1230,1
2024-05-10 00:35:36.405189+00:00,1490,60
2024-05-10 00:35:36.777005+00:00,1359,19
2024-05-10 00:35:36.909231+00:00,1490,49
2024-05-10 00:35:37.087701+00:00,1280,31
2024-05-10 00:35:37.337291+00:00,1911,67
2024-05-10 00:35:37.658295+00:00,1490,32
2024-05-10 00:35:37.658717+00:00,1167,4
2024-05-10 00:35:37.881466+00:00,1555,5
2024-05-10 00:35:38.153196+00:00,1096,13
2024-05-10 00:35:38.266696+00:00,2013,5
2024-05-10 00:35:39.017276+00:00,2014,4
2024-05-10 00:35:39.130412+00:00,1554,3
2024-05-10 00:35:39.766587+00:00,2013,5
2024-05-10 00:35:39.906767+00:00,1496,392
2024-05-10 00:35:39.907006+00:00,1692,11
2024-05-10 00:35:40.267327+00:00,2014,1
2024-05-10 00:35:40.271084+00:00,1359,148
2024-05-10 00:35:40.516703+00:00,2013,4
2024-05-10 00:35:40.659480+00:00,1770,20
2024-05-10 00:35:40.917452+00:00,1118,8
2024-05-10 00:35:41.165345+00:00,1771,1
2024-05-10 00:35:41.167396+00:00,1695,5
2024-05-10 00:35:41.334167+00:00,1391,3
2024-05-10 00:35:41.383348+00:00,1556,23
2024-05-10 00:35:41.660844+00:00,1771,1
2024-05-10 00:35:41.911998+00:00,1130,47
2024-05-10 00:35:42.410754+00:00,1771,27
2024-05-10 00:35:42.882457+00:00,1971,1
2024-05-10 00:35:42.882843+00:00,1242,2
2024-05-10 00:35:43.132303+00:00,1971,1
2024-05-10 00:35:43.383059+00:00,1971,1
2024-05-10 00:35:43.516558+00:00,1924,1
2024-05-10 00:35:43.880729+00:00,1924,2
2024-05-10 00:35:43.884265+00:00,1971,68
2024-05-10 00:35:44.088606+00:00,1990,27
2024-05-10 00:35:44.382958+00:00,1970,35
2024-05-10 00:35:44.787273+00:00,1062,17
2024-05-10 00:35:46.029093+00:00,2026,4
2024-05-10 00:35:46.521597+00:00,2026,1
2024-05-10 00:35:46.771194+00:00,2026,5
2024-05-10 00:35:47.028007+00:00,2027,4
2024-05-10 00:35:47.039183+00:00,1994,1
2024-05-10 00:35:47.039985+00:00,1994,1
2024-05-10 00:35:47.277482+00:00,1994,10
2024-05-10 00:35:47.523288+00:00,2026,1
2024-05-10 00:35:47.775171+00:00,2026,5
2024-05-10 00:35:47.903606+00:00,1107,139
2024-05-10 00:35:48.012897+00:00,1788,3
2024-05-10 00:35:48.536493+00:00,1284,10
2024-05-10 00:35:48.784107+00:00,1994,3
2024-05-10 00:35:49.029877+00:00,1994,3
2024-05-10 00:35:49.278888+00:00,1994,5
2024-05-10 00:35:49.905718+00:00,1164,42
2024-05-10 00:35:50.089159+00:00,1584,160
2024-05-10 00:35:50.529861+00:00,1994,4
2024-05-10 00:35:50.587869+00:00,1586,9
2024-05-10 00:35:50.635699+00:00,1048,7
2024-05-10 00:35:50.834813+00:00,1985,9
2024-05-10 00:35:51.026450+00:00,1994,4
2024-05-10 00:35:51.781739+00:00,1992,9
2024-05-10 00:35:52.033701+00:00,1992,9
2024-05-10 00:35:52.289987+00:00,1287,6
2024-05-10 00:35:52.526701+00:00,1447,4
2024-05-10 00:35:52.533905+00:00,1992,9
2024-05-10 00:35:52.598189+00:00,1471,29
2024-05-10 00:35:52.648160+00:00,1049,8
2024-05-10 00:35:53.155443+00:00,1539,25
2024-05-10 00:35:53.335235+00:00,1392,2
2024-05-10 00:35:53.386015+00:00,1398,2
2024-05-10 00:35:53.589719+00:00,1472,103
2024-05-10 00:35:54.031355+00:00,1994,1
2024-05-10 00:35:54.535967+00:00,1994,9
2024-05-10 00:35:54.909117+00:00,1702,1
2024-05-10 00:35:55.022742+00:00,1994,3
2024-05-10 00:35:55.132066+00:00,1398,2
2024-05-10 00:35:57.272769+00:00,2010,1
2024-05-10 00:35:57.528159+00:00,2010,5
2024-05-10 00:35:57.585061+00:00,1984,1
2024-05-10 00:35:58.271169+00:00,2011,4
2024-05-10 00:35:59.027666+00:00,2012,3
2024-05-10 00:35:59.038432+00:00,1992,9
2024-05-10 00:35:59.160006+00:00,1160,2
2024-05-10 00:35:59.273197+00:00,2011,4
2024-05-10 00:35:59.525008+00:00,1992,9
2024-05-10 00:35:59.908561+00:00,1960,1
2024-05-10 00:36:00.156125+00:00,1958,9
2024-05-10 00:36:00.538440+00:00,1211,64
2024-05-10 00:36:00.632595+00:00,1924,3
2024-05-10 00:36:00.754467+00:00,1806,11
2024-05-10 00:36:01.132408+00:00,1925,3
2024-05-10 00:36:01.155807+00:00,1773,1
2024-05-10 00:36:01.405904+00:00,1774,17
2024-05-10 00:36:01.583802+00:00,1396,11
2024-05-10 00:36:01.652755+00:00,1961,1
2024-05-10 00:36:01.912734+00:00,1961,6
2024-05-10 00:36:02.157236+00:00,1964,6
2024-05-10 00:36:02.332355+00:00,1246,3
2024-05-10 00:36:02.637062+00:00,1543,21
2024-05-10 00:36:03.133088+00:00,1824,9
2024-05-10 00:36:03.403663+00:00,1967,3
2024-05-10 00:36:03.584382+00:00,1594,136
2024-05-10 00:36:04.537765+00:00,1323,24
2024-05-10 00:36:04.631469+00:00,1407,13
2024-05-10 00:36:04.786678+00:00,1024,6
2024-05-10 00:36:04.880868+00:00,1408,1
2024-05-10 00:36:04.901718+00:00,1966,2
2024-05-10 00:36:05.130944+00:00,1827,8
2024-05-10 00:36:05.131621+00:00,1555,3
2024-05-10 00:36:05.384047+00:00,1826,1
2024-05-10 00:36:05.538653+00:00,1325,1
2024-05-10 00:36:05.650644+00:00,1774,20
2024-05-10 00:36:05.787167+00:00,1323,123
2024-05-10 00:36:06.038727+00:00,1222,315
2024-05-10 00:36:06.537556+00:00,1325,4
2024-05-10 00:36:06.589981+00:00,1399,8
2024-05-10 00:36:06.640276+00:00,1557,4
2024-05-10 00:36:06.644130+00:00,1664,13
2024-05-10 00:36:06.752893+00:00,1788,3
2024-05-10 00:36:06.836442+00:00,1684,10
2024-05-10 00:36:07.522315+00:00,2024,1
2024-05-10 00:36:07.754648+00:00,1789,4
2024-05-10 00:36:07.773639+00:00,2024,5
2024-05-10 00:36:07.786684+00:00,1326,3
2024-05-10 00:36:07.832481+00:00,2024,3
2024-05-10 00:36:07.837368+00:00,1257,4
2024-05-10 00:36:07.888938+00:00,1827,10
2024-05-10 00:36:08.004323+00:00,1790,1
2024-05-10 00:36:08.083482+00:00,2024,3
2024-05-10 00:36:08.253903+00:00,1993,43
2024-05-10 00:36:08.286997+00:00,1026,4
2024-05-10 00:36:08.503322+00:00,1791,8
2024-05-10 00:36:08.503426+00:00,1992,1
2024-05-10 00:36:08.525168+00:00,2024,5
2024-05-10 00:36:08.754808+00:00,1791,12
2024-05-10 00:36:08.776936+00:00,1364,57
2024-05-10 00:36:08.786718+00:00,1327,2
2024-05-10 00:36:09.003863+00:00,1992,35
2024-05-10 00:36:09.005136+00:00,1791,12
2024-05-10 00:36:09.291224+00:00,1326,3
2024-05-10 00:36:09.401753+00:00,1776,142
2024-05-10 00:36:09.503859+00:00,1791,12
2024-05-10 00:36:09.753424+00:00,1792,3
2024-05-10 00:36:09.786798+00:00,1326,1
2024-05-10 00:36:09.788491+00:00,1326,3
2024-05-10 00:36:10.004812+00:00,1793,16
2024-05-10 00:36:10.037904+00:00,1029,3
2024-05-10 00:36:10.152213+00:00,1700,12
2024-05-10 00:36:10.524258+00:00,2025,4
2024-05-10 00:36:10.587138+00:00,1685,2
2024-05-10 00:36:11.155977+00:00,1763,9
2024-05-10 00:36:11.502532+00:00,1793,17
2024-05-10 00:36:11.544332+00:00,1259,169
2024-05-10 00:36:11.545498+00:00,1030,54
2024-05-10 00:36:12.131884+00:00,1633,8
2024-05-10 00:36:12.405277+00:00,1769,20
2024-05-10 00:36:12.503370+00:00,1998,10
2024-05-10 00:36:12.590335+00:00,1630,5
2024-05-10 00:36:13.082614+00:00,1630,5
2024-05-10 00:36:13.908969+00:00,1715,271
2024-05-10 00:36:13.911065+00:00,1786,1
2024-05-10 00:36:14.140533+00:00,1845,1
2024-05-10 00:36:14.157861+00:00,1383,3
2024-05-10 00:36:15.406699+00:00,1438,3
2024-05-10 00:36:15.786699+00:00,1031,2
2024-05-10 00:36:16.038450+00:00,1306,41
2024-05-10 00:36:16.583845+00:00,1550,4
2024-05-10 00:36:17.004319+00:00,1584,4
2024-05-10 00:36:17.286734+00:00,1031,1
2024-05-10 00:36:17.659201+00:00,1439,41
2024-05-10 00:36:17.660075+00:00,1778,22
2024-05-10 00:36:17.786747+00:00,1306,3
2024-05-10 00:36:17.908869+00:00,1439,33
2024-05-10 00:36:18.786969+00:00,1032,34
2024-05-10 00:36:18.832460+00:00,1275,7
2024-05-10 00:36:19.166635+00:00,1965,1
2024-05-10 00:36:19.408635+00:00,1795,2
2024-05-10 00:36:19.582601+00:00,2005,13
2024-05-10 00:36:19.786497+00:00,1299,24
2024-05-10 00:36:19.832340+00:00,1881,16
2024-05-10 00:36:20.334107+00:00,2006,1
2024-05-10 00:36:20.412981+00:00,1025,52
2024-05-10 00:36:20.637152+00:00,1425,65
2024-05-10 00:36:20.657185+00:00,1966,23
2024-05-10 00:36:21.536425+00:00,1308,298
2024-05-10 00:36:21.913677+00:00,1779,110
2024-05-10 00:36:22.588998+00:00,1864,1
2024-05-10 00:36:22.906336+00:00,1969,1
2024-05-10 00:36:23.082403+00:00,1405,3
2024-05-10 00:36:23.582432+00:00,1884,1
2024-05-10 00:36:23.636604+00:00,1427,1
2024-05-10 00:36:24.832741+00:00,1884,9
2024-05-10 00:36:25.582916+00:00,1650,84
2024-05-10 00:36:26.583257+00:00,1404,3
2024-05-10 00:36:26.655693+00:00,1383,3
2024-05-10 00:36:26.758416+00:00,1389,6
2024-05-10 00:36:26.833340+00:00,2026,8
2024-05-10 00:36:26.909780+00:00,1383,17
2024-05-10 00:36:27.019873+00:00,2038,4
2024-05-10 00:36:27.270932+00:00,2038,5
2024-05-10 00:36:27.382617+00:00,1557,9
2024-05-10 00:36:27.506981+00:00,2006,2
2024-05-10 00:36:27.631949+00:00,2002,15
2024-05-10 00:36:28.332232+00:00,1887,4
2024-05-10 00:36:28.505931+00:00,1852,6
2024-05-10 00:36:29.406440+00:00,1386,13
2024-05-10 00:36:29.511106+00:00,2005,17
2024-05-10 00:36:29.586047+00:00,2011,4
2024-05-10 00:36:30.091311+00:00,2027,5
2024-05-10 00:36:30.507489+00:00,2003,31
2024-05-10 00:36:30.522713+00:00,1644,1
2024-05-10 00:36:30.585020+00:00,2009,10
2024-05-10 00:36:31.088639+00:00,2010,9
2024-05-10 00:36:31.254878+00:00,2006,16
2024-05-10 00:36:31.287638+00:00,1400,55
2024-05-10 00:36:31.503571+00:00,1584,4
2024-05-10 00:36:31.591861+00:00,1652,8
2024-05-10 00:36:31.657607+00:00,1386,66
2024-05-10 00:36:31.837989+00:00,1831,6
2024-05-10 00:36:31.838779+00:00,1716,45
2024-05-10 00:36:32.039884+00:00,1401,6
2024-05-10 00:36:32.087296+00:00,1653,7
2024-05-10 00:36:32.253825+00:00,1493,19
2024-05-10 00:36:32.296091+00:00,1857,6
2024-05-10 00:36:32.538963+00:00,1402,5
2024-05-10 00:36:33.288601+00:00,1150,5
2024-05-10 00:36:33.504113+00:00,2007,17
2024-05-10 00:36:33.845820+00:00,1923,20
2024-05-10 00:36:33.908179+00:00,1172,7
2024-05-10 00:36:34.093740+00:00,1929,9
2024-05-10 00:36:34.261546+00:00,2005,17
2024-05-10 00:36:34.338026+00:00,1653,1
2024-05-10 00:36:34.516188+00:00,2003,5
2024-05-10 00:36:34.546891+00:00,1154,71
2024-05-10 00:36:34.773318+00:00,1644,1
2024-05-10 00:36:34.799511+00:00,1402,4
2024-05-10 00:36:34.804596+00:00,1859,1
2024-05-10 00:36:34.837705+00:00,2031,13
2024-05-10 00:36:34.903862+00:00,1829,21
2024-05-10 00:36:35.008454+00:00,1391,46
2024-05-10 00:36:35.053567+00:00,1859,1
2024-05-10 00:36:35.410664+00:00,1174,1
2024-05-10 00:36:35.410860+00:00,1307,26
2024-05-10 00:36:35.512850+00:00,1393,52
2024-05-10 00:36:35.545551+00:00,1402,4
2024-05-10 00:36:35.587657+00:00,1889,3
2024-05-10 00:36:35.589465+00:00,2035,2
2024-05-10 00:36:35.659186+00:00,1449,13
2024-05-10 00:36:35.761769+00:00,1491,14
2024-05-10 00:36:35.799111+00:00,1860,7
2024-05-10 00:36:35.844660+00:00,1483,1
2024-05-10 00:36:35.848022+00:00,1925,5
2024-05-10 00:36:36.009521+00:00,1491,11
2024-05-10 00:36:36.090852+00:00,1655,6
2024-05-10 00:36:36.161810+00:00,1307,142
2024-05-10 00:36:36.162704+00:00,1175,33
2024-05-10 00:36:36.293620+00:00,1402,1
2024-05-10 00:36:36.529378+00:00,2040,4
2024-05-10 00:36:36.545615+00:00,1402,5
2024-05-10 00:36:36.907169+00:00,1388,37
2024-05-10 00:36:37.158422+00:00,1307,229
2024-05-10 00:36:37.796429+00:00,1404,5
2024-05-10 00:36:37.840701+00:00,1411,7
2024-05-10 00:36:38.047551+00:00,1156,1
2024-05-10 00:36:38.049588+00:00,1156,2
2024-05-10 00:36:38.091394+00:00,1411,7
2024-05-10 00:36:38.261977+00:00,1874,27
2024-05-10 00:36:38.332129+00:00,1376,1
2024-05-10 00:36:38.413794+00:00,1444,9
2024-05-10 00:36:38.415086+00:00,1175,246
2024-05-10 00:36:38.419663+00:00,1033,180
2024-05-10 00:36:38.543773+00:00,1402,5
2024-05-10 00:36:38.544321+00:00,1156,2
2024-05-10 00:36:38.658509+00:00,1175,4
2024-05-10 00:36:38.905628+00:00,1393,7
2024-05-10 00:36:39.332749+00:00,1657,3
2024-05-10 00:36:39.411164+00:00,1036,5
2024-05-10 00:36:39.523539+00:00,1462,1
2024-05-10 00:36:39.773511+00:00,2041,4
2024-05-10 00:36:39.905575+00:00,1391,39
2024-05-10 00:36:40.011163+00:00,1391,61
2024-05-10 00:36:40.040929+00:00,1157,11
2024-05-10 00:36:40.404313+00:00,1390,1
2024-05-10 00:36:40.404896+00:00,1445,16
2024-05-10 00:36:40.521514+00:00,1463,3
2024-05-10 00:36:40.758549+00:00,1887,53
2024-05-10 00:36:41.018888+00:00,1464,2
2024-05-10 00:36:41.291797+00:00,1403,9
2024-05-10 00:36:41.662887+00:00,1751,2
2024-05-10 00:36:41.756062+00:00,1930,8
2024-05-10 00:36:41.904333+00:00,1392,53
2024-05-10 00:36:42.039851+00:00,1157,6
2024-05-10 00:36:42.158108+00:00,1490,3
2024-05-10 00:36:42.255259+00:00,1856,13
2024-05-10 00:36:42.406831+00:00,1180,1
2024-05-10 00:36:42.664525+00:00,1040,27
2024-05-10 00:36:43.159837+00:00,1445,4
2024-05-10 00:36:43.660404+00:00,1445,5
2024-05-10 00:36:44.163308+00:00,1445,5
2024-05-10 00:36:44.287616+00:00,1764,15
2024-05-10 00:36:44.582872+00:00,1659,115
2024-05-10 00:36:44.655034+00:00,1187,428
2024-05-10 00:36:45.539438+00:00,1159,78
2024-05-10 00:36:45.634355+00:00,1841,114
2024-05-10 00:36:45.658799+00:00,1755,6
2024-05-10 00:36:45.764161+00:00,1926,10
2024-05-10 00:36:45.778586+00:00,1160,19
2024-05-10 00:36:46.086231+00:00,1249,1
2024-05-10 00:36:46.158525+00:00,1044,204
2024-05-10 00:36:46.257341+00:00,1926,20
2024-05-10 00:36:46.402702+00:00,1756,1
2024-05-10 00:36:46.529647+00:00,1834,2
2024-05-10 00:36:46.655418+00:00,1449,1
2024-05-10 00:36:46.657194+00:00,1756,5
2024-05-10 00:36:48.038285+00:00,1411,9
2024-05-10 00:36:48.159382+00:00,1449,5
2024-05-10 00:36:48.161959+00:00,1758,6
2024-05-10 00:36:48.882997+00:00,1847,2
2024-05-10 00:36:48.907762+00:00,1757,4
2024-05-10 00:36:49.163160+00:00,1786,81
2024-05-10 00:36:49.274726+00:00,1649,16
2024-05-10 00:36:49.832193+00:00,2012,1
2024-05-10 00:36:49.909622+00:00,1788,12
2024-05-10 00:36:50.003905+00:00,1247,3
2024-05-10 00:36:50.140983+00:00,1599,70
2024-05-10 00:36:50.255643+00:00,1247,3
2024-05-10 00:36:50.256769+00:00,1642,8
2024-05-10 00:36:50.332246+00:00,2013,1
2024-05-10 00:36:50.536872+00:00,1411,9
2024-05-10 00:36:50.661440+00:00,1448,1
2024-05-10 00:36:50.665664+00:00,1789,19
2024-05-10 00:36:50.787135+00:00,1750,2
2024-05-10 00:36:51.038792+00:00,1788,10
2024-05-10 00:36:51.082599+00:00,2014,7
2024-05-10 00:36:51.332599+00:00,1677,3
2024-05-10 00:36:51.335781+00:00,1243,8
2024-05-10 00:36:51.538053+00:00,1157,1
2024-05-10 00:36:52.410982+00:00,1792,1
2024-05-10 00:36:52.536846+00:00,1802,137
2024-05-10 00:36:52.538536+00:00,1155,10
2024-05-10 00:36:52.588090+00:00,1678,6
2024-05-10 00:36:52.590601+00:00,1262,8
2024-05-10 00:36:52.660956+00:00,1791,1
2024-05-10 00:36:52.765144+00:00,1496,14
2024-05-10 00:36:53.037581+00:00,1748,1
2024-05-10 00:36:53.037739+00:00,1405,153
2024-05-10 00:36:53.286850+00:00,1158,2
2024-05-10 00:36:53.539174+00:00,1158,4
2024-05-10 00:36:53.585085+00:00,1262,8
2024-05-10 00:36:53.786440+00:00,1591,23
2024-05-10 00:36:53.788504+00:00,1749,4
2024-05-10 00:36:54.038064+00:00,1407,6
2024-05-10 00:36:54.039076+00:00,1157,18
2024-05-10 00:36:54.288539+00:00,1156,19
2024-05-10 00:36:54.402170+00:00,1494,6
2024-05-10 00:36:54.503709+00:00,1500,3
2024-05-10 00:36:54.537730+00:00,1157,3
2024-05-10 00:36:54.755680+00:00,1500,33
2024-05-10 00:36:55.401161+00:00,1495,12
2024-05-10 00:36:55.554386+00:00,1440,34
2024-05-10 00:36:55.583210+00:00,1679,4
2024-05-10 00:36:56.038268+00:00,1166,2
2024-05-10 00:36:56.082977+00:00,1757,17
2024-05-10 00:36:56.134973+00:00,1618,17
2024-05-10 00:36:56.288188+00:00,1364,274
2024-05-10 00:36:56.584067+00:00,1263,5
2024-05-10 00:36:56.637592+00:00,1617,7
2024-05-10 00:36:56.752999+00:00,1500,1
2024-05-10 00:36:56.787451+00:00,1442,6
2024-05-10 00:36:56.832349+00:00,1758,3
2024-05-10 00:36:57.004288+00:00,1383,109
2024-05-10 00:36:57.583936+00:00,1413,3
2024-05-10 00:36:57.584915+00:00,1264,6
2024-05-10 00:36:57.586008+00:00,1573,10
2024-05-10 00:36:57.753621+00:00,1493,3
2024-05-10 00:36:57.754337+00:00,1384,7
2024-05-10 00:36:57.894557+00:00,1621,3
2024-05-10 00:36:58.257082+00:00,1387,4
2024-05-10 00:36:58.333725+00:00,1242,5
2024-05-10 00:36:58.383693+00:00,1623,3
2024-05-10 00:36:58.889218+00:00,2011,3
2024-05-10 00:36:58.891502+00:00,1623,7
2024-05-10 00:36:59.002825+00:00,1388,7
2024-05-10 00:36:59.253309+00:00,1388,32
2024-05-10 00:36:59.280895+00:00,2011,6
2024-05-10 00:36:59.290900+00:00,1753,73
2024-05-10 00:36:59.510010+00:00,1389,34
2024-05-10 00:36:59.586413+00:00,1411,7
2024-05-10 00:36:59.632737+00:00,1625,5
2024-05-10 00:36:59.776657+00:00,2013,7
2024-05-10 00:37:00.159834+00:00,1047,2
2024-05-10 00:37:00.638110+00:00,1749,14
2024-05-10 00:37:00.839299+00:00,1683,2
2024-05-10 00:37:00.839918+00:00,1414,4
2024-05-10 00:37:00.888859+00:00,1749,14
2024-05-10 00:37:00.891896+00:00,1622,1
2024-05-10 00:37:01.161667+00:00,1047,1
2024-05-10 00:37:01.753878+00:00,1389,43
2024-05-10 00:37:01.838736+00:00,1247,2
2024-05-10 00:37:01.882978+00:00,1073,4
2024-05-10 00:37:02.038329+00:00,1263,7
2024-05-10 00:37:02.595609+00:00,1247,16
2024-05-10 00:37:02.762710+00:00,1634,59
2024-05-10 00:37:02.762902+00:00,1389,9
2024-05-10 00:37:02.882895+00:00,1074,1
2024-05-10 00:37:03.158126+00:00,1481,13
2024-05-10 00:37:03.506068+00:00,1391,1
2024-05-10 00:37:03.764687+00:00,1391,1
2024-05-10 00:37:03.775816+00:00,1464,3
2024-05-10 00:37:03.787458+00:00,1718,14
2024-05-10 00:37:04.007862+00:00,1024,85
2024-05-10 00:37:04.010725+00:00,1391,4
2024-05-10 00:37:04.154846+00:00,1118,6
2024-05-10 00:37:04.408697+00:00,1047,27
2024-05-10 00:37:04.588496+00:00,2019,1
2024-05-10 00:37:04.758347+00:00,1391,4
2024-05-10 00:37:04.835678+00:00,2019,1
2024-05-10 00:37:05.089434+00:00,1134,54
2024-05-10 00:37:05.133144+00:00,1628,1
2024-05-10 00:37:05.257747+00:00,1392,4
2024-05-10 00:37:06.007567+00:00,1391,4
2024-05-10 00:37:06.632063+00:00,1635,2
2024-05-10 00:37:06.786833+00:00,1760,6
2024-05-10 00:37:07.082216+00:00,1694,3
2024-05-10 00:37:07.157281+00:00,1969,6
2024-05-10 00:37:07.405623+00:00,1969,8
2024-05-10 00:37:07.641409+00:00,1672,16
2024-05-10 00:37:07.903800+00:00,1969,1
2024-05-10 00:37:07.904573+00:00,1969,1
2024-05-10 00:37:08.132066+00:00,1062,1
2024-05-10 00:37:08.384910+00:00,1063,10
2024-05-10 00:37:08.412800+00:00,1972,4
2024-05-10 00:37:08.507517+00:00,1302,21
2024-05-10 00:37:08.537327+00:00,1546,13
2024-05-10 00:37:08.788263+00:00,1486,17
2024-05-10 00:37:08.908627+00:00,1052,64
2024-05-10 00:37:09.334850+00:00,1737,69
2024-05-10 00:37:09.408614+00:00,1973,5
2024-05-10 00:37:09.410009+00:00,1703,7
2024-05-10 00:37:09.584132+00:00,2020,1
2024-05-10 00:37:09.643708+00:00,1303,1
2024-05-10 00:37:09.787588+00:00,1447,255
2024-05-10 00:37:09.908199+00:00,1703,17
2024-05-10 00:37:10.007327+00:00,1393,1
2024-05-10 00:37:10.038820+00:00,1449,7
2024-05-10 00:37:10.040189+00:00,1303,4
2024-05-10 00:37:10.257922+00:00,1393,3
2024-05-10 00:37:10.288763+00:00,1303,13
2024-05-10 00:37:10.760564+00:00,1393,4
2024-05-10 00:37:10.788659+00:00,1765,220
2024-05-10 00:37:10.791171+00:00,1303,13
2024-05-10 00:37:11.154980+00:00,1974,3
2024-05-10 00:37:11.254090+00:00,1393,4
2024-05-10 00:37:11.287043+00:00,1727,5
2024-05-10 00:37:11.406959+00:00,1054,31
2024-05-10 00:37:11.503603+00:00,1394,1
2024-05-10 00:37:11.589003+00:00,1814,2
2024-05-10 00:37:11.756087+00:00,1395,1
2024-05-10 00:37:11.787388+00:00,1768,3
2024-05-10 00:37:11.790898+00:00,1303,17
2024-05-10 00:37:11.840486+00:00,1137,11
2024-05-10 00:37:12.031938+00:00,1110,12
2024-05-10 00:37:12.255585+00:00,1395,2
2024-05-10 00:37:12.294987+00:00,1455,57
2024-05-10 00:37:12.406777+00:00,1054,106
2024-05-10 00:37:12.508509+00:00,1395,1
2024-05-10 00:37:12.538640+00:00,1304,1
2024-05-10 00:37:12.643126+00:00,1692,17
2024-05-10 00:37:12.756170+00:00,1395,1
2024-05-10 00:37:12.789254+00:00,1304,2
2024-05-10 00:37:13.538432+00:00,1423,1
2024-05-10 00:37:13.597078+00:00,1736,19
2024-05-10 00:37:13.634289+00:00,1695,18
2024-05-10 00:37:13.764543+00:00,1395,2
2024-05-10 00:37:14.019526+00:00,1972,9
2024-05-10 00:37:14.039957+00:00,1305,4
2024-05-10 00:37:14.521097+00:00,1974,24
2024-05-10 00:37:14.635318+00:00,1924,3
2024-05-10 00:37:14.636903+00:00,1531,9
2024-05-10 00:37:15.505524+00:00,1395,2
2024-05-10 00:37:15.517447+00:00,1464,3
2024-05-10 00:37:15.635862+00:00,1696,15
2024-05-10 00:37:16.271917+00:00,1464,3
2024-05-10 00:37:16.277740+00:00,1975,5
2024-05-10 00:37:16.534484+00:00,1975,9
2024-05-10 00:37:16.782923+00:00,1975,8
2024-05-10 00:37:17.274499+00:00,1464,3
2024-05-10 00:37:17.291926+00:00,1303,20
2024-05-10 00:37:17.383959+00:00,1925,3
2024-05-10 00:37:17.538606+00:00,1543,118
2024-05-10 00:37:17.791936+00:00,1303,1
2024-05-10 00:37:18.004723+00:00,1395,2
2024-05-10 00:37:18.024532+00:00,1479,18
2024-05-10 00:37:18.088004+00:00,1674,16
2024-05-10 00:37:18.156259+00:00,1079,1
2024-05-10 00:37:18.786793+00:00,1545,14
2024-05-10 00:37:18.843341+00:00,1458,4
2024-05-10 00:37:18.848127+00:00,1931,55
2024-05-10 00:37:19.278718+00:00,1114,33
2024-05-10 00:37:19.588634+00:00,1461,9
2024-05-10 00:37:19.788237+00:00,1304,13
2024-05-10 00:37:20.004968+00:00,1396,28
2024-05-10 00:37:20.283834+00:00,1479,11
2024-05-10 00:37:20.777858+00:00,1112,10
2024-05-10 00:37:20.838070+00:00,1573,6
2024-05-10 00:37:21.038339+00:00,1546,1
2024-05-10 00:37:21.288013+00:00,1546,12
2024-05-10 00:37:21.289428+00:00,1306,11
2024-05-10 00:37:21.888779+00:00,1910,62
2024-05-10 00:37:22.299423+00:00,1548,10
2024-05-10 00:37:22.303379+00:00,1316,48
2024-05-10 00:37:22.385027+00:00,1911,3
2024-05-10 00:37:22.591978+00:00,1675,103
2024-05-10 00:37:22.659125+00:00,1083,1
2024-05-10 00:37:22.758241+00:00,1085,11
2024-05-10 00:37:23.009080+00:00,1634,21
2024-05-10 00:37:23.047823+00:00,1316,130
2024-05-10 00:37:23.096532+00:00,1675,24
2024-05-10 00:37:23.505276+00:00,1397,49
2024-05-10 00:37:23.544738+00:00,1549,5
2024-05-10 00:37:23.757213+00:00,1636,3
2024-05-10 00:37:24.525556+00:00,1114,8
2024-05-10 00:37:24.590893+00:00,1698,3
2024-05-10 00:37:24.795137+00:00,1547,14
2024-05-10 00:37:25.256647+00:00,1486,8
2024-05-10 00:37:25.341079+00:00,1464,39
2024-05-10 00:37:25.547645+00:00,1457,1
2024-05-10 00:37:25.548209+00:00,1548,10
2024-05-10 00:37:25.548455+00:00,1791,2
2024-05-10 00:37:25.755929+00:00,1487,4
2024-05-10 00:37:26.004491+00:00,1642,3
2024-05-10 00:37:26.288001+00:00,1549,9
2024-05-10 00:37:26.346437+00:00,2021,3
2024-05-10 00:37:26.353260+00:00,1436,8
2024-05-10 00:37:26.505675+00:00,1488,8
2024-05-10 00:37:26.584541+00:00,2021,3
2024-05-10 00:37:27.010840+00:00,1468,9
2024-05-10 00:37:27.013404+00:00,1401,126
2024-05-10 00:37:27.100849+00:00,1438,8
2024-05-10 00:37:27.340538+00:00,1220,1
2024-05-10 00:37:27.537957+00:00,1550,3
2024-05-10 00:37:27.539715+00:00,1792,9
2024-05-10 00:37:27.588651+00:00,1220,6
2024-05-10 00:37:28.523629+00:00,1401,11
2024-05-10 00:37:28.776231+00:00,2004,7
2024-05-10 00:37:28.793196+00:00,1552,1
2024-05-10 00:37:29.008405+00:00,1489,2
2024-05-10 00:37:29.030803+00:00,2004,7
2024-05-10 00:37:29.039269+00:00,1552,1
2024-05-10 00:37:29.289218+00:00,1553,1
2024-05-10 00:37:30.038256+00:00,1425,5
2024-05-10 00:37:30.152815+00:00,1398,47
2024-05-10 00:37:31.153284+00:00,1089,1
2024-05-10 00:37:32.832235+00:00,1680,32
2024-05-10 00:37:33.010274+00:00,2047,1
2024-05-10 00:37:33.332964+00:00,1680,86
2024-05-10 00:37:33.759238+00:00,1490,4
2024-05-10 00:37:33.777143+00:00,1647,12
2024-05-10 00:37:34.038644+00:00,1349,2
2024-05-10 00:37:34.381501+00:00,1620,6
2024-05-10 00:37:35.289391+00:00,1349,8
2024-05-10 00:37:35.759842+00:00,1490,6
2024-05-10 00:37:36.151420+00:00,1240,1
2024-05-10 00:37:36.256936+00:00,1491,1
2024-05-10 00:37:36.508963+00:00,1492,9
2024-05-10 00:37:36.539353+00:00,1718,16
2024-05-10 00:37:37.131110+00:00,1413,3
2024-05-10 00:37:37.153566+00:00,1800,1
2024-05-10 00:37:37.252930+00:00,1492,9
2024-05-10 00:37:37.382450+00:00,1501,3
2024-05-10 00:37:38.763462+00:00,1038,1
2024-05-10 00:37:38.792301+00:00,1785,8
2024-05-10 00:37:38.904078+00:00,1810,1
2024-05-10 00:37:39.008004+00:00,1494,7
2024-05-10 00:37:39.042931+00:00,1408,3
2024-05-10 00:37:39.085518+00:00,1558,25
2024-05-10 00:37:39.509846+00:00,1496,5
2024-05-10 00:37:39.837169+00:00,1558,73
2024-05-10 00:37:40.082036+00:00,1683,21
2024-05-10 00:37:40.254789+00:00,1496,6
2024-05-10 00:37:40.520062+00:00,1422,19
2024-05-10 00:37:40.790912+00:00,1546,5
2024-05-10 00:37:41.082988+00:00,1684,10
2024-05-10 00:37:41.135467+00:00,1619,27
2024-05-10 00:37:41.288295+00:00,1555,5
2024-05-10 00:37:41.584770+00:00,1558,370
2024-05-10 00:37:41.885473+00:00,1759,2
2024-05-10 00:37:41.885978+00:00,1639,12
2024-05-10 00:37:42.538624+00:00,1555,4
2024-05-10 00:37:42.654720+00:00,1282,8
2024-05-10 00:37:42.774131+00:00,1425,62
2024-05-10 00:37:43.008490+00:00,1401,46
2024-05-10 00:37:43.131606+00:00,1400,3
2024-05-10 00:37:43.274120+00:00,1425,9
2024-05-10 00:37:43.509881+00:00,1402,5
2024-05-10 00:37:43.787386+00:00,1556,2
2024-05-10 00:37:44.536508+00:00,1996,3
2024-05-10 00:37:44.657596+00:00,1477,20
2024-05-10 00:37:44.754984+00:00,1930,3
2024-05-10 00:37:45.156851+00:00,1479,8
2024-05-10 00:37:45.656606+00:00,1479,18
2024-05-10 00:37:45.754014+00:00,1035,2
2024-05-10 00:37:45.775162+00:00,1422,3
2024-05-10 00:37:46.254629+00:00,1403,15
2024-05-10 00:37:46.287725+00:00,1401,3
2024-05-10 00:37:46.634311+00:00,1759,6
2024-05-10 00:37:47.002236+00:00,1242,11
2024-05-10 00:37:47.002993+00:00,1404,7
2024-05-10 00:37:47.043590+00:00,1998,9
2024-05-10 00:37:47.524136+00:00,1305,10
2024-05-10 00:37:48.023140+00:00,1998,9
2024-05-10 00:37:48.082170+00:00,2020,3
2024-05-10 00:37:48.157449+00:00,1480,19
2024-05-10 00:37:48.253259+00:00,1550,3
2024-05-10 00:37:48.381120+00:00,1759,13
2024-05-10 00:37:48.630896+00:00,1645,1
2024-05-10 00:37:48.755685+00:00,1406,6
2024-05-10 00:37:49.017576+00:00,1425,2
2024-05-10 00:37:49.083080+00:00,2021,2
2024-05-10 00:37:49.658913+00:00,1483,42
2024-05-10 00:37:49.772940+00:00,2002,5
2024-05-10 00:37:50.004364+00:00,1930,28
2024-05-10 00:37:50.536757+00:00,1457,31
2024-05-10 00:37:50.662921+00:00,1091,17
2024-05-10 00:37:50.753648+00:00,1305,55
2024-05-10 00:37:50.907134+00:00,1485,22
2024-05-10 00:37:51.286572+00:00,1457,1
2024-05-10 00:37:51.657518+00:00,1481,48
2024-05-10 00:37:52.138552+00:00,1837,14
2024-05-10 00:37:52.163392+00:00,1793,1
2024-05-10 00:37:52.291169+00:00,1748,2
2024-05-10 00:37:52.411581+00:00,1793,15
2024-05-10 00:37:52.502612+00:00,1407,1
2024-05-10 00:37:52.503304+00:00,1407,1
2024-05-10 00:37:52.632949+00:00,1837,108
2024-05-10 00:37:52.770633+00:00,2006,30
2024-05-10 00:37:53.253075+00:00,1407,1
2024-05-10 00:37:53.254979+00:00,1933,25
2024-05-10 00:37:53.411349+00:00,1795,13
2024-05-10 00:37:53.504845+00:00,1408,9
2024-05-10 00:37:53.752488+00:00,1702,12
2024-05-10 00:37:54.503741+00:00,1702,13
2024-05-10 00:37:54.506632+00:00,1932,28
2024-05-10 00:37:54.904961+00:00,1497,12
2024-05-10 00:37:55.004773+00:00,1933,16
2024-05-10 00:37:55.256907+00:00,1690,14
2024-05-10 00:37:55.761001+00:00,1976,9
2024-05-10 00:37:56.013215+00:00,1408,262
2024-05-10 00:37:56.013790+00:00,1411,3
2024-05-10 00:37:56.152119+00:00,1807,72
2024-05-10 00:37:56.765093+00:00,1410,3
2024-05-10 00:37:57.261617+00:00,1935,12
2024-05-10 00:37:57.401408+00:00,1196,16
2024-05-10 00:37:57.651283+00:00,1126,4
2024-05-10 00:37:57.765026+00:00,1935,23
2024-05-10 00:37:57.765841+00:00,1411,49
2024-05-10 00:37:58.154954+00:00,1797,18
2024-05-10 00:37:58.332877+00:00,1531,1
2024-05-10 00:37:58.511542+00:00,1411,52
2024-05-10 00:37:58.584655+00:00,1273,3
2024-05-10 00:37:58.644457+00:00,1597,12
2024-05-10 00:37:58.756156+00:00,1413,1
2024-05-10 00:37:58.789768+00:00,1047,1
2024-05-10 00:37:59.157508+00:00,1101,9
2024-05-10 00:37:59.517838+00:00,1413,43
2024-05-10 00:37:59.654848+00:00,1161,14
2024-05-10 00:37:59.793935+00:00,1047,1
2024-05-10 00:38:00.265930+00:00,1414,235
2024-05-10 00:38:00.293755+00:00,2040,4
2024-05-10 00:38:00.544799+00:00,1391,3
2024-05-10 00:38:01.152867+00:00,1812,2
2024-05-10 00:38:01.510435+00:00,1028,2
2024-05-10 00:38:01.790814+00:00,1391,3
2024-05-10 00:38:02.136631+00:00,1597,13
2024-05-10 00:38:02.411299+00:00,1229,2
2024-05-10 00:38:02.523849+00:00,1110,11
2024-05-10 00:38:02.907399+00:00,1534,13
2024-05-10 00:38:03.165182+00:00,1110,163
2024-05-10 00:38:03.510531+00:00,1938,23
2024-05-10 00:38:03.635976+00:00,2017,2
2024-05-10 00:38:03.638159+00:00,1656,72
2024-05-10 00:38:04.290515+00:00,1467,14
2024-05-10 00:38:05.544472+00:00,1133,312
2024-05-10 00:38:07.089987+00:00,1972,14
2024-05-10 00:38:07.507664+00:00,1942,4
2024-05-10 00:38:07.590639+00:00,1236,2
2024-05-10 00:38:07.836351+00:00,1817,3
2024-05-10 00:38:08.040931+00:00,1629,4
2024-05-10 00:38:08.754771+00:00,1034,1
2024-05-10 00:38:09.040025+00:00,1815,9
2024-05-10 00:38:09.269990+00:00,1989,1
2024-05-10 00:38:09.523072+00:00,1988,2
2024-05-10 00:38:09.654331+00:00,1129,4
2024-05-10 00:38:09.754791+00:00,1946,14
2024-05-10 00:38:09.790592+00:00,1819,1
2024-05-10 00:38:09.880878+00:00,1329,1
2024-05-10 00:38:09.903987+00:00,1817,3
2024-05-10 00:38:10.043752+00:00,1482,3
2024-05-10 00:38:10.134991+00:00,1329,16
2024-05-10 00:38:10.135885+00:00,1329,17
2024-05-10 00:38:10.274003+00:00,2002,1
2024-05-10 00:38:10.521011+00:00,2002,4
2024-05-10 00:38:10.769136+00:00,1946,17
2024-05-10 00:38:10.834990+00:00,1752,3
2024-05-10 00:38:10.880740+00:00,1330,14
2024-05-10 00:38:10.881590+00:00,1330,14
2024-05-10 00:38:11.019025+00:00,1649,12
2024-05-10 00:38:11.253823+00:00,1946,19
2024-05-10 00:38:11.382251+00:00,1330,12
2024-05-10 00:38:11.787883+00:00,1820,2
2024-05-10 00:38:12.158591+00:00,1126,16
2024-05-10 00:38:12.543502+00:00,1943,2
2024-05-10 00:38:13.008619+00:00,1948,52
2024-05-10 00:38:13.517729+00:00,1644,1
2024-05-10 00:38:13.753353+00:00,1061,1
2024-05-10 00:38:14.003937+00:00,1062,1
2024-05-10 00:38:14.582604+00:00,1755,1
2024-05-10 00:38:14.756503+00:00,1647,4
2024-05-10 00:38:15.287684+00:00,1464,3
2024-05-10 00:38:15.386597+00:00,1861,3
2024-05-10 00:38:15.890759+00:00,1177,17
2024-05-10 00:38:16.037988+00:00,1769,14
2024-05-10 00:38:16.633314+00:00,1591,5
2024-05-10 00:38:16.786908+00:00,1038,92
2024-05-10 00:38:17.029987+00:00,2008,3
2024-05-10 00:38:17.255509+00:00,1644,13
2024-05-10 00:38:17.291748+00:00,1800,9
2024-05-10 00:38:17.792157+00:00,1802,4
2024-05-10 00:38:18.755188+00:00,1101,2
2024-05-10 00:38:19.291925+00:00,1039,431
2024-05-10 00:38:19.584696+00:00,1584,2
2024-05-10 00:38:19.832029+00:00,1584,2
2024-05-10 00:38:19.902191+00:00,2027,9
2024-05-10 00:38:20.153192+00:00,1416,5
2024-05-10 00:38:20.254031+00:00,1042,1
2024-05-10 00:38:20.786813+00:00,1427,3
2024-05-10 00:38:20.900344+00:00,2028,5
2024-05-10 00:38:21.039035+00:00,1633,4
2024-05-10 00:38:21.286895+00:00,1429,1
2024-05-10 00:38:21.652334+00:00,1138,20
2024-05-10 00:38:21.898427+00:00,1131,1
2024-05-10 00:38:22.084329+00:00,1810,3
2024-05-10 00:38:22.291025+00:00,2033,3
2024-05-10 00:38:22.504225+00:00,1987,8
2024-05-10 00:38:22.791717+00:00,1414,3
2024-05-10 00:38:23.038148+00:00,1438,3
2024-05-10 00:38:23.787032+00:00,2033,3
2024-05-10 00:38:23.901314+00:00,2032,3
2024-05-10 00:38:24.402973+00:00,1141,3
2024-05-10 00:38:24.507650+00:00,1499,2
2024-05-10 00:38:24.518419+00:00,1378,4
2024-05-10 00:38:24.634380+00:00,1749,12
2024-05-10 00:38:25.760156+00:00,1500,17
2024-05-10 00:38:26.288056+00:00,1637,1
2024-05-10 00:38:26.540518+00:00,1637,2
2024-05-10 00:38:27.154371+00:00,1637,2
2024-05-10 00:38:27.541058+00:00,2039,8
2024-05-10 00:38:27.633429+00:00,1757,12
2024-05-10 00:38:27.762772+00:00,1503,16
2024-05-10 00:38:27.789305+00:00,1398,18
2024-05-10 00:38:28.017736+00:00,1660,1
2024-05-10 00:38:28.506606+00:00,1505,15
2024-05-10 00:38:29.008029+00:00,1506,18
2024-05-10 00:38:29.514141+00:00,1507,22
2024-05-10 00:38:29.542656+00:00,1919,10
2024-05-10 00:38:29.634980+00:00,1180,7
2024-05-10 00:38:29.636504+00:00,1359,3
2024-05-10 00:38:30.008154+00:00,1508,18
2024-05-10 00:38:30.040856+00:00,1919,19
2024-05-10 00:38:30.092737+00:00,1441,3
2024-05-10 00:38:30.788451+00:00,1194,1
2024-05-10 00:38:31.017910+00:00,1417,3
2024-05-10 00:38:31.134019+00:00,1183,3
2024-05-10 00:38:31.153332+00:00,1709,4
2024-05-10 00:38:31.766469+00:00,1028,12
2024-05-10 00:38:31.882920+00:00,1183,2
2024-05-10 00:38:32.380832+00:00,1186,1
2024-05-10 00:38:32.406656+00:00,1370,11
2024-05-10 00:38:32.503127+00:00,1955,34
2024-05-10 00:38:32.637831+00:00,1561,7
2024-05-10 00:38:34.281543+00:00,2009,5
2024-05-10 00:38:34.412943+00:00,1235,1
2024-05-10 00:38:34.540220+00:00,2021,13
2024-05-10 00:38:34.631660+00:00,1706,38
2024-05-10 00:38:34.661234+00:00,1033,46
2024-05-10 00:38:34.664259+00:00,1641,9
2024-05-10 00:38:34.768113+00:00,1422,1
2024-05-10 00:38:34.882492+00:00,1034,12
2024-05-10 00:38:35.130603+00:00,1187,5
2024-05-10 00:38:35.132513+00:00,1710,9
2024-05-10 00:38:35.630798+00:00,1189,3
2024-05-10 00:38:35.755786+00:00,1239,18
2024-05-10 00:38:36.131194+00:00,1564,8
2024-05-10 00:38:36.634746+00:00,1567,18
2024-05-10 00:38:36.754291+00:00,1242,24
2024-05-10 00:38:37.634910+00:00,1124,55
2024-05-10 00:38:37.755229+00:00,1977,17
2024-05-10 00:38:38.881874+00:00,1569,3
2024-05-10 00:38:38.903322+00:00,1813,3
2024-05-10 00:38:39.136507+00:00,1596,3
2024-05-10 00:38:39.508368+00:00,1242,18
2024-05-10 00:38:40.028318+00:00,1569,7
2024-05-10 00:38:40.258422+00:00,1243,13
2024-05-10 00:38:41.404422+00:00,1642,2
2024-05-10 00:38:41.912712+00:00,1831,211
2024-05-10 00:38:42.004487+00:00,1810,25
2024-05-10 00:38:43.599600+00:00,1103,23
2024-05-10 00:38:43.844926+00:00,1868,142
2024-05-10 00:38:43.910492+00:00,1231,6
2024-05-10 00:38:44.154700+00:00,1231,1
2024-05-10 00:38:44.340043+00:00,1758,168
2024-05-10 00:38:45.537189+00:00,1889,1
2024-05-10 00:38:46.036914+00:00,1889,3
2024-05-10 00:38:46.137132+00:00,1748,16
2024-05-10 00:38:46.288533+00:00,1524,5
2024-05-10 00:38:46.786526+00:00,1187,1
2024-05-10 00:38:47.160863+00:00,1641,28
2024-05-10 00:38:47.342771+00:00,1869,15
2024-05-10 00:38:48.085908+00:00,1869,2
2024-05-10 00:38:48.655282+00:00,1643,43
2024-05-10 00:38:49.096638+00:00,1814,25
2024-05-10 00:38:49.345153+00:00,1854,1
2024-05-10 00:38:49.654988+00:00,1644,1
2024-05-10 00:38:49.834976+00:00,1852,18
2024-05-10 00:38:49.880916+00:00,1400,1
2024-05-10 00:38:50.133927+00:00,1400,1
2024-05-10 00:38:50.134651+00:00,1036,15
2024-05-10 00:38:50.338996+00:00,1752,14
2024-05-10 00:38:50.384110+00:00,1329,18
2024-05-10 00:38:50.538306+00:00,1037,12
2024-05-10 00:38:50.585993+00:00,1854,2
2024-05-10 00:38:50.630789+00:00,1329,1
2024-05-10 00:38:50.652137+00:00,1646,2
2024-05-10 00:38:51.093097+00:00,1854,2
2024-05-10 00:38:51.287369+00:00,1890,3
2024-05-10 00:38:51.342099+00:00,1752,14
2024-05-10 00:38:51.382843+00:00,1330,9
2024-05-10 00:38:51.403991+00:00,1645,3
2024-05-10 00:38:51.404106+00:00,1231,6
2024-05-10 00:38:51.503454+00:00,1038,13
2024-05-10 00:38:51.521575+00:00,1962,64
2024-05-10 00:38:51.631453+00:00,1330,16
2024-05-10 00:38:51.881420+00:00,1333,15
2024-05-10 00:38:52.085099+00:00,1854,2
2024-05-10 00:38:52.131558+00:00,2021,4
2024-05-10 00:38:52.152552+00:00,1644,3
2024-05-10 00:38:52.252625+00:00,1826,2
2024-05-10 00:38:52.290520+00:00,1474,5
2024-05-10 00:38:52.634464+00:00,2021,4
2024-05-10 00:38:52.656895+00:00,1646,1
2024-05-10 00:38:52.754420+00:00,1039,14
2024-05-10 00:38:52.883358+00:00,1334,30
2024-05-10 00:38:53.089353+00:00,1857,2
2024-05-10 00:38:53.152981+00:00,1646,4
2024-05-10 00:38:53.591049+00:00,1855,1
2024-05-10 00:38:53.651987+00:00,1231,12
2024-05-10 00:38:54.005437+00:00,1132,2
2024-05-10 00:38:54.652268+00:00,1647,3
2024-05-10 00:38:54.837616+00:00,1609,21
2024-05-10 00:38:55.005937+00:00,1247,1
2024-05-10 00:38:55.262681+00:00,1826,1
2024-05-10 00:38:55.288116+00:00,1047,4
2024-05-10 00:38:55.335346+00:00,1664,18
2024-05-10 00:38:55.401514+00:00,1558,2
2024-05-10 00:38:55.652704+00:00,1072,47
2024-05-10 00:38:55.756177+00:00,1826,3
2024-05-10 00:38:56.005546+00:00,1826,8
2024-05-10 00:38:56.022630+00:00,1558,46
2024-05-10 00:38:56.400646+00:00,1648,1
2024-05-10 00:38:56.632258+00:00,1045,159
2024-05-10 00:38:56.882205+00:00,1337,51
2024-05-10 00:38:57.257546+00:00,1828,1
2024-05-10 00:38:57.266693+00:00,1973,1
2024-05-10 00:38:57.588092+00:00,1753,10
2024-05-10 00:38:57.766812+00:00,1974,12
2024-05-10 00:38:58.016871+00:00,1420,26
2024-05-10 00:38:58.082838+00:00,1609,14
2024-05-10 00:38:58.086552+00:00,1753,1
2024-05-10 00:38:58.266995+00:00,1424,5
2024-05-10 00:38:58.332946+00:00,1608,3
2024-05-10 00:38:58.337516+00:00,1632,2
2024-05-10 00:38:58.383334+00:00,1345,60
2024-05-10 00:38:58.516708+00:00,1424,5
2024-05-10 00:38:58.586244+00:00,1760,13
2024-05-10 00:38:58.586567+00:00,1753,26
2024-05-10 00:38:58.906393+00:00,1075,41
2024-05-10 00:38:59.332859+00:00,1608,3
2024-05-10 00:38:59.335497+00:00,1754,54
2024-05-10 00:38:59.411968+00:00,1210,31
2024-05-10 00:38:59.514915+00:00,1247,1
2024-05-10 00:38:59.630477+00:00,1056,8
2024-05-10 00:39:00.032673+00:00,1558,83
2024-05-10 00:39:00.093659+00:00,1756,35
2024-05-10 00:39:00.133951+00:00,1057,7
2024-05-10 00:39:00.753987+00:00,1125,3
2024-05-10 00:39:01.017722+00:00,1558,26
2024-05-10 00:39:01.018646+00:00,1424,4
2024-05-10 00:39:01.131890+00:00,1354,33
2024-05-10 00:39:01.517107+00:00,1425,4
2024-05-10 00:39:01.526652+00:00,1966,9
2024-05-10 00:39:01.767269+00:00,1558,172
2024-05-10 00:39:02.082206+00:00,1631,3
2024-05-10 00:39:02.407596+00:00,1530,19
2024-05-10 00:39:02.410858+00:00,1349,91
2024-05-10 00:39:02.518805+00:00,1558,81
2024-05-10 00:39:02.906897+00:00,1532,3
2024-05-10 00:39:02.909612+00:00,1213,19
2024-05-10 00:39:03.131464+00:00,1046,21
2024-05-10 00:39:03.159135+00:00,1532,17
2024-05-10 00:39:03.267006+00:00,1640,15
2024-05-10 00:39:03.407712+00:00,1349,93
2024-05-10 00:39:03.523138+00:00,1084,9
2024-05-10 00:39:03.658517+00:00,1215,50
2024-05-10 00:39:04.084074+00:00,1698,15
2024-05-10 00:39:04.130651+00:00,1364,6
2024-05-10 00:39:04.158561+00:00,1214,35
2024-05-10 00:39:04.381680+00:00,1365,4
2024-05-10 00:39:04.382425+00:00,1047,6
2024-05-10 00:39:04.774952+00:00,1083,7
2024-05-10 00:39:04.775750+00:00,1963,7
2024-05-10 00:39:04.833585+00:00,1631,4
2024-05-10 00:39:04.833721+00:00,1832,9
2024-05-10 00:39:04.911415+00:00,1213,49
2024-05-10 00:39:05.087318+00:00,1615,6
2024-05-10 00:39:05.130944+00:00,1365,4
2024-05-10 00:39:05.131638+00:00,1225,4
2024-05-10 00:39:05.383904+00:00,1365,4
2024-05-10 00:39:05.537035+00:00,1430,93
2024-05-10 00:39:05.885306+00:00,1366,2
2024-05-10 00:39:06.136677+00:00,1366,2
2024-05-10 00:39:06.164139+00:00,1214,26
2024-05-10 00:39:06.382379+00:00,1366,2
2024-05-10 00:39:06.413850+00:00,1534,68
2024-05-10 00:39:06.518488+00:00,1964,4
2024-05-10 00:39:06.654105+00:00,1349,133
2024-05-10 00:39:06.655053+00:00,1214,49
2024-05-10 00:39:06.885958+00:00,1366,2
2024-05-10 00:39:07.037684+00:00,1890,2
2024-05-10 00:39:07.136350+00:00,1366,2
2024-05-10 00:39:07.137460+00:00,1366,2
2024-05-10 00:39:07.270637+00:00,1964,8
2024-05-10 00:39:07.657992+00:00,1352,9
2024-05-10 00:39:07.883128+00:00,1049,1
2024-05-10 00:39:07.907765+00:00,1354,17
2024-05-10 00:39:08.278955+00:00,1964,1
2024-05-10 00:39:08.522195+00:00,1964,6
2024-05-10 00:39:08.634088+00:00,1048,5
2024-05-10 00:39:09.140051+00:00,1049,1
2024-05-10 00:39:09.277095+00:00,1964,5
2024-05-10 00:39:09.339570+00:00,1757,16
2024-05-10 00:39:09.407693+00:00,1355,1
2024-05-10 00:39:09.631991+00:00,1836,1
2024-05-10 00:39:09.908089+00:00,1355,12
2024-05-10 00:39:10.137614+00:00,1191,4
2024-05-10 00:39:10.252833+00:00,1586,5
2024-05-10 00:39:10.334193+00:00,1773,14
2024-05-10 00:39:10.334964+00:00,1868,2
2024-05-10 00:39:10.586802+00:00,1773,14
2024-05-10 00:39:10.655449+00:00,1214,37
2024-05-10 00:39:10.784283+00:00,1964,6
2024-05-10 00:39:10.883114+00:00,1191,6
2024-05-10 00:39:11.286935+00:00,1040,14
2024-05-10 00:39:11.537930+00:00,1436,45
2024-05-10 00:39:11.633514+00:00,1050,2
2024-05-10 00:39:11.884723+00:00,2018,13
2024-05-10 00:39:11.907445+00:00,1936,33
2024-05-10 00:39:12.085311+00:00,1757,16
2024-05-10 00:39:12.154377+00:00,1981,1
2024-05-10 00:39:12.523389+00:00,1942,5
2024-05-10 00:39:12.641860+00:00,1834,7
2024-05-10 00:39:13.537856+00:00,1966,12
2024-05-10 00:39:14.144487+00:00,1337,19
2024-05-10 00:39:14.335429+00:00,1337,172
2024-05-10 00:39:14.389009+00:00,1058,1
2024-05-10 00:39:14.584288+00:00,2013,3
2024-05-10 00:39:14.658676+00:00,1216,18
2024-05-10 00:39:14.831937+00:00,1618,7
2024-05-10 00:39:14.891181+00:00,1337,172
2024-05-10 00:39:15.166309+00:00,1217,23
2024-05-10 00:39:15.412500+00:00,1217,11
2024-05-10 00:39:15.881230+00:00,1412,5
2024-05-10 00:39:15.917018+00:00,1217,45
2024-05-10 00:39:16.086075+00:00,1774,1
2024-05-10 00:39:16.130654+00:00,2025,9
2024-05-10 00:39:16.278266+00:00,1967,1
2024-05-10 00:39:16.336508+00:00,1774,1
2024-05-10 00:39:16.548157+00:00,1479,3
2024-05-10 00:39:16.631293+00:00,1057,18
2024-05-10 00:39:16.778944+00:00,1967,6
2024-05-10 00:39:17.082793+00:00,1774,56
2024-05-10 00:39:17.131591+00:00,2026,9
2024-05-10 00:39:17.132034+00:00,1306,2
2024-05-10 00:39:17.159348+00:00,1781,55
2024-05-10 00:39:17.553564+00:00,1425,3
2024-05-10 00:39:17.669071+00:00,1219,33
2024-05-10 00:39:17.670991+00:00,1783,1
2024-05-10 00:39:17.881849+00:00,2026,10
2024-05-10 00:39:18.158013+00:00,1784,10
2024-05-10 00:39:18.158238+00:00,1219,58
2024-05-10 00:39:18.333420+00:00,1173,17
2024-05-10 00:39:18.586288+00:00,1173,13
2024-05-10 00:39:18.630878+00:00,1416,2
2024-05-10 00:39:19.094791+00:00,1173,12
2024-05-10 00:39:19.097745+00:00,1777,14
2024-05-10 00:39:19.653748+00:00,1785,4
2024-05-10 00:39:19.836465+00:00,1174,8
2024-05-10 00:39:19.901958+00:00,1788,9
2024-05-10 00:39:20.051947+00:00,1425,106
2024-05-10 00:39:20.134627+00:00,1416,100
2024-05-10 00:39:20.154806+00:00,1789,1
2024-05-10 00:39:20.255198+00:00,1413,11
2024-05-10 00:39:20.333239+00:00,1758,3
2024-05-10 00:39:20.653097+00:00,1788,9
2024-05-10 00:39:21.085587+00:00,2035,9
2024-05-10 00:39:21.289693+00:00,1428,100
2024-05-10 00:39:21.336095+00:00,1177,7
2024-05-10 00:39:21.590129+00:00,1393,9
2024-05-10 00:39:22.335580+00:00,2038,3
2024-05-10 00:39:22.336853+00:00,1159,9
2024-05-10 00:39:22.590798+00:00,1178,12
2024-05-10 00:39:22.653015+00:00,1077,47
2024-05-10 00:39:22.775580+00:00,1446,5
2024-05-10 00:39:22.840355+00:00,2038,1
2024-05-10 00:39:22.842155+00:00,1634,2
2024-05-10 00:39:22.845151+00:00,1161,5
2024-05-10 00:39:23.152460+00:00,1654,30
2024-05-10 00:39:23.336946+00:00,2039,2
2024-05-10 00:39:23.587141+00:00,1795,13
2024-05-10 00:39:23.650311+00:00,1655,1
2024-05-10 00:39:23.841629+00:00,1795,14
2024-05-10 00:39:24.586869+00:00,1192,40
2024-05-10 00:39:25.404095+00:00,1653,217
2024-05-10 00:39:25.776442+00:00,1447,1
2024-05-10 00:39:26.156747+00:00,1655,1
2024-05-10 00:39:26.157306+00:00,1081,54
2024-05-10 00:39:26.159662+00:00,1242,1
2024-05-10 00:39:26.408284+00:00,1655,5
2024-05-10 00:39:26.411632+00:00,1243,5
2024-05-10 00:39:26.518214+00:00,1448,6
2024-05-10 00:39:26.658541+00:00,1656,2
2024-05-10 00:39:26.906865+00:00,1826,9
2024-05-10 00:39:26.909754+00:00,1242,7
2024-05-10 00:39:27.089357+00:00,1177,20
2024-05-10 00:39:27.151675+00:00,1657,4
2024-05-10 00:39:27.271529+00:00,1449,1
2024-05-10 00:39:27.523665+00:00,1449,2
2024-05-10 00:39:27.546077+00:00,1471,1
2024-05-10 00:39:27.656766+00:00,1827,1
2024-05-10 00:39:28.157347+00:00,1828,12
2024-05-10 00:39:28.292014+00:00,2028,5
2024-05-10 00:39:28.333832+00:00,1178,2
2024-05-10 00:39:28.405135+00:00,1660,85
2024-05-10 00:39:28.833930+00:00,1776,1
2024-05-10 00:39:28.908622+00:00,1661,1
2024-05-10 00:39:28.913069+00:00,1241,6
2024-05-10 00:39:29.162312+00:00,1660,229
2024-05-10 00:39:29.300516+00:00,1082,2
2024-05-10 00:39:29.301166+00:00,1475,5
2024-05-10 00:39:29.337166+00:00,1776,1
2024-05-10 00:39:29.403984+00:00,1242,5
2024-05-10 00:39:29.524594+00:00,1451,55
2024-05-10 00:39:29.833558+00:00,1776,33
2024-05-10 00:39:30.156363+00:00,1831,1
2024-05-10 00:39:30.406385+00:00,1831,3
2024-05-10 00:39:30.584105+00:00,1779,25
2024-05-10 00:39:30.656970+00:00,1087,48
2024-05-10 00:39:30.790429+00:00,1084,1
2024-05-10 00:39:30.889355+00:00,1584,9
2024-05-10 00:39:30.903785+00:00,1831,3
2024-05-10 00:39:31.333188+00:00,1179,3
2024-05-10 00:39:31.403819+00:00,1830,2
2024-05-10 00:39:31.523435+00:00,1033,1
2024-05-10 00:39:31.889953+00:00,1381,523
2024-05-10 00:39:32.002583+00:00,1206,3
2024-05-10 00:39:32.252512+00:00,1208,1
2024-05-10 00:39:32.390274+00:00,1383,2
2024-05-10 00:39:32.588945+00:00,1967,35
2024-05-10 00:39:32.643400+00:00,1383,2
2024-05-10 00:39:32.643805+00:00,2014,9
2024-05-10 00:39:32.662653+00:00,1835,171
2024-05-10 00:39:32.666052+00:00,1220,22
2024-05-10 00:39:32.833329+00:00,1819,14
2024-05-10 00:39:33.655947+00:00,1224,20
2024-05-10 00:39:33.833112+00:00,1964,3
2024-05-10 00:39:34.502690+00:00,1426,1
2024-05-10 00:39:36.403240+00:00,1193,5
2024-05-10 00:39:36.516618+00:00,1433,2
2024-05-10 00:39:36.542847+00:00,1817,2
2024-05-10 00:39:38.016696+00:00,1446,9
2024-05-10 00:39:38.157828+00:00,1229,19
2024-05-10 00:39:38.911484+00:00,1197,3
2024-05-10 00:39:39.132272+00:00,2030,3
2024-05-10 00:39:39.904779+00:00,1229,21
2024-05-10 00:39:42.156177+00:00,1234,24
2024-05-10 00:39:42.655511+00:00,1124,12
2024-05-10 00:39:44.153811+00:00,1728,1
2024-05-10 00:39:44.259141+00:00,1203,5
2024-05-10 00:39:44.293298+00:00,1923,25
2024-05-10 00:39:45.266239+00:00,1451,11
2024-05-10 00:39:45.406801+00:00,1728,229
2024-05-10 00:39:46.028658+00:00,1976,68
2024-05-10 00:39:46.767676+00:00,2000,9
2024-05-10 00:39:46.833475+00:00,1797,31
2024-05-10 00:39:46.907688+00:00,1730,54
2024-05-10 00:39:47.085505+00:00,1798,15
2024-05-10 00:39:47.262176+00:00,1207,140
2024-05-10 00:39:47.658037+00:00,1236,37
2024-05-10 00:39:47.836910+00:00,1800,55
2024-05-10 00:39:48.016976+00:00,2002,15
2024-05-10 00:39:48.082381+00:00,1630,4
2024-05-10 00:39:48.511419+00:00,1207,13
2024-05-10 00:39:48.902323+00:00,1237,1
2024-05-10 00:39:49.159213+00:00,1237,1
2024-05-10 00:39:49.402766+00:00,1585,2
2024-05-10 00:39:49.403379+00:00,1237,5
2024-05-10 00:39:49.661487+00:00,1237,25
2024-05-10 00:39:50.044058+00:00,1925,23
2024-05-10 00:39:50.154462+00:00,1573,51
2024-05-10 00:39:50.266579+00:00,2020,1
2024-05-10 00:39:50.403144+00:00,1573,6
2024-05-10 00:39:50.757188+00:00,1432,116
2024-05-10 00:39:50.904567+00:00,1988,1
2024-05-10 00:39:51.017874+00:00,1451,14
2024-05-10 00:39:51.155755+00:00,1241,16
2024-05-10 00:39:51.386419+00:00,1462,19
2024-05-10 00:39:51.405082+00:00,1989,1
2024-05-10 00:39:51.545015+00:00,1925,22
2024-05-10 00:39:52.405822+00:00,1586,1
2024-05-10 00:39:52.406262+00:00,1102,13
2024-05-10 00:39:52.507478+00:00,1499,3
2024-05-10 00:39:52.538873+00:00,1925,3
2024-05-10 00:39:52.907765+00:00,1243,15
2024-05-10 00:39:53.013581+00:00,1361,26
2024-05-10 00:39:53.017514+00:00,1452,7
2024-05-10 00:39:53.266482+00:00,1452,1
2024-05-10 00:39:53.516806+00:00,1452,7
2024-05-10 00:39:53.583338+00:00,1642,3
2024-05-10 00:39:54.017711+00:00,1452,7
2024-05-10 00:39:54.083600+00:00,1818,13
2024-05-10 00:39:54.084869+00:00,1812,18
2024-05-10 00:39:54.516775+00:00,2003,14
2024-05-10 00:39:54.584685+00:00,1813,18
2024-05-10 00:39:54.904809+00:00,1106,16
2024-05-10 00:39:55.038733+00:00,1342,1
2024-05-10 00:39:55.153698+00:00,1109,4
2024-05-10 00:39:55.504490+00:00,1212,1
2024-05-10 00:39:55.582819+00:00,1073,9
2024-05-10 00:39:56.514893+00:00,1212,10
2024-05-10 00:39:56.767012+00:00,1214,1
2024-05-10 00:39:57.152104+00:00,1110,15
2024-05-10 00:39:57.154204+00:00,1246,8
2024-05-10 00:39:57.402848+00:00,1091,9
2024-05-10 00:39:58.273777+00:00,1460,1
2024-05-10 00:39:58.590608+00:00,1419,19
2024-05-10 00:39:58.753007+00:00,1214,1
2024-05-10 00:39:59.087252+00:00,1819,3
2024-05-10 00:39:59.088590+00:00,1420,13
2024-05-10 00:39:59.275092+00:00,2018,5
2024-05-10 00:39:59.337859+00:00,1294,6
2024-05-10 00:39:59.583535+00:00,1828,3
2024-05-10 00:39:59.650571+00:00,1092,3
2024-05-10 00:39:59.754014+00:00,1378,2
2024-05-10 00:39:59.770668+00:00,1458,1
2024-05-10 00:39:59.771163+00:00,2019,7
2024-05-10 00:40:00.082877+00:00,1696,1
2024-05-10 00:40:00.084745+00:00,1819,33
2024-05-10 00:40:00.085035+00:00,1422,15
2024-05-10 00:40:00.138463+00:00,1072,10
2024-05-10 00:40:00.274085+00:00,2017,8
2024-05-10 00:40:00.333843+00:00,1963,3
2024-05-10 00:40:00.337383+00:00,1820,16
2024-05-10 00:40:00.338184+00:00,1099,5
2024-05-10 00:40:00.835753+00:00,1822,58
2024-05-10 00:40:00.893024+00:00,1074,8
2024-05-10 00:40:00.902133+00:00,1094,12
2024-05-10 00:40:01.082163+00:00,1966,2
2024-05-10 00:40:01.539073+00:00,1979,13
2024-05-10 00:40:01.586451+00:00,1102,4
2024-05-10 00:40:02.025223+00:00,2019,4
2024-05-10 00:40:02.084302+00:00,1820,51
2024-05-10 00:40:02.332302+00:00,1983,3
2024-05-10 00:40:02.400508+00:00,1621,1
2024-05-10 00:40:02.502819+00:00,1224,253
2024-05-10 00:40:02.773503+00:00,2020,8
2024-05-10 00:40:02.778316+00:00,1976,37
2024-05-10 00:40:03.027269+00:00,1110,12
2024-05-10 00:40:03.268748+00:00,2022,5
2024-05-10 00:40:03.523753+00:00,1110,17
2024-05-10 00:40:03.832267+00:00,1690,3
2024-05-10 00:40:03.833397+00:00,1103,1
2024-05-10 00:40:04.269784+00:00,2019,10
2024-05-10 00:40:04.333629+00:00,1105,1
2024-05-10 00:40:04.521685+00:00,2019,6
2024-05-10 00:40:04.526700+00:00,1976,7
2024-05-10 00:40:04.832275+00:00,1104,4
2024-05-10 00:40:05.016353+00:00,2020,15
2024-05-10 00:40:05.334778+00:00,1301,2
2024-05-10 00:40:06.081978+00:00,1986,1
2024-05-10 00:40:06.161919+00:00,1104,9
2024-05-10 00:40:06.333772+00:00,1986,13
2024-05-10 00:40:06.335605+00:00,1105,2
2024-05-10 00:40:06.505336+00:00,1469,96
2024-05-10 00:40:06.539060+00:00,1979,5
2024-05-10 00:40:06.591906+00:00,1839,12
2024-05-10 00:40:06.650603+00:00,1988,3
2024-05-10 00:40:06.836290+00:00,1987,17
2024-05-10 00:40:06.902601+00:00,1104,116
2024-05-10 00:40:07.276001+00:00,1975,1
2024-05-10 00:40:07.400765+00:00,1104,31
2024-05-10 00:40:07.788668+00:00,1981,34
2024-05-10 00:40:07.902312+00:00,1117,19
2024-05-10 00:40:08.023277+00:00,1184,1
2024-05-10 00:40:08.041079+00:00,1739,15
2024-05-10 00:40:08.158419+00:00,1106,13
2024-05-10 00:40:08.266861+00:00,1502,5
2024-05-10 00:40:08.271177+00:00,1976,4
2024-05-10 00:40:08.410773+00:00,1246,32
2024-05-10 00:40:08.525084+00:00,1212,1
2024-05-10 00:40:08.652881+00:00,1107,1
2024-05-10 00:40:08.753714+00:00,1490,1
2024-05-10 00:40:08.904539+00:00,1107,15
2024-05-10 00:40:09.023756+00:00,1211,3
2024-05-10 00:40:09.253551+00:00,1490,20
2024-05-10 00:40:09.257368+00:00,1676,3
2024-05-10 00:40:09.414413+00:00,1248,18
2024-05-10 00:40:09.502512+00:00,1039,12
2024-05-10 00:40:09.502726+00:00,1294,22
2024-05-10 00:40:09.584187+00:00,2031,13
2024-05-10 00:40:09.753613+00:00,2018,28
2024-05-10 00:40:09.754943+00:00,1039,13
2024-05-10 00:40:09.777897+00:00,1976,4
2024-05-10 00:40:10.002738+00:00,1489,18
2024-05-10 00:40:10.519489+00:00,1181,3
2024-05-10 00:40:10.519815+00:00,1108,1
2024-05-10 00:40:10.768580+00:00,1212,2
2024-05-10 00:40:11.023867+00:00,1980,58
2024-05-10 00:40:11.082352+00:00,1108,4
2024-05-10 00:40:11.254193+00:00,1481,124
2024-05-10 00:40:11.255920+00:00,1678,1
2024-05-10 00:40:11.268149+00:00,1456,37
2024-05-10 00:40:11.516704+00:00,1458,1
2024-05-10 00:40:11.753585+00:00,1295,1
2024-05-10 00:40:11.772962+00:00,1987,61
2024-05-10 00:40:11.833369+00:00,1109,4
2024-05-10 00:40:11.894784+00:00,1794,19
2024-05-10 00:40:11.905799+00:00,1252,20
2024-05-10 00:40:12.503031+00:00,1979,7
2024-05-10 00:40:12.521477+00:00,1993,46
2024-05-10 00:40:12.537554+00:00,1097,14
2024-05-10 00:40:12.833471+00:00,2003,21
2024-05-10 00:40:13.253451+00:00,1979,6
2024-05-10 00:40:13.655987+00:00,1245,28
2024-05-10 00:40:13.832193+00:00,1523,3
2024-05-10 00:40:13.904240+00:00,1249,4
2024-05-10 00:40:13.904476+00:00,1109,79
2024-05-10 00:40:14.253520+00:00,1980,5
2024-05-10 00:40:14.274064+00:00,2033,1
2024-05-10 00:40:14.583269+00:00,1524,1
2024-05-10 00:40:14.835441+00:00,1120,9
2024-05-10 00:40:14.901432+00:00,1256,17
2024-05-10 00:40:15.082232+00:00,1525,3
2024-05-10 00:40:15.270373+00:00,1736,9
2024-05-10 00:40:15.652640+00:00,1111,1
2024-05-10 00:40:16.400557+00:00,1112,1
2024-05-10 00:40:16.653926+00:00,1112,4
2024-05-10 00:40:16.833652+00:00,1527,3
2024-05-10 00:40:16.901144+00:00,1038,27
2024-05-10 00:40:17.020487+00:00,1931,2
2024-05-10 00:40:17.333215+00:00,1527,1
2024-05-10 00:40:17.651978+00:00,1113,6
2024-05-10 00:40:18.017637+00:00,1119,8
2024-05-10 00:40:18.834000+00:00,1381,1
2024-05-10 00:40:19.133788+00:00,1688,108
2024-05-10 00:40:19.753691+00:00,1371,2
2024-05-10 00:40:20.022296+00:00,1320,39
2024-05-10 00:40:20.588712+00:00,1770,3
2024-05-10 00:40:20.590438+00:00,1359,7
2024-05-10 00:40:20.651419+00:00,1115,3
2024-05-10 00:40:20.651965+00:00,1256,81
2024-05-10 00:40:20.886675+00:00,1097,52
2024-05-10 00:40:20.901397+00:00,1584,20
2024-05-10 00:40:20.904963+00:00,1115,2
2024-05-10 00:40:21.134278+00:00,1099,1
2024-05-10 00:40:21.151345+00:00,1258,20
2024-05-10 00:40:21.650989+00:00,1586,13
2024-05-10 00:40:21.654113+00:00,1115,3
2024-05-10 00:40:21.907172+00:00,1262,22
2024-05-10 00:40:23.652856+00:00,1262,14
2024-05-10 00:40:23.900506+00:00,1117,8
2024-05-10 00:40:24.400414+00:00,1117,1
2024-05-10 00:40:24.589376+00:00,1111,1
2024-05-10 00:40:24.843634+00:00,1729,61
2024-05-10 00:40:24.901822+00:00,1264,19
2024-05-10 00:40:25.281267+00:00,1993,7
2024-05-10 00:40:25.341443+00:00,1110,2
2024-05-10 00:40:25.519039+00:00,1993,7
2024-05-10 00:40:25.840181+00:00,1731,3
2024-05-10 00:40:25.900488+00:00,1586,1
2024-05-10 00:40:26.132463+00:00,1886,106
2024-05-10 00:40:26.281176+00:00,1195,8
2024-05-10 00:40:26.593109+00:00,1732,3
2024-05-10 00:40:26.790115+00:00,1587,76
2024-05-10 00:40:27.384649+00:00,1628,1
2024-05-10 00:40:27.385246+00:00,1620,11
2024-05-10 00:40:27.506850+00:00,1487,16
2024-05-10 00:40:27.508264+00:00,1985,1
2024-05-10 00:40:27.630823+00:00,1088,65
2024-05-10 00:40:27.632107+00:00,1628,3
2024-05-10 00:40:27.790720+00:00,1590,108
2024-05-10 00:40:27.901627+00:00,1125,3
2024-05-10 00:40:27.903499+00:00,1117,70
2024-05-10 00:40:28.010022+00:00,1487,109
2024-05-10 00:40:28.087726+00:00,1524,6
2024-05-10 00:40:28.154360+00:00,1119,8
2024-05-10 00:40:28.253696+00:00,1985,3
2024-05-10 00:40:28.404072+00:00,1119,12
2024-05-10 00:40:28.584984+00:00,1734,96
2024-05-10 00:40:28.882732+00:00,1613,84
2024-05-10 00:40:29.131080+00:00,1096,9
2024-05-10 00:40:29.158994+00:00,1120,1
2024-05-10 00:40:29.401655+00:00,1120,1
2024-05-10 00:40:29.881284+00:00,1616,14
2024-05-10 00:40:29.903681+00:00,1120,10
2024-05-10 00:40:30.134770+00:00,1619,6
2024-05-10 00:40:30.292824+00:00,1981,3
2024-05-10 00:40:30.340210+00:00,1757,27
2024-05-10 00:40:30.881885+00:00,1618,1
2024-05-10 00:40:31.132132+00:00,1618,3
2024-05-10 00:40:31.632532+00:00,1619,1
2024-05-10 00:40:31.881552+00:00,1631,2
2024-05-10 00:40:32.024704+00:00,1460,214
2024-05-10 00:40:32.091921+00:00,1525,12
2024-05-10 00:40:32.131968+00:00,1249,1
2024-05-10 00:40:32.345815+00:00,1525,12
2024-05-10 00:40:32.401369+00:00,1267,18
2024-05-10 00:40:32.402314+00:00,1123,9
2024-05-10 00:40:32.639472+00:00,1635,1
2024-05-10 00:40:32.844716+00:00,1763,9
2024-05-10 00:40:32.901981+00:00,1592,17
2024-05-10 00:40:33.132811+00:00,1147,14
2024-05-10 00:40:33.632616+00:00,1098,14
2024-05-10 00:40:33.651437+00:00,1310,238
2024-05-10 00:40:34.004150+00:00,1504,63
2024-05-10 00:40:34.132379+00:00,1528,14
2024-05-10 00:40:34.340754+00:00,1765,1
2024-05-10 00:40:34.631880+00:00,1100,5
2024-05-10 00:40:34.633768+00:00,1147,3
2024-05-10 00:40:34.754469+00:00,1085,38
2024-05-10 00:40:34.772475+00:00,1764,43
2024-05-10 00:40:34.833370+00:00,1766,10
2024-05-10 00:40:35.132010+00:00,1885,16
2024-05-10 00:40:36.133936+00:00,1584,5
2024-05-10 00:40:36.585112+00:00,1124,19
2024-05-10 00:40:36.585324+00:00,1775,42
2024-05-10 00:40:36.651854+00:00,1586,12
2024-05-10 00:40:36.786861+00:00,1481,5
2024-05-10 00:40:36.787614+00:00,1587,17
2024-05-10 00:40:37.144050+00:00,1819,28
2024-05-10 00:40:37.270821+00:00,1624,3
2024-05-10 00:40:37.333678+00:00,1775,42
2024-05-10 00:40:37.389249+00:00,1111,165
2024-05-10 00:40:37.652205+00:00,1586,21
2024-05-10 00:40:38.036494+00:00,1588,7
2024-05-10 00:40:38.255655+00:00,1986,8
2024-05-10 00:40:38.771640+00:00,1625,2
2024-05-10 00:40:38.788540+00:00,1456,17
2024-05-10 00:40:38.904947+00:00,1821,28
2024-05-10 00:40:39.003175+00:00,1988,11
2024-05-10 00:40:39.037392+00:00,1589,1
2024-05-10 00:40:39.253894+00:00,1988,1
2024-05-10 00:40:40.004825+00:00,1989,9
2024-05-10 00:40:40.043895+00:00,1457,1
2024-05-10 00:40:40.294276+00:00,1590,145
2024-05-10 00:40:40.583547+00:00,1601,10
2024-05-10 00:40:40.755986+00:00,1988,9
2024-05-10 00:40:40.795715+00:00,1455,20
2024-05-10 00:40:41.332313+00:00,1529,7
2024-05-10 00:40:41.832444+00:00,1488,1
2024-05-10 00:40:42.132349+00:00,1149,30
2024-05-10 00:40:42.655448+00:00,1596,13
2024-05-10 00:40:43.154891+00:00,1578,13
2024-05-10 00:40:43.642388+00:00,1626,16
2024-05-10 00:40:44.332455+00:00,1943,3
2024-05-10 00:40:44.407652+00:00,1267,24
2024-05-10 00:40:44.584643+00:00,1786,42
2024-05-10 00:40:44.643235+00:00,1068,6
2024-05-10 00:40:45.019317+00:00,1624,3
2024-05-10 00:40:45.082237+00:00,1943,3
2024-05-10 00:40:45.644790+00:00,1633,8
2024-05-10 00:40:45.836994+00:00,1943,3
2024-05-10 00:40:46.082905+00:00,1943,3
2024-05-10 00:40:46.334568+00:00,1542,33
2024-05-10 00:40:46.400700+00:00,1268,2
2024-05-10 00:40:46.584362+00:00,1943,3
2024-05-10 00:40:46.587329+00:00,1791,27
2024-05-10 00:40:46.640523+00:00,1821,1
2024-05-10 00:40:46.653045+00:00,1268,13
2024-05-10 00:40:46.897560+00:00,1821,14
2024-05-10 00:40:46.900351+00:00,1121,1
2024-05-10 00:40:47.082475+00:00,1522,2
2024-05-10 00:40:47.083647+00:00,1950,20
2024-05-10 00:40:47.147164+00:00,1634,47
2024-05-10 00:40:47.403183+00:00,1122,15
2024-05-10 00:40:48.083196+00:00,1956,17
2024-05-10 00:40:48.333818+00:00,1524,7
2024-05-10 00:40:48.901026+00:00,1583,20
2024-05-10 00:40:49.082774+00:00,1526,2
2024-05-10 00:40:49.266638+00:00,1553,1
2024-05-10 00:40:49.402628+00:00,1585,21
2024-05-10 00:40:49.404916+00:00,1130,1
2024-05-10 00:40:49.520057+00:00,1552,4
2024-05-10 00:40:50.044163+00:00,1462,14
2024-05-10 00:40:50.152042+00:00,1411,4
2024-05-10 00:40:50.332240+00:00,1527,1
2024-05-10 00:40:50.583343+00:00,1528,5
2024-05-10 00:40:50.832606+00:00,1525,4
2024-05-10 00:40:51.333199+00:00,1529,37
2024-05-10 00:40:51.770265+00:00,1069,12
2024-05-10 00:40:51.832157+00:00,1529,1
2024-05-10 00:40:52.082163+00:00,1085,1
2024-05-10 00:40:52.382775+00:00,1034,13
2024-05-10 00:40:52.587584+00:00,1953,15
2024-05-10 00:40:53.132026+00:00,1034,18
2024-05-10 00:40:53.266268+00:00,1906,10
2024-05-10 00:40:53.287039+00:00,1483,3
2024-05-10 00:40:53.331861+00:00,1085,1
2024-05-10 00:40:53.789582+00:00,1153,1
2024-05-10 00:40:53.885623+00:00,1661,18
2024-05-10 00:40:54.039383+00:00,1152,4
2024-05-10 00:40:54.635164+00:00,1149,7
2024-05-10 00:40:54.636763+00:00,1069,15
2024-05-10 00:40:54.767303+00:00,1645,25
2024-05-10 00:40:55.270400+00:00,1647,1
2024-05-10 00:40:55.382600+00:00,1151,5
2024-05-10 00:40:55.633837+00:00,1069,22
2024-05-10 00:40:55.772501+00:00,1864,6
2024-05-10 00:40:55.902709+00:00,1384,2
2024-05-10 00:40:56.083356+00:00,1946,18
2024-05-10 00:40:56.276211+00:00,1864,46
2024-05-10 00:40:56.524366+00:00,1940,8
2024-05-10 00:40:56.651623+00:00,1589,14
2024-05-10 00:40:56.884390+00:00,1554,32
2024-05-10 00:40:56.885955+00:00,1104,15
2024-05-10 00:40:56.901152+00:00,1832,1
2024-05-10 00:40:56.904014+00:00,1384,3
2024-05-10 00:40:57.273359+00:00,1645,49
2024-05-10 00:40:57.382140+00:00,1872,9
2024-05-10 00:40:57.386483+00:00,1809,9
2024-05-10 00:40:57.631435+00:00,1152,30
2024-05-10 00:40:57.652147+00:00,1832,16
2024-05-10 00:40:57.758140+00:00,1090,22
2024-05-10 00:40:57.901164+00:00,1834,1
2024-05-10 00:40:58.023599+00:00,1210,1
2024-05-10 00:40:58.131282+00:00,1210,8
2024-05-10 00:40:58.409957+00:00,1835,99
2024-05-10 00:40:58.588894+00:00,1951,5
2024-05-10 00:40:59.087276+00:00,1951,11
2024-05-10 00:40:59.087935+00:00,1900,18
2024-05-10 00:40:59.088512+00:00,1718,19
2024-05-10 00:40:59.133111+00:00,1211,1
2024-05-10 00:40:59.382716+00:00,1510,207
2024-05-10 00:40:59.584298+00:00,1549,9
2024-05-10 00:40:59.832586+00:00,1720,8
2024-05-10 00:40:59.880807+00:00,1212,1
2024-05-10 00:41:00.008141+00:00,1090,43
2024-05-10 00:41:00.537280+00:00,1153,4
2024-05-10 00:41:00.633527+00:00,1211,4
2024-05-10 00:41:00.651881+00:00,1383,3
2024-05-10 00:41:00.831925+00:00,1958,1
2024-05-10 00:41:01.083142+00:00,1721,1
2024-05-10 00:41:01.130596+00:00,1216,4
2024-05-10 00:41:01.153493+00:00,1835,4
2024-05-10 00:41:01.332611+00:00,1854,17
2024-05-10 00:41:01.332661+00:00,1722,4
2024-05-10 00:41:01.656202+00:00,1385,15
2024-05-10 00:41:01.757323+00:00,1046,3
2024-05-10 00:41:01.832749+00:00,1723,19
2024-05-10 00:41:02.130704+00:00,1183,9
2024-05-10 00:41:02.275028+00:00,1954,31
2024-05-10 00:41:02.333099+00:00,1791,24
2024-05-10 00:41:02.636621+00:00,1814,5
2024-05-10 00:41:02.769118+00:00,1954,7
2024-05-10 00:41:03.637613+00:00,1814,7
2024-05-10 00:41:04.085205+00:00,1808,19
2024-05-10 00:41:04.140357+00:00,1815,1
2024-05-10 00:41:04.271425+00:00,1596,6
2024-05-10 00:41:04.275916+00:00,1680,1
2024-05-10 00:41:04.384607+00:00,1819,2
2024-05-10 00:41:04.768944+00:00,1598,1
2024-05-10 00:41:05.018290+00:00,1161,14
2024-05-10 00:41:05.267230+00:00,1598,5
2024-05-10 00:41:05.406782+00:00,1396,10
2024-05-10 00:41:05.518211+00:00,1274,6
2024-05-10 00:41:05.652850+00:00,1842,32
2024-05-10 00:41:05.653895+00:00,1149,19
2024-05-10 00:41:06.022757+00:00,1638,9
2024-05-10 00:41:06.403683+00:00,1149,20
2024-05-10 00:41:06.517351+00:00,1638,1
2024-05-10 00:41:06.833863+00:00,1179,2
2024-05-10 00:41:06.902553+00:00,1853,1
2024-05-10 00:41:07.092778+00:00,1064,4
2024-05-10 00:41:07.132367+00:00,1164,33
2024-05-10 00:41:07.517514+00:00,1638,12
2024-05-10 00:41:07.633587+00:00,1580,14
2024-05-10 00:41:07.755541+00:00,1997,8
2024-05-10 00:41:07.837390+00:00,1064,5
2024-05-10 00:41:07.882704+00:00,1143,31
2024-05-10 00:41:08.021887+00:00,1276,7
2024-05-10 00:41:08.156839+00:00,1135,9
2024-05-10 00:41:08.287042+00:00,1914,11
2024-05-10 00:41:08.333901+00:00,1648,3
2024-05-10 00:41:08.403554+00:00,1272,18
2024-05-10 00:41:08.403868+00:00,1149,19
2024-05-10 00:41:08.511322+00:00,1999,9
2024-05-10 00:41:08.655677+00:00,1283,18
2024-05-10 00:41:08.757962+00:00,1409,10
2024-05-10 00:41:09.012120+00:00,1999,1
2024-05-10 00:41:09.083740+00:00,1720,36
2024-05-10 00:41:09.268255+00:00,1601,106
2024-05-10 00:41:09.381606+00:00,1165,9
2024-05-10 00:41:09.832982+00:00,1648,3
2024-05-10 00:41:10.274103+00:00,1282,6
2024-05-10 00:41:10.334721+00:00,1067,3
2024-05-10 00:41:10.334899+00:00,1648,3
2024-05-10 00:41:10.403596+00:00,1139,12
2024-05-10 00:41:10.767452+00:00,1601,357
2024-05-10 00:41:11.583532+00:00,1648,3
2024-05-10 00:41:11.630616+00:00,1169,3
2024-05-10 00:41:12.022423+00:00,1289,18
2024-05-10 00:41:12.130951+00:00,1168,3
2024-05-10 00:41:12.132937+00:00,1826,13
2024-05-10 00:41:12.267552+00:00,1953,3
2024-05-10 00:41:12.333036+00:00,1656,16
2024-05-10 00:41:12.409422+00:00,1273,27
2024-05-10 00:41:12.767422+00:00,1742,2
2024-05-10 00:41:12.904393+00:00,1275,22
2024-05-10 00:41:13.036722+00:00,1281,2
2024-05-10 00:41:13.131665+00:00,1168,4
2024-05-10 00:41:13.537797+00:00,1280,8
2024-05-10 00:41:13.881445+00:00,1521,5
2024-05-10 00:41:14.157536+00:00,1143,6
2024-05-10 00:41:14.504387+00:00,1745,13
2024-05-10 00:41:14.881080+00:00,1168,5
2024-05-10 00:41:14.882264+00:00,1524,28
2024-05-10 00:41:15.037939+00:00,1469,12
2024-05-10 00:41:15.342659+00:00,1582,19
2024-05-10 00:41:15.787404+00:00,1469,11
2024-05-10 00:41:16.130672+00:00,1170,1
2024-05-10 00:41:16.503260+00:00,1745,21
2024-05-10 00:41:16.632146+00:00,1144,12
2024-05-10 00:41:17.022576+00:00,1193,15
2024-05-10 00:41:17.024170+00:00,1195,10
2024-05-10 00:41:17.037124+00:00,1466,7
2024-05-10 00:41:17.269322+00:00,1198,5
2024-05-10 00:41:17.402794+00:00,1404,3
2024-05-10 00:41:17.654333+00:00,1406,1
2024-05-10 00:41:17.906343+00:00,1406,16
2024-05-10 00:41:18.003242+00:00,1371,3
2024-05-10 00:41:18.271183+00:00,1198,15
2024-05-10 00:41:18.504549+00:00,1745,23
2024-05-10 00:41:19.252609+00:00,1372,2
2024-05-10 00:41:19.523144+00:00,1198,20
2024-05-10 00:41:20.269891+00:00,1198,1
2024-05-10 00:41:20.504290+00:00,1373,16
2024-05-10 00:41:20.504730+00:00,1565,52
2024-05-10 00:41:20.509712+00:00,1476,8
2024-05-10 00:41:21.023985+00:00,1476,6
2024-05-10 00:41:21.026109+00:00,1201,28
2024-05-10 00:41:21.131044+00:00,1173,5
2024-05-10 00:41:21.335937+00:00,1475,7
2024-05-10 00:41:22.005207+00:00,1745,23
2024-05-10 00:41:22.087608+00:00,1067,5
2024-05-10 00:41:22.089089+00:00,1216,14
2024-05-10 00:41:22.290293+00:00,1287,90
2024-05-10 00:41:22.587488+00:00,1067,5
2024-05-10 00:41:23.014797+00:00,1218,26
2024-05-10 00:41:23.085609+00:00,1472,1
2024-05-10 00:41:23.786748+00:00,1928,1
2024-05-10 00:41:24.155526+00:00,1928,20
2024-05-10 00:41:24.156792+00:00,1286,2
2024-05-10 00:41:24.259575+00:00,1373,592
2024-05-10 00:41:24.267694+00:00,1453,27
2024-05-10 00:41:24.591279+00:00,1540,3
2024-05-10 00:41:24.594962+00:00,1183,35
2024-05-10 00:41:24.657490+00:00,1929,19
2024-05-10 00:41:24.771791+00:00,1198,7
2024-05-10 00:41:24.840073+00:00,1183,16
2024-05-10 00:41:24.909295+00:00,1287,18
2024-05-10 00:41:25.151934+00:00,1929,10
2024-05-10 00:41:25.338007+00:00,1183,35
2024-05-10 00:41:25.401603+00:00,1929,1
2024-05-10 00:41:25.512613+00:00,1734,217
2024-05-10 00:41:25.902314+00:00,1929,51
2024-05-10 00:41:26.269756+00:00,1956,2
2024-05-10 00:41:26.591955+00:00,1541,2
2024-05-10 00:41:26.768676+00:00,1201,18
2024-05-10 00:41:26.834908+00:00,1541,2
2024-05-10 00:41:26.900911+00:00,1929,51
2024-05-10 00:41:27.381546+00:00,1180,1
2024-05-10 00:41:27.400679+00:00,1932,1
2024-05-10 00:41:27.503479+00:00,1736,5
2024-05-10 00:41:27.631362+00:00,1078,15
2024-05-10 00:41:27.651120+00:00,1129,3
2024-05-10 00:41:27.901050+00:00,1932,23
2024-05-10 00:41:28.007505+00:00,1738,9
2024-05-10 00:41:28.900576+00:00,1862,1
2024-05-10 00:41:28.901169+00:00,1585,3
2024-05-10 00:41:29.017936+00:00,1201,24
2024-05-10 00:41:29.292250+00:00,1075,24
2024-05-10 00:41:29.401054+00:00,1587,9
2024-05-10 00:41:29.838282+00:00,1214,3
2024-05-10 00:41:30.267656+00:00,1201,17
2024-05-10 00:41:30.759881+00:00,2001,1
2024-05-10 00:41:30.760764+00:00,2001,7
2024-05-10 00:41:30.882899+00:00,1770,22
2024-05-10 00:41:31.257350+00:00,2001,7
2024-05-10 00:41:31.266838+00:00,1469,29
2024-05-10 00:41:31.271047+00:00,1339,1
2024-05-10 00:41:31.591962+00:00,1214,16
2024-05-10 00:41:31.881398+00:00,1184,5
2024-05-10 00:41:31.904181+00:00,1587,1
2024-05-10 00:41:32.152249+00:00,1585,3
2024-05-10 00:41:32.267222+00:00,1202,7
2024-05-10 00:41:32.517264+00:00,1203,1
2024-05-10 00:41:32.838853+00:00,1173,55
2024-05-10 00:41:33.038166+00:00,1289,3
2024-05-10 00:41:33.267274+00:00,1205,32
2024-05-10 00:41:33.268795+00:00,1955,4
2024-05-10 00:41:33.336664+00:00,1173,34
2024-05-10 00:41:33.511197+00:00,2002,5
2024-05-10 00:41:33.516792+00:00,1203,6
2024-05-10 00:41:33.766917+00:00,1667,9
2024-05-10 00:41:33.767205+00:00,1161,206
2024-05-10 00:41:33.836813+00:00,1214,3
2024-05-10 00:41:33.880833+00:00,1079,3
2024-05-10 00:41:34.018716+00:00,1955,26
2024-05-10 00:41:34.261576+00:00,1392,6
2024-05-10 00:41:34.263731+00:00,2003,5
2024-05-10 00:41:34.341488+00:00,1074,19
2024-05-10 00:41:34.401351+00:00,1602,16
2024-05-10 00:41:34.517651+00:00,1667,9
2024-05-10 00:41:34.541590+00:00,1686,9
2024-05-10 00:41:34.787226+00:00,1408,1
2024-05-10 00:41:35.090346+00:00,1951,77
2024-05-10 00:41:35.131437+00:00,1569,29
2024-05-10 00:41:35.267924+00:00,1204,19
2024-05-10 00:41:35.510971+00:00,1073,20
2024-05-10 00:41:35.517267+00:00,1552,25
2024-05-10 00:41:35.589277+00:00,1214,3
2024-05-10 00:41:36.132083+00:00,1584,16
2024-05-10 00:41:36.258264+00:00,2003,6
2024-05-10 00:41:36.270837+00:00,1667,9
2024-05-10 00:41:36.382241+00:00,1240,11
2024-05-10 00:41:36.516880+00:00,1206,13
2024-05-10 00:41:36.518447+00:00,1957,46
2024-05-10 00:41:36.630779+00:00,1191,1
2024-05-10 00:41:36.754497+00:00,2003,6
2024-05-10 00:41:36.901386+00:00,1603,13
2024-05-10 00:41:37.266668+00:00,1481,1
2024-05-10 00:41:37.834412+00:00,1215,2
2024-05-10 00:41:38.026329+00:00,1206,1
2024-05-10 00:41:38.026518+00:00,1075,13
2024-05-10 00:41:38.405394+00:00,1252,46
2024-05-10 00:41:38.651211+00:00,1076,14
2024-05-10 00:41:38.885733+00:00,1419,119
2024-05-10 00:41:39.041360+00:00,1694,25
2024-05-10 00:41:39.260504+00:00,1595,16
2024-05-10 00:41:39.538772+00:00,1809,2
2024-05-10 00:41:39.901210+00:00,1076,48
2024-05-10 00:41:40.258286+00:00,2004,1
2024-05-10 00:41:40.504519+00:00,2004,4
2024-05-10 00:41:40.650964+00:00,1512,3
2024-05-10 00:41:40.772725+00:00,1958,3
2024-05-10 00:41:41.005829+00:00,1592,16
2024-05-10 00:41:41.274783+00:00,1206,1
2024-05-10 00:41:41.281530+00:00,1333,5
2024-05-10 00:41:41.522304+00:00,1208,1
2024-05-10 00:41:41.781438+00:00,1333,1
2024-05-10 00:41:42.029512+00:00,1202,20
2024-05-10 00:41:42.038555+00:00,1839,57
2024-05-10 00:41:42.039275+00:00,1332,2
2024-05-10 00:41:42.384707+00:00,1585,5
2024-05-10 00:41:42.519697+00:00,1960,2
2024-05-10 00:41:42.651290+00:00,1220,9
2024-05-10 00:41:42.773683+00:00,1332,5
2024-05-10 00:41:43.019234+00:00,1686,9
2024-05-10 00:41:43.154796+00:00,1133,2
2024-05-10 00:41:43.256716+00:00,1365,6
2024-05-10 00:41:43.270724+00:00,1169,2
2024-05-10 00:41:43.400921+00:00,1221,2
2024-05-10 00:41:43.521081+00:00,1959,2
2024-05-10 00:41:43.650862+00:00,1221,2
2024-05-10 00:41:43.755469+00:00,2006,3
2024-05-10 00:41:43.778529+00:00,1333,1
2024-05-10 00:41:43.787553+00:00,1816,6
2024-05-10 00:41:43.787926+00:00,1993,10
2024-05-10 00:41:44.032841+00:00,1333,4
2024-05-10 00:41:44.132582+00:00,1217,1
2024-05-10 00:41:44.254411+00:00,1364,9
2024-05-10 00:41:44.273501+00:00,1202,8
2024-05-10 00:41:44.274573+00:00,1959,49
2024-05-10 00:41:44.275780+00:00,1203,1
2024-05-10 00:41:44.537084+00:00,1817,5
2024-05-10 00:41:44.754039+00:00,1365,6
2024-05-10 00:41:44.778048+00:00,1203,19
2024-05-10 00:41:44.789724+00:00,1334,3
2024-05-10 00:41:44.790536+00:00,1702,9
2024-05-10 00:41:44.834390+00:00,1551,21
2024-05-10 00:41:45.017997+00:00,1201,3
2024-05-10 00:41:45.018203+00:00,1686,9
2024-05-10 00:41:45.038417+00:00,1815,12
2024-05-10 00:41:45.083805+00:00,1555,2
2024-05-10 00:41:45.151934+00:00,1145,6
2024-05-10 00:41:45.275288+00:00,1170,17
2024-05-10 00:41:45.506871+00:00,1241,6
2024-05-10 00:41:45.521878+00:00,1170,5
2024-05-10 00:41:45.757807+00:00,2007,4
2024-05-10 00:41:45.758535+00:00,1367,60
2024-05-10 00:41:46.022964+00:00,1170,15
2024-05-10 00:41:46.252811+00:00,1242,4
2024-05-10 00:41:46.272683+00:00,1203,18
2024-05-10 00:41:46.519171+00:00,1171,12
2024-05-10 00:41:46.542364+00:00,1703,8
2024-05-10 00:41:46.755090+00:00,2006,3
2024-05-10 00:41:46.883322+00:00,1091,6
2024-05-10 00:41:47.017871+00:00,1688,6
2024-05-10 00:41:47.023818+00:00,1170,22
2024-05-10 00:41:47.024509+00:00,1329,4
2024-05-10 00:41:47.253208+00:00,1245,5
2024-05-10 00:41:47.270627+00:00,1171,4
2024-05-10 00:41:47.340524+00:00,1213,9
2024-05-10 00:41:47.521914+00:00,1328,10
2024-05-10 00:41:47.590422+00:00,1216,16
2024-05-10 00:41:47.766721+00:00,1690,4
2024-05-10 00:41:47.775933+00:00,1171,10
2024-05-10 00:41:47.786507+00:00,1704,27
2024-05-10 00:41:48.151981+00:00,1514,3
2024-05-10 00:41:48.255088+00:00,1246,20
2024-05-10 00:41:48.266654+00:00,1692,10
2024-05-10 00:41:48.270247+00:00,1171,20
2024-05-10 00:41:49.266999+00:00,1203,7
2024-05-10 00:41:50.018224+00:00,1206,29
2024-05-10 00:41:51.087533+00:00,1628,1
2024-05-10 00:41:51.155296+00:00,1291,6
2024-05-10 00:41:51.404661+00:00,1297,9
2024-05-10 00:41:52.288814+00:00,1710,9
2024-05-10 00:41:52.589436+00:00,1175,56
2024-05-10 00:41:52.786689+00:00,1408,1
2024-05-10 00:41:53.022026+00:00,1579,24
2024-05-10 00:41:53.046582+00:00,1712,7
2024-05-10 00:41:53.152794+00:00,1143,12
2024-05-10 00:41:53.290460+00:00,1408,36
2024-05-10 00:41:53.334393+00:00,1337,6
2024-05-10 00:41:54.046195+00:00,1712,27
2024-05-10 00:41:54.255257+00:00,2009,8
2024-05-10 00:41:54.275125+00:00,1689,11
2024-05-10 00:41:54.275597+00:00,1585,1
2024-05-10 00:41:54.758880+00:00,2011,9
2024-05-10 00:41:54.768936+00:00,1688,6
2024-05-10 00:41:55.021393+00:00,1584,1
2024-05-10 00:41:55.022168+00:00,1199,18
2024-05-10 00:41:55.402443+00:00,1265,4
2024-05-10 00:41:56.031496+00:00,1688,46
2024-05-10 00:41:56.037390+00:00,1541,2
2024-05-10 00:41:56.083826+00:00,1599,1
2024-05-10 00:41:56.508680+00:00,2011,9
2024-05-10 00:41:56.756471+00:00,2011,10
2024-05-10 00:41:57.528150+00:00,1767,2
2024-05-10 00:41:57.662404+00:00,1873,9
2024-05-10 00:41:57.755020+00:00,1738,22
2024-05-10 00:41:57.778731+00:00,1199,18
2024-05-10 00:41:58.045080+00:00,1075,14
2024-05-10 00:41:58.402606+00:00,1874,8
2024-05-10 00:41:58.777100+00:00,1768,17
2024-05-10 00:41:59.268224+00:00,1768,4
2024-05-10 00:41:59.296707+00:00,1296,6
2024-05-10 00:41:59.400820+00:00,1266,3
2024-05-10 00:41:59.401776+00:00,1875,8
2024-05-10 00:41:59.518561+00:00,1201,4
2024-05-10 00:41:59.542846+00:00,1296,88
2024-05-10 00:41:59.585440+00:00,1070,24
2024-05-10 00:41:59.754841+00:00,2012,3
2024-05-10 00:41:59.774956+00:00,1201,18
2024-05-10 00:41:59.791799+00:00,1294,1
2024-05-10 00:42:00.004352+00:00,2012,10
2024-05-10 00:42:00.335806+00:00,1338,1
2024-05-10 00:42:00.517939+00:00,1767,2
2024-05-10 00:42:00.886123+00:00,1405,3
2024-05-10 00:42:01.274113+00:00,1110,17
2024-05-10 00:42:01.334974+00:00,1338,2
2024-05-10 00:42:01.400517+00:00,1935,1
2024-05-10 00:42:01.525895+00:00,1082,16
2024-05-10 00:42:01.905685+00:00,1935,31
2024-05-10 00:42:02.022000+00:00,1536,9
2024-05-10 00:42:02.253059+00:00,1759,271
2024-05-10 00:42:02.520776+00:00,1768,3
2024-05-10 00:42:02.776046+00:00,1769,3
2024-05-10 00:42:02.900655+00:00,1935,1
2024-05-10 00:42:03.005850+00:00,1760,175
2024-05-10 00:42:03.023165+00:00,1539,6
2024-05-10 00:42:03.153744+00:00,1266,2
2024-05-10 00:42:03.271452+00:00,1198,12
2024-05-10 00:42:03.650350+00:00,1935,16
2024-05-10 00:42:03.653721+00:00,1875,12
2024-05-10 00:42:03.753067+00:00,1026,6
2024-05-10 00:42:03.900904+00:00,1936,7
2024-05-10 00:42:04.154547+00:00,1128,47
2024-05-10 00:42:04.400926+00:00,1936,15
2024-05-10 00:42:04.633482+00:00,1895,7
2024-05-10 00:42:04.656030+00:00,1936,15
2024-05-10 00:42:05.041940+00:00,1645,11
2024-05-10 00:42:05.256556+00:00,2032,7
2024-05-10 00:42:05.545062+00:00,1085,23
2024-05-10 00:42:05.838463+00:00,1217,1
2024-05-10 00:42:05.888314+00:00,1897,12
2024-05-10 00:42:05.890252+00:00,1787,19
2024-05-10 00:42:06.031217+00:00,1768,1
2024-05-10 00:42:06.040560+00:00,1982,3
2024-05-10 00:42:06.279918+00:00,1592,10
2024-05-10 00:42:06.410872+00:00,1287,27
2024-05-10 00:42:06.588479+00:00,1218,14
2024-05-10 00:42:07.008052+00:00,2033,7
2024-05-10 00:42:07.026798+00:00,1199,15
2024-05-10 00:42:07.275931+00:00,1199,10
2024-05-10 00:42:07.524417+00:00,1200,2
2024-05-10 00:42:07.772281+00:00,1769,43
2024-05-10 00:42:07.911322+00:00,1265,2
2024-05-10 00:42:08.834979+00:00,1219,5
2024-05-10 00:42:09.507640+00:00,2033,6
2024-05-10 00:42:09.516947+00:00,1200,18
2024-05-10 00:42:09.631490+00:00,1794,17
2024-05-10 00:42:09.753738+00:00,1263,18
2024-05-10 00:42:09.756752+00:00,2033,1
2024-05-10 00:42:09.768727+00:00,1199,15
2024-05-10 00:42:10.018147+00:00,1597,4
2024-05-10 00:42:10.085100+00:00,1538,60
2024-05-10 00:42:10.086445+00:00,1144,3
2024-05-10 00:42:10.253343+00:00,1264,10
2024-05-10 00:42:10.503408+00:00,2034,5
2024-05-10 00:42:10.516730+00:00,1596,5
2024-05-10 00:42:10.584759+00:00,1220,1
2024-05-10 00:42:11.017331+00:00,1597,1
2024-05-10 00:42:11.288897+00:00,1908,1
2024-05-10 00:42:11.502220+00:00,1543,29
2024-05-10 00:42:11.516701+00:00,1598,3
2024-05-10 00:42:11.766999+00:00,1598,4
2024-05-10 00:42:11.791519+00:00,1908,15
2024-05-10 00:42:11.834046+00:00,1342,2
2024-05-10 00:42:11.906042+00:00,1265,1
2024-05-10 00:42:12.005138+00:00,2034,5
2024-05-10 00:42:12.663420+00:00,1265,1
2024-05-10 00:42:12.766830+00:00,1599,4
2024-05-10 00:42:13.131658+00:00,1755,3
2024-05-10 00:42:13.253236+00:00,2035,5
2024-05-10 00:42:13.288190+00:00,1909,30
2024-05-10 00:42:13.504087+00:00,1375,2
2024-05-10 00:42:13.505055+00:00,2036,7
2024-05-10 00:42:13.786539+00:00,1421,1
2024-05-10 00:42:14.267215+00:00,1198,10
2024-05-10 00:42:14.516618+00:00,1200,1
2024-05-10 00:42:14.754573+00:00,2036,4
2024-05-10 00:42:14.767836+00:00,1200,20
2024-05-10 00:42:14.835573+00:00,1344,2
2024-05-10 00:42:15.258426+00:00,2036,4
2024-05-10 00:42:15.266658+00:00,1598,1
2024-05-10 00:42:15.592344+00:00,1143,124
2024-05-10 00:42:16.002727+00:00,1725,1
2024-05-10 00:42:16.400974+00:00,1937,11
2024-05-10 00:42:16.504593+00:00,1375,3
2024-05-10 00:42:16.589389+00:00,1096,22
2024-05-10 00:42:16.651398+00:00,1937,14
2024-05-10 00:42:16.766138+00:00,1599,4
2024-05-10 00:42:16.841103+00:00,1098,7
2024-05-10 00:42:16.844454+00:00,1225,16
2024-05-10 00:42:17.140453+00:00,1229,15
2024-05-10 00:42:17.267334+00:00,1201,7
2024-05-10 00:42:17.336610+00:00,1096,55
2024-05-10 00:42:17.400504+00:00,1937,14
2024-05-10 00:42:17.517056+00:00,1598,1
2024-05-10 00:42:17.767541+00:00,1598,5
2024-05-10 00:42:17.838740+00:00,1098,1
2024-05-10 00:42:17.896700+00:00,1520,3
2024-05-10 00:42:18.090591+00:00,1101,4
2024-05-10 00:42:18.337079+00:00,1225,71
2024-05-10 00:42:18.588761+00:00,1101,8
2024-05-10 00:42:18.645914+00:00,1870,1
2024-05-10 00:42:18.772219+00:00,1089,7
2024-05-10 00:42:19.018545+00:00,1203,17
2024-05-10 00:42:19.143669+00:00,1229,16
2024-05-10 00:42:19.150131+00:00,1870,2
2024-05-10 00:42:19.518006+00:00,1603,91
2024-05-10 00:42:20.253097+00:00,1080,3
2024-05-10 00:42:20.296841+00:00,1296,103
2024-05-10 00:42:20.301817+00:00,1304,13
2024-05-10 00:42:20.338557+00:00,1227,172
2024-05-10 00:42:20.839513+00:00,1103,7
2024-05-10 00:42:21.044965+00:00,1504,7
2024-05-10 00:42:21.088280+00:00,1228,1
2024-05-10 00:42:21.145083+00:00,1230,6
2024-05-10 00:42:21.276717+00:00,1203,41
2024-05-10 00:42:21.342197+00:00,1103,10
2024-05-10 00:42:21.343629+00:00,1103,4
2024-05-10 00:42:21.393984+00:00,1230,8
2024-05-10 00:42:21.505723+00:00,2040,8
2024-05-10 00:42:21.594310+00:00,1103,2
2024-05-10 00:42:21.898006+00:00,1140,25
2024-05-10 00:42:22.021693+00:00,1620,334
2024-05-10 00:42:22.252814+00:00,1725,3
2024-05-10 00:42:22.339941+00:00,1103,4
2024-05-10 00:42:22.340440+00:00,1103,3
2024-05-10 00:42:22.342898+00:00,1344,2
2024-05-10 00:42:22.521981+00:00,1096,23
2024-05-10 00:42:22.601347+00:00,1229,169
2024-05-10 00:42:22.641142+00:00,1228,36
2024-05-10 00:42:22.841266+00:00,1103,1
2024-05-10 00:42:23.008681+00:00,1131,10
2024-05-10 00:42:23.009157+00:00,1550,5
2024-05-10 00:42:23.134250+00:00,1343,15
2024-05-10 00:42:23.159026+00:00,1097,26
2024-05-10 00:42:23.885648+00:00,1230,1
2024-05-10 00:42:24.008688+00:00,2042,1
2024-05-10 00:42:24.335302+00:00,1230,151
2024-05-10 00:42:24.508657+00:00,2042,1
2024-05-10 00:42:24.543445+00:00,1923,8
2024-05-10 00:42:24.589559+00:00,1102,64
2024-05-10 00:42:24.887146+00:00,1231,18
2024-05-10 00:42:25.082261+00:00,1345,3
2024-05-10 00:42:25.297925+00:00,1923,4
2024-05-10 00:42:25.509548+00:00,1551,6
2024-05-10 00:42:26.272455+00:00,1198,10
2024-05-10 00:42:26.517399+00:00,1199,12
2024-05-10 00:42:26.542104+00:00,1923,14
2024-05-10 00:42:26.761120+00:00,1250,9
2024-05-10 00:42:27.269923+00:00,1097,12
2024-05-10 00:42:27.294843+00:00,1923,21
2024-05-10 00:42:27.295392+00:00,1277,58
2024-05-10 00:42:27.516743+00:00,1199,3
2024-05-10 00:42:27.762632+00:00,1375,2
2024-05-10 00:42:27.766654+00:00,1098,8
2024-05-10 00:42:27.841814+00:00,1577,2
2024-05-10 00:42:28.084395+00:00,1047,1
2024-05-10 00:42:28.260233+00:00,1548,9
2024-05-10 00:42:28.651376+00:00,1324,8
2024-05-10 00:42:28.843555+00:00,1677,5
2024-05-10 00:42:28.888391+00:00,1143,1
2024-05-10 00:42:29.016746+00:00,1200,14
2024-05-10 00:42:29.261955+00:00,1551,4
2024-05-10 00:42:29.832531+00:00,1577,5
2024-05-10 00:42:30.082812+00:00,1577,10
2024-05-10 00:42:30.269090+00:00,1244,189
2024-05-10 00:42:30.520781+00:00,1245,89
2024-05-10 00:42:30.635279+00:00,1791,18
2024-05-10 00:42:30.754179+00:00,1552,8
2024-05-10 00:42:31.047109+00:00,1924,18
2024-05-10 00:42:31.260952+00:00,1131,21
2024-05-10 00:42:31.272889+00:00,1245,105
2024-05-10 00:42:31.542390+00:00,1924,11
2024-05-10 00:42:31.588391+00:00,2030,3
2024-05-10 00:42:31.776851+00:00,1082,14
2024-05-10 00:42:32.019325+00:00,1245,154
2024-05-10 00:42:32.134438+00:00,1229,12
2024-05-10 00:42:32.332328+00:00,1160,5
2024-05-10 00:42:32.333149+00:00,1160,4
2024-05-10 00:42:32.525850+00:00,1198,12
2024-05-10 00:42:32.532277+00:00,1245,110
2024-05-10 00:42:32.589663+00:00,1163,6
2024-05-10 00:42:32.761892+00:00,1133,8
2024-05-10 00:42:32.769911+00:00,1200,5
2024-05-10 00:42:32.834335+00:00,1365,17
2024-05-10 00:42:33.017847+00:00,1134,7
2024-05-10 00:42:33.082294+00:00,1163,10
2024-05-10 00:42:33.137374+00:00,1882,166
2024-05-10 00:42:33.522800+00:00,1201,20
2024-05-10 00:42:33.758583+00:00,1409,13
2024-05-10 00:42:33.906265+00:00,1290,44
2024-05-10 00:42:34.009930+00:00,1133,1
2024-05-10 00:42:34.136782+00:00,1233,27
2024-05-10 00:42:34.160471+00:00,1789,76
2024-05-10 00:42:34.261842+00:00,1409,10
2024-05-10 00:42:34.405705+00:00,1292,6
2024-05-10 00:42:34.508136+00:00,1133,8
2024-05-10 00:42:34.518277+00:00,1550,3
2024-05-10 00:42:34.756547+00:00,1133,8
2024-05-10 00:42:34.833072+00:00,1365,16
2024-05-10 00:42:34.905292+00:00,1292,1
2024-05-10 00:42:35.029365+00:00,1200,6
2024-05-10 00:42:35.082804+00:00,1166,9
2024-05-10 00:42:35.154443+00:00,1292,6
2024-05-10 00:42:35.279278+00:00,1198,8
2024-05-10 00:42:35.783099+00:00,1246,258
2024-05-10 00:42:35.835606+00:00,1366,13
2024-05-10 00:42:36.028379+00:00,1663,203
2024-05-10 00:42:36.028519+00:00,1686,9
2024-05-10 00:42:36.034745+00:00,1553,4
2024-05-10 00:42:36.043432+00:00,1917,15
2024-05-10 00:42:36.085159+00:00,1366,7
2024-05-10 00:42:36.146209+00:00,1174,20
2024-05-10 00:42:36.275954+00:00,1246,13
2024-05-10 00:42:36.527654+00:00,1246,2
2024-05-10 00:42:36.583150+00:00,1804,13
2024-05-10 00:42:36.833301+00:00,1366,17
2024-05-10 00:42:37.045036+00:00,1916,16
2024-05-10 00:42:37.271537+00:00,1246,157
2024-05-10 00:42:37.332760+00:00,1168,4
2024-05-10 00:42:37.523927+00:00,1246,41
2024-05-10 00:42:37.586722+00:00,1074,24
2024-05-10 00:42:37.757363+00:00,1140,13
2024-05-10 00:42:37.831763+00:00,1171,3
2024-05-10 00:42:38.082239+00:00,1171,6
2024-05-10 00:42:38.508403+00:00,1141,8
2024-05-10 00:42:38.525120+00:00,1246,243
2024-05-10 00:42:39.256940+00:00,1141,12
2024-05-10 00:42:39.407774+00:00,1147,36
2024-05-10 00:42:39.600454+00:00,1365,322
2024-05-10 00:42:39.757035+00:00,1141,7
2024-05-10 00:42:39.905235+00:00,1466,4
2024-05-10 00:42:40.038774+00:00,1911,17
2024-05-10 00:42:40.158315+00:00,2008,1
2024-05-10 00:42:40.407760+00:00,2008,1
2024-05-10 00:42:41.005701+00:00,1143,8
2024-05-10 00:42:41.030141+00:00,1247,61
2024-05-10 00:42:41.260529+00:00,1143,10
2024-05-10 00:42:41.273539+00:00,1247,1
2024-05-10 00:42:41.294379+00:00,1911,13
2024-05-10 00:42:41.757859+00:00,1144,9
2024-05-10 00:42:41.847182+00:00,1367,204
2024-05-10 00:42:42.025437+00:00,1202,14
2024-05-10 00:42:42.026372+00:00,1203,6
2024-05-10 00:42:42.158045+00:00,1255,11
2024-05-10 00:42:42.160526+00:00,1298,1
2024-05-10 00:42:42.277438+00:00,1208,1
2024-05-10 00:42:42.284415+00:00,1247,196
2024-05-10 00:42:42.336258+00:00,1367,18
2024-05-10 00:42:42.401707+00:00,1298,1
2024-05-10 00:42:42.522937+00:00,1793,75
2024-05-10 00:42:42.523402+00:00,1201,1
2024-05-10 00:42:42.587939+00:00,1368,10
2024-05-10 00:42:42.636284+00:00,1932,15
2024-05-10 00:42:42.657168+00:00,1298,1
2024-05-10 00:42:42.772664+00:00,1205,1
2024-05-10 00:42:43.024927+00:00,1203,1
2024-05-10 00:42:43.038900+00:00,1905,13
2024-05-10 00:42:43.155838+00:00,1300,2
2024-05-10 00:42:43.282065+00:00,1248,195
2024-05-10 00:42:43.584637+00:00,1369,52
2024-05-10 00:42:43.833370+00:00,1822,17
2024-05-10 00:42:43.835448+00:00,1369,7
2024-05-10 00:42:43.908630+00:00,1298,1
2024-05-10 00:42:44.023400+00:00,1202,1
2024-05-10 00:42:44.024080+00:00,1203,1
2024-05-10 00:42:44.254913+00:00,1965,12
2024-05-10 00:42:44.333083+00:00,1027,8
2024-05-10 00:42:44.335200+00:00,1355,3
2024-05-10 00:42:44.412988+00:00,1298,1
2024-05-10 00:42:44.507550+00:00,1152,12
2024-05-10 00:42:44.537613+00:00,1897,8
2024-05-10 00:42:44.582924+00:00,1370,20
2024-05-10 00:42:44.774895+00:00,1206,7
2024-05-10 00:42:44.881307+00:00,1935,12
2024-05-10 00:42:44.903945+00:00,2018,2
2024-05-10 00:42:45.168135+00:00,1470,4
2024-05-10 00:42:45.754780+00:00,1154,9
2024-05-10 00:42:45.778759+00:00,1248,34
2024-05-10 00:42:45.911680+00:00,1791,13
2024-05-10 00:42:46.038067+00:00,1970,3
2024-05-10 00:42:46.259372+00:00,1709,3
2024-05-10 00:42:46.275538+00:00,1817,6
2024-05-10 00:42:46.276843+00:00,1501,29
2024-05-10 00:42:46.282479+00:00,1248,3
2024-05-10 00:42:46.512048+00:00,1965,30
2024-05-10 00:42:46.833303+00:00,1358,3
2024-05-10 00:42:47.005116+00:00,1155,8
2024-05-10 00:42:47.022163+00:00,1248,165
2024-05-10 00:42:47.039566+00:00,1897,13
2024-05-10 00:42:47.276895+00:00,1964,28
2024-05-10 00:42:47.758820+00:00,1155,9
2024-05-10 00:42:47.895704+00:00,1709,3
2024-05-10 00:42:48.082589+00:00,1561,23
2024-05-10 00:42:48.268963+00:00,1966,16
2024-05-10 00:42:48.335327+00:00,1371,500
2024-05-10 00:42:48.903033+00:00,1792,1
2024-05-10 00:42:49.016612+00:00,1818,4
2024-05-10 00:42:49.408969+00:00,1792,7
2024-05-10 00:42:49.512718+00:00,1352,31
2024-05-10 00:42:49.537660+00:00,1732,3
2024-05-10 00:42:49.658447+00:00,1793,6
2024-05-10 00:42:49.788501+00:00,1744,3
2024-05-10 00:42:49.891329+00:00,1610,9
2024-05-10 00:42:50.038830+00:00,1905,13
2024-05-10 00:42:50.340418+00:00,1564,14
2024-05-10 00:42:50.588805+00:00,1564,15
2024-05-10 00:42:50.651346+00:00,1474,4
2024-05-10 00:42:51.253687+00:00,1155,9
2024-05-10 00:42:51.506083+00:00,1421,9
2024-05-10 00:42:51.521619+00:00,1818,5
2024-05-10 00:42:51.521765+00:00,1206,48
2024-05-10 00:42:51.538729+00:00,1252,5
2024-05-10 00:42:51.883900+00:00,1613,3
2024-05-10 00:42:52.002697+00:00,1153,9
2024-05-10 00:42:52.037912+00:00,1509,2
2024-05-10 00:42:52.038344+00:00,1251,5
2024-05-10 00:42:52.771726+00:00,1250,110
2024-05-10 00:42:52.775999+00:00,1079,9
2024-05-10 00:42:52.905631+00:00,1418,9
2024-05-10 00:42:53.292625+00:00,1508,6
2024-05-10 00:42:53.405653+00:00,1797,1
2024-05-10 00:42:53.662061+00:00,1797,3
2024-05-10 00:42:53.665705+00:00,1420,12
2024-05-10 00:42:53.772902+00:00,1609,15
2024-05-10 00:42:53.902614+00:00,1421,1
2024-05-10 00:42:54.018898+00:00,1206,1
2024-05-10 00:42:54.086629+00:00,1351,1
2024-05-10 00:42:54.271719+00:00,1624,15
2024-05-10 00:42:54.341048+00:00,1175,12
2024-05-10 00:42:54.343764+00:00,1365,2
2024-05-10 00:42:54.402213+00:00,1798,2
2024-05-10 00:42:54.402709+00:00,1421,11
2024-05-10 00:42:54.588051+00:00,1565,1
2024-05-10 00:42:54.590404+00:00,1870,20
2024-05-10 00:42:55.007051+00:00,1162,13
2024-05-10 00:42:55.087144+00:00,1176,11
2024-05-10 00:42:55.341500+00:00,1565,17
2024-05-10 00:42:55.341990+00:00,1177,1
2024-05-10 00:42:55.402534+00:00,1478,6
2024-05-10 00:42:55.517327+00:00,1206,52
2024-05-10 00:42:55.584835+00:00,1179,2
2024-05-10 00:42:55.791706+00:00,1964,5
2024-05-10 00:42:55.791758+00:00,1254,3
2024-05-10 00:42:56.086771+00:00,1179,2
2024-05-10 00:42:56.337688+00:00,1566,13
2024-05-10 00:42:56.516862+00:00,1818,1
2024-05-10 00:42:56.651064+00:00,1798,66
2024-05-10 00:42:56.767196+00:00,1818,4
2024-05-10 00:42:57.039108+00:00,1651,18
2024-05-10 00:42:57.138841+00:00,1614,2
2024-05-10 00:42:57.143553+00:00,1209,4
2024-05-10 00:42:57.153172+00:00,1423,19
2024-05-10 00:42:57.252570+00:00,1204,49
2024-05-10 00:42:57.661488+00:00,1478,6
2024-05-10 00:42:57.790840+00:00,1969,1
2024-05-10 00:42:58.253224+00:00,1164,4
2024-05-10 00:42:58.503334+00:00,1165,9
2024-05-10 00:42:58.753265+00:00,1204,33
2024-05-10 00:42:58.884863+00:00,1615,1
2024-05-10 00:42:59.334357+00:00,1173,223
2024-05-10 00:42:59.517145+00:00,1208,31
2024-05-10 00:42:59.583589+00:00,1175,4
2024-05-10 00:43:00.082782+00:00,1176,11
2024-05-10 00:43:00.253194+00:00,1165,10
2024-05-10 00:43:00.267343+00:00,1202,12
2024-05-10 00:43:00.541199+00:00,1910,13
2024-05-10 00:43:00.834360+00:00,1181,172
2024-05-10 00:43:01.267819+00:00,1202,17
2024-05-10 00:43:01.332231+00:00,1027,16
2024-05-10 00:43:01.583424+00:00,1047,1
2024-05-10 00:43:01.833453+00:00,1871,18
2024-05-10 00:43:02.017203+00:00,1201,8
2024-05-10 00:43:02.257250+00:00,1174,13
2024-05-10 00:43:02.266779+00:00,1201,5
2024-05-10 00:43:02.901837+00:00,1768,9
2024-05-10 00:43:03.017600+00:00,1203,1
2024-05-10 00:43:03.290132+00:00,1744,3
2024-05-10 00:43:03.339586+00:00,1877,18
2024-05-10 00:43:03.650561+00:00,1268,15
2024-05-10 00:43:03.651899+00:00,1418,9
2024-05-10 00:43:03.797858+00:00,1732,3
2024-05-10 00:43:03.832662+00:00,1567,12
2024-05-10 00:43:04.151021+00:00,2037,3
2024-05-10 00:43:04.268558+00:00,1556,13
2024-05-10 00:43:04.268790+00:00,1202,13
2024-05-10 00:43:04.332532+00:00,1084,8
2024-05-10 00:43:04.400562+00:00,1150,1
2024-05-10 00:43:04.541810+00:00,1910,1
2024-05-10 00:43:04.763402+00:00,1563,1
2024-05-10 00:43:05.266425+00:00,1557,11
2024-05-10 00:43:05.291219+00:00,1910,3
2024-05-10 00:43:05.335920+00:00,1571,1
2024-05-10 00:43:05.388910+00:00,1771,8
2024-05-10 00:43:05.404626+00:00,1430,97
2024-05-10 00:43:05.903154+00:00,1442,9
2024-05-10 00:43:06.046086+00:00,1910,3
2024-05-10 00:43:06.334217+00:00,1571,18
2024-05-10 00:43:06.400463+00:00,1264,16
2024-05-10 00:43:06.504493+00:00,1177,9
2024-05-10 00:43:06.766847+00:00,1202,1
2024-05-10 00:43:06.900724+00:00,1817,9
2024-05-10 00:43:07.016831+00:00,1608,3
2024-05-10 00:43:07.271053+00:00,1201,5
2024-05-10 00:43:07.503458+00:00,1176,9
2024-05-10 00:43:07.652969+00:00,1502,79
2024-05-10 00:43:08.004725+00:00,1176,5
2024-05-10 00:43:08.018792+00:00,1560,16
2024-05-10 00:43:08.151550+00:00,1820,5
2024-05-10 00:43:08.254861+00:00,1176,5
2024-05-10 00:43:08.381983+00:00,1923,81
2024-05-10 00:43:08.832903+00:00,1042,6
2024-05-10 00:43:08.885965+00:00,1233,9
2024-05-10 00:43:09.003844+00:00,1175,8
2024-05-10 00:43:09.017632+00:00,1613,3
2024-05-10 00:43:09.266663+00:00,1560,12
2024-05-10 00:43:09.385493+00:00,1804,87
2024-05-10 00:43:09.400782+00:00,1819,10
2024-05-10 00:43:09.504153+00:00,1176,8
2024-05-10 00:43:09.516749+00:00,1811,10
2024-05-10 00:43:09.642511+00:00,1235,1
2024-05-10 00:43:09.900452+00:00,1114,18
2024-05-10 00:43:10.018917+00:00,1560,12
2024-05-10 00:43:10.517546+00:00,1560,13
2024-05-10 00:43:10.767897+00:00,1811,10
2024-05-10 00:43:10.832389+00:00,1573,17
2024-05-10 00:43:10.833047+00:00,1241,9
2024-05-10 00:43:10.902786+00:00,1082,62
2024-05-10 00:43:11.002364+00:00,1589,4
2024-05-10 00:43:11.044013+00:00,1969,2
2024-05-10 00:43:11.152009+00:00,1821,9
2024-05-10 00:43:11.266782+00:00,1811,3
2024-05-10 00:43:11.332397+00:00,1574,1
2024-05-10 00:43:11.401243+00:00,1268,12
2024-05-10 00:43:11.518262+00:00,1811,10
2024-05-10 00:43:11.651330+00:00,1084,5
2024-05-10 00:43:11.833410+00:00,1240,121
2024-05-10 00:43:11.905175+00:00,1084,5
2024-05-10 00:43:12.018267+00:00,1811,3
2024-05-10 00:43:12.082251+00:00,1575,18
2024-05-10 00:43:12.253351+00:00,1183,10
2024-05-10 00:43:12.334389+00:00,1575,17
2024-05-10 00:43:12.400515+00:00,1085,1
2024-05-10 00:43:12.586028+00:00,1992,1
2024-05-10 00:43:13.018457+00:00,1811,10
2024-05-10 00:43:13.046474+00:00,1975,2
2024-05-10 00:43:13.152340+00:00,1115,83
2024-05-10 00:43:13.503399+00:00,1185,8
2024-05-10 00:43:13.553621+00:00,1540,70
2024-05-10 00:43:13.900453+00:00,1426,1
2024-05-10 00:43:14.254116+00:00,1185,9
2024-05-10 00:43:14.267157+00:00,1812,1
2024-05-10 00:43:14.382445+00:00,1430,2
2024-05-10 00:43:14.766558+00:00,1813,1
2024-05-10 00:43:14.792511+00:00,1983,3
2024-05-10 00:43:14.796061+00:00,1555,41
2024-05-10 00:43:15.256618+00:00,1587,5
2024-05-10 00:43:15.258316+00:00,1186,8
2024-05-10 00:43:15.268237+00:00,1563,20
2024-05-10 00:43:15.293847+00:00,1909,3
2024-05-10 00:43:15.518527+00:00,1812,1
2024-05-10 00:43:15.635476+00:00,1432,4
2024-05-10 00:43:15.650584+00:00,1118,20
2024-05-10 00:43:16.003985+00:00,1186,16
2024-05-10 00:43:16.030375+00:00,1258,18
2024-05-10 00:43:16.085232+00:00,1804,9
2024-05-10 00:43:16.141158+00:00,1432,10
2024-05-10 00:43:16.402961+00:00,1150,82
2024-05-10 00:43:16.403153+00:00,1088,80
2024-05-10 00:43:16.407188+00:00,1296,22
2024-05-10 00:43:16.591979+00:00,1806,7
2024-05-10 00:43:16.650782+00:00,1117,2
2024-05-10 00:43:16.798955+00:00,1565,9
2024-05-10 00:43:17.017829+00:00,1203,15
2024-05-10 00:43:17.022431+00:00,1304,9
2024-05-10 00:43:17.270728+00:00,1772,3
2024-05-10 00:43:17.386920+00:00,1804,85
2024-05-10 00:43:17.403388+00:00,1296,18
2024-05-10 00:43:17.770732+00:00,1303,4
2024-05-10 00:43:18.005439+00:00,1399,23
2024-05-10 00:43:18.635625+00:00,1430,1
2024-05-10 00:43:18.761679+00:00,1153,1
2024-05-10 00:43:19.012757+00:00,1400,64
2024-05-10 00:43:19.400767+00:00,1428,4
2024-05-10 00:43:19.505845+00:00,1151,3
2024-05-10 00:43:20.268387+00:00,1203,14
2024-05-10 00:43:20.400529+00:00,1430,1
2024-05-10 00:43:20.583857+00:00,1811,79
2024-05-10 00:43:20.651221+00:00,1430,14
2024-05-10 00:43:20.653253+00:00,1164,7
2024-05-10 00:43:20.755712+00:00,1151,3
2024-05-10 00:43:20.901039+00:00,1150,1
2024-05-10 00:43:21.504200+00:00,1149,3
2024-05-10 00:43:21.789093+00:00,1572,43
2024-05-10 00:43:22.269774+00:00,1260,18
2024-05-10 00:43:22.511725+00:00,1312,12
2024-05-10 00:43:22.650870+00:00,1093,1
2024-05-10 00:43:22.759944+00:00,1404,5
2024-05-10 00:43:22.769125+00:00,1688,27
2024-05-10 00:43:22.900682+00:00,1093,5
2024-05-10 00:43:23.151652+00:00,1093,4
2024-05-10 00:43:23.268725+00:00,1260,8
2024-05-10 00:43:23.400538+00:00,1152,1
2024-05-10 00:43:23.400907+00:00,1093,4
2024-05-10 00:43:23.753900+00:00,1405,6
2024-05-10 00:43:23.773024+00:00,1260,17
2024-05-10 00:43:24.266553+00:00,1978,9
2024-05-10 00:43:24.270865+00:00,1260,17
2024-05-10 00:43:25.519131+00:00,1262,16
2024-05-10 00:43:25.787652+00:00,1585,113
2024-05-10 00:43:26.029541+00:00,1262,16
2024-05-10 00:43:26.270472+00:00,1980,4
2024-05-10 00:43:26.504085+00:00,1586,14
2024-05-10 00:43:26.520749+00:00,1262,16
2024-05-10 00:43:26.541275+00:00,1582,46
2024-05-10 00:43:26.641995+00:00,1118,292
2024-05-10 00:43:27.003454+00:00,1193,13
2024-05-10 00:43:27.252934+00:00,1586,12
2024-05-10 00:43:27.266862+00:00,1981,3
2024-05-10 00:43:27.754069+00:00,1586,1
2024-05-10 00:43:27.754373+00:00,1194,7
2024-05-10 00:43:27.902313+00:00,1281,3
2024-05-10 00:43:28.003845+00:00,1586,7
2024-05-10 00:43:28.004406+00:00,1195,3
2024-05-10 00:43:28.017951+00:00,1981,3
2024-05-10 00:43:28.025929+00:00,1263,15
2024-05-10 00:43:28.292511+00:00,1582,123
2024-05-10 00:43:28.503110+00:00,1195,1
2024-05-10 00:43:28.508866+00:00,1920,15
2024-05-10 00:43:28.755204+00:00,1586,11
2024-05-10 00:43:28.787323+00:00,2042,6
2024-05-10 00:43:28.790091+00:00,1585,6
2024-05-10 00:43:28.905010+00:00,1295,14
2024-05-10 00:43:29.003187+00:00,1195,1
2024-05-10 00:43:29.089309+00:00,1306,4
2024-05-10 00:43:29.271108+00:00,1262,17
2024-05-10 00:43:29.584470+00:00,1390,1
2024-05-10 00:43:29.654375+00:00,1297,22
2024-05-10 00:43:29.754780+00:00,1204,10
2024-05-10 00:43:29.787509+00:00,1585,2
2024-05-10 00:43:30.152930+00:00,1297,8
2024-05-10 00:43:30.252818+00:00,1196,10
2024-05-10 00:43:30.254817+00:00,1913,9
2024-05-10 00:43:30.407153+00:00,1146,1
2024-05-10 00:43:30.409631+00:00,1297,22
2024-05-10 00:43:30.525842+00:00,1236,7
2024-05-10 00:43:31.082071+00:00,1392,1
2024-05-10 00:43:31.252627+00:00,1584,1
2024-05-10 00:43:31.544015+00:00,1584,6
2024-05-10 00:43:31.755359+00:00,1913,18
2024-05-10 00:43:31.884830+00:00,1278,12
2024-05-10 00:43:31.908456+00:00,1302,25
2024-05-10 00:43:32.155888+00:00,1147,1
2024-05-10 00:43:32.252855+00:00,1586,2
2024-05-10 00:43:32.254240+00:00,1404,1
2024-05-10 00:43:32.292526+00:00,1585,1
2024-05-10 00:43:32.541191+00:00,1585,1
2024-05-10 00:43:32.753745+00:00,1586,14
2024-05-10 00:43:32.757176+00:00,1402,1
2024-05-10 00:43:32.832007+00:00,1088,18
2024-05-10 00:43:33.010772+00:00,1402,1
2024-05-10 00:43:33.252904+00:00,1920,2
2024-05-10 00:43:33.286242+00:00,1585,3
2024-05-10 00:43:33.653844+00:00,1148,7
2024-05-10 00:43:33.754821+00:00,1920,5
2024-05-10 00:43:34.502331+00:00,1205,13
2024-05-10 00:43:34.537634+00:00,1089,17
2024-05-10 00:43:34.794187+00:00,1588,162
2024-05-10 00:43:35.082264+00:00,1363,5
2024-05-10 00:43:35.153855+00:00,1302,1
2024-05-10 00:43:35.403187+00:00,1302,19
2024-05-10 00:43:35.650602+00:00,1149,4
2024-05-10 00:43:35.755550+00:00,1208,8
2024-05-10 00:43:36.024466+00:00,1093,19
2024-05-10 00:43:36.083904+00:00,1878,7
2024-05-10 00:43:36.253405+00:00,1925,18
2024-05-10 00:43:37.753980+00:00,1401,6
2024-05-10 00:43:38.407206+00:00,1149,2
2024-05-10 00:43:38.754044+00:00,1215,13
2024-05-10 00:43:38.767602+00:00,1309,14
2024-05-10 00:43:38.847949+00:00,1878,20
2024-05-10 00:43:39.097261+00:00,1878,6
2024-05-10 00:43:39.253268+00:00,1587,8
2024-05-10 00:43:39.422211+00:00,1298,315
2024-05-10 00:43:39.503742+00:00,1587,1
2024-05-10 00:43:39.503895+00:00,1423,5
2024-05-10 00:43:39.754554+00:00,1587,1
2024-05-10 00:43:39.755205+00:00,1587,1
2024-05-10 00:43:40.004065+00:00,1402,4
2024-05-10 00:43:40.020806+00:00,1264,64
2024-05-10 00:43:40.504518+00:00,1587,11
2024-05-10 00:43:40.504759+00:00,1427,49
2024-05-10 00:43:40.834454+00:00,1878,10
2024-05-10 00:43:41.017711+00:00,1095,13
2024-05-10 00:43:41.658140+00:00,1096,13
2024-05-10 00:43:41.758835+00:00,1405,120
2024-05-10 00:43:42.096805+00:00,1632,67
2024-05-10 00:43:42.257928+00:00,1432,38
2024-05-10 00:43:42.517473+00:00,1789,14
2024-05-10 00:43:42.595074+00:00,1332,46
2024-05-10 00:43:43.014746+00:00,1432,8
2024-05-10 00:43:43.092193+00:00,1332,1
2024-05-10 00:43:43.503790+00:00,1096,158
2024-05-10 00:43:43.838780+00:00,1056,10
2024-05-10 00:43:44.035441+00:00,1265,13
2024-05-10 00:43:44.132757+00:00,1226,3
2024-05-10 00:43:44.514287+00:00,1439,261
2024-05-10 00:43:44.523009+00:00,1788,14
2024-05-10 00:43:44.587625+00:00,1877,18
2024-05-10 00:43:44.760512+00:00,1439,92
2024-05-10 00:43:44.762136+00:00,1441,1
2024-05-10 00:43:45.040644+00:00,1899,10
2024-05-10 00:43:45.257748+00:00,1216,1
2024-05-10 00:43:45.341232+00:00,1600,2
2024-05-10 00:43:45.345038+00:00,1336,10
2024-05-10 00:43:45.384773+00:00,1225,3
2024-05-10 00:43:45.507801+00:00,1217,8
2024-05-10 00:43:46.010134+00:00,1217,8
2024-05-10 00:43:46.023016+00:00,1315,10
2024-05-10 00:43:47.019164+00:00,1565,23
2024-05-10 00:43:47.382235+00:00,1225,3
2024-05-10 00:43:47.754908+00:00,1295,3
2024-05-10 00:43:48.268099+00:00,1620,27
2024-05-10 00:43:49.262440+00:00,1431,31
2024-05-10 00:43:49.404412+00:00,1152,9
2024-05-10 00:43:49.832304+00:00,1048,1
2024-05-10 00:43:50.020432+00:00,1267,14
2024-05-10 00:43:50.504147+00:00,1297,7
2024-05-10 00:43:50.655476+00:00,1152,12
2024-05-10 00:43:50.655712+00:00,1051,21
2024-05-10 00:43:50.801735+00:00,1565,22
2024-05-10 00:43:50.832925+00:00,1346,75
2024-05-10 00:43:50.911986+00:00,1300,3
2024-05-10 00:43:51.018668+00:00,1265,13
2024-05-10 00:43:51.656562+00:00,1300,3
2024-05-10 00:43:51.766698+00:00,1874,1
2024-05-10 00:43:51.799775+00:00,1567,1
2024-05-10 00:43:52.015416+00:00,1408,61
2024-05-10 00:43:52.259310+00:00,1224,13
2024-05-10 00:43:52.510542+00:00,1225,11
2024-05-10 00:43:52.549006+00:00,1567,4
2024-05-10 00:43:53.584097+00:00,1361,34
2024-05-10 00:43:54.004497+00:00,1297,3
2024-05-10 00:43:54.131111+00:00,1805,2
2024-05-10 00:43:54.381955+00:00,1410,4
2024-05-10 00:43:54.655386+00:00,1307,3
2024-05-10 00:43:54.903951+00:00,1801,8
2024-05-10 00:43:54.904940+00:00,1301,2
2024-05-10 00:43:55.157962+00:00,1519,10
2024-05-10 00:43:55.302124+00:00,1572,227
2024-05-10 00:43:55.658928+00:00,1167,24
2024-05-10 00:43:55.834594+00:00,1363,1
2024-05-10 00:43:55.881077+00:00,1317,9
2024-05-10 00:43:56.006094+00:00,1247,10
2024-05-10 00:43:56.026186+00:00,1781,3
2024-05-10 00:43:56.158624+00:00,1313,210
2024-05-10 00:43:56.273083+00:00,1781,3
2024-05-10 00:43:56.402932+00:00,1521,1
2024-05-10 00:43:56.586734+00:00,1072,3
2024-05-10 00:43:57.267825+00:00,1786,1
2024-05-10 00:43:57.404067+00:00,1153,8
2024-05-10 00:43:57.512052+00:00,1323,76
2024-05-10 00:43:57.631267+00:00,1319,8
2024-05-10 00:43:57.774772+00:00,1266,12
2024-05-10 00:43:58.007289+00:00,1758,2
2024-05-10 00:43:58.133496+00:00,1319,1
2024-05-10 00:43:58.262275+00:00,1236,13
2024-05-10 00:43:58.262492+00:00,1247,13
2024-05-10 00:43:58.381674+00:00,1413,1
2024-05-10 00:43:58.382472+00:00,1319,8
2024-05-10 00:43:58.764357+00:00,1247,16
2024-05-10 00:43:58.881501+00:00,1319,8
2024-05-10 00:43:59.256489+00:00,1248,12
2024-05-10 00:43:59.384755+00:00,1320,7
2024-05-10 00:43:59.519930+00:00,1573,13
2024-05-10 00:43:59.883093+00:00,1322,7
2024-05-10 00:43:59.900097+00:00,1526,30
2024-05-10 00:44:00.150663+00:00,1527,3
2024-05-10 00:44:00.261452+00:00,1760,11
2024-05-10 00:44:00.264587+00:00,1323,75
2024-05-10 00:44:00.505007+00:00,1410,5
2024-05-10 00:44:00.587578+00:00,1208,66
2024-05-10 00:44:00.635251+00:00,1413,1
2024-05-10 00:44:00.794476+00:00,1246,14
2024-05-10 00:44:00.901437+00:00,1526,51
2024-05-10 00:44:01.021064+00:00,1267,11
2024-05-10 00:44:01.151221+00:00,1527,1
2024-05-10 00:44:01.153078+00:00,1302,1
2024-05-10 00:44:01.260280+00:00,1254,13
2024-05-10 00:44:01.260569+00:00,1309,24
2024-05-10 00:44:01.400537+00:00,1528,2
2024-05-10 00:44:01.585354+00:00,1169,3
2024-05-10 00:44:01.630721+00:00,1285,1
2024-05-10 00:44:01.650576+00:00,1527,1
2024-05-10 00:44:02.261534+00:00,1243,14
2024-05-10 00:44:02.508781+00:00,1446,3
2024-05-10 00:44:02.651446+00:00,1530,3
2024-05-10 00:44:02.770011+00:00,1578,8
2024-05-10 00:44:02.887738+00:00,1525,45
2024-05-10 00:44:03.130979+00:00,1285,17
2024-05-10 00:44:03.382402+00:00,1317,10
2024-05-10 00:44:03.401273+00:00,1532,3
2024-05-10 00:44:03.508993+00:00,1414,2
2024-05-10 00:44:03.524169+00:00,1575,13
2024-05-10 00:44:03.531300+00:00,1267,7
2024-05-10 00:44:03.586319+00:00,1798,9
2024-05-10 00:44:03.754019+00:00,1761,8
2024-05-10 00:44:03.768223+00:00,1576,1
2024-05-10 00:44:03.799429+00:00,1045,1
2024-05-10 00:44:04.004071+00:00,1446,3
2024-05-10 00:44:04.254440+00:00,1310,22
2024-05-10 00:44:04.400875+00:00,1530,3
2024-05-10 00:44:04.792882+00:00,1672,175
2024-05-10 00:44:04.900495+00:00,1531,2
2024-05-10 00:44:05.090835+00:00,1175,107
2024-05-10 00:44:05.258697+00:00,1414,8
2024-05-10 00:44:05.400513+00:00,1532,1
2024-05-10 00:44:05.502820+00:00,1447,1
2024-05-10 00:44:05.533027+00:00,1268,1
2024-05-10 00:44:05.587465+00:00,1635,1
2024-05-10 00:44:05.754158+00:00,1447,5
2024-05-10 00:44:06.549293+00:00,1674,4
2024-05-10 00:44:07.002704+00:00,1451,65
2024-05-10 00:44:07.084921+00:00,1172,3
2024-05-10 00:44:08.002724+00:00,1456,3
2024-05-10 00:44:08.253139+00:00,1765,4
2024-05-10 00:44:08.503316+00:00,1315,18
2024-05-10 00:44:08.590070+00:00,1800,5
2024-05-10 00:44:08.754067+00:00,1320,1
2024-05-10 00:44:09.004869+00:00,1250,9
2024-05-10 00:44:09.253090+00:00,1319,20
2024-05-10 00:44:09.253797+00:00,1455,1
2024-05-10 00:44:09.394162+00:00,1360,9
2024-05-10 00:44:09.503055+00:00,1321,6
2024-05-10 00:44:10.003686+00:00,1454,13
2024-05-10 00:44:10.004772+00:00,1321,13
2024-05-10 00:44:10.008267+00:00,1313,1
2024-05-10 00:44:10.253049+00:00,1358,8
2024-05-10 00:44:10.274592+00:00,1582,24
2024-05-10 00:44:10.502747+00:00,1768,102
2024-05-10 00:44:10.647448+00:00,1799,17
2024-05-10 00:44:10.760818+00:00,1456,5
2024-05-10 00:44:10.762215+00:00,1313,4
2024-05-10 00:44:11.008742+00:00,1359,1
2024-05-10 00:44:11.009652+00:00,1359,6
2024-05-10 00:44:11.154383+00:00,1314,181
2024-05-10 00:44:11.261173+00:00,1318,1
2024-05-10 00:44:11.262163+00:00,1313,4
2024-05-10 00:44:11.385974+00:00,1772,3
2024-05-10 00:44:11.510485+00:00,1359,6
2024-05-10 00:44:11.512084+00:00,1255,25
2024-05-10 00:44:11.761307+00:00,1460,45
2024-05-10 00:44:12.142488+00:00,1163,110
2024-05-10 00:44:12.151721+00:00,1319,6
2024-05-10 00:44:12.401540+00:00,1319,12
2024-05-10 00:44:12.514684+00:00,1323,20
2024-05-10 00:44:12.768923+00:00,1635,20
2024-05-10 00:44:12.900978+00:00,1319,6
2024-05-10 00:44:13.020945+00:00,1271,1
2024-05-10 00:44:13.137416+00:00,1773,4
2024-05-10 00:44:13.138692+00:00,1289,61
2024-05-10 00:44:13.271225+00:00,1271,5
2024-05-10 00:44:13.287612+00:00,1673,33
2024-05-10 00:44:13.391564+00:00,1305,20
2024-05-10 00:44:13.637657+00:00,1163,106
2024-05-10 00:44:13.651376+00:00,1319,50
2024-05-10 00:44:14.024533+00:00,1271,6
2024-05-10 00:44:14.334797+00:00,1802,4
2024-05-10 00:44:15.264258+00:00,1255,4
2024-05-10 00:44:15.503441+00:00,1255,1
2024-05-10 00:44:15.753675+00:00,1255,8
2024-05-10 00:44:16.132137+00:00,1466,9
2024-05-10 00:44:17.018275+00:00,1641,15
2024-05-10 00:44:17.131589+00:00,1469,8
2024-05-10 00:44:17.503619+00:00,1330,12
2024-05-10 00:44:17.768279+00:00,1643,15
2024-05-10 00:44:18.155329+00:00,1750,9
2024-05-10 00:44:18.155909+00:00,1319,6
2024-05-10 00:44:18.253621+00:00,1330,54
2024-05-10 00:44:18.341857+00:00,1759,1
2024-05-10 00:44:18.631320+00:00,1806,105
2024-05-10 00:44:18.652630+00:00,1318,7
2024-05-10 00:44:19.003562+00:00,1252,19
2024-05-10 00:44:19.133050+00:00,1472,6
2024-05-10 00:44:19.299662+00:00,1612,159
2024-05-10 00:44:19.503977+00:00,1253,50
2024-05-10 00:44:19.881383+00:00,1775,3
2024-05-10 00:44:20.003673+00:00,1252,43
2024-05-10 00:44:20.343647+00:00,1113,19
2024-05-10 00:44:20.382766+00:00,1776,2
2024-05-10 00:44:20.387362+00:00,1794,6
2024-05-10 00:44:20.402076+00:00,1380,36
2024-05-10 00:44:20.505018+00:00,1252,84
2024-05-10 00:44:20.516584+00:00,1579,2
2024-05-10 00:44:20.652843+00:00,1645,6
2024-05-10 00:44:21.017497+00:00,1580,4
2024-05-10 00:44:21.156220+00:00,1645,18
2024-05-10 00:44:21.257903+00:00,1252,26
2024-05-10 00:44:21.506983+00:00,1252,21
2024-05-10 00:44:21.517156+00:00,1643,10
2024-05-10 00:44:21.636312+00:00,1559,1
2024-05-10 00:44:22.003714+00:00,1262,15
2024-05-10 00:44:22.132782+00:00,1569,4
2024-05-10 00:44:22.382050+00:00,1775,3
2024-05-10 00:44:22.504473+00:00,1299,3
2024-05-10 00:44:22.507249+00:00,1253,1
2024-05-10 00:44:22.898313+00:00,1471,17
2024-05-10 00:44:23.252869+00:00,1253,21
2024-05-10 00:44:23.266950+00:00,1645,6
2024-05-10 00:44:23.588184+00:00,1226,39
2024-05-10 00:44:23.756498+00:00,1254,24
2024-05-10 00:44:24.153268+00:00,1759,3
2024-05-10 00:44:24.509930+00:00,1254,21
2024-05-10 00:44:25.131640+00:00,1535,36
2024-05-10 00:44:25.269423+00:00,2006,30
2024-05-10 00:44:25.269756+00:00,1254,4
2024-05-10 00:44:25.511655+00:00,1301,9
2024-05-10 00:44:25.513572+00:00,1406,6
2024-05-10 00:44:25.764330+00:00,1256,2
2024-05-10 00:44:26.274746+00:00,1649,5
2024-05-10 00:44:26.835810+00:00,1759,2
2024-05-10 00:44:27.135616+00:00,1991,1
2024-05-10 00:44:27.263175+00:00,1114,18
2024-05-10 00:44:27.380971+00:00,1920,3
2024-05-10 00:44:27.405158+00:00,1579,12
2024-05-10 00:44:27.407399+00:00,1319,4
2024-05-10 00:44:27.510734+00:00,1990,5
2024-05-10 00:44:27.631281+00:00,1593,7
2024-05-10 00:44:27.651305+00:00,1760,2
2024-05-10 00:44:27.885232+00:00,1536,34
2024-05-10 00:44:28.332023+00:00,1228,3
2024-05-10 00:44:28.386466+00:00,1536,102
2024-05-10 00:44:28.518610+00:00,1258,6
2024-05-10 00:44:28.769698+00:00,1117,3
2024-05-10 00:44:28.910959+00:00,1582,9
2024-05-10 00:44:29.012604+00:00,1258,6
2024-05-10 00:44:29.258872+00:00,1116,19
2024-05-10 00:44:29.545847+00:00,1568,3
2024-05-10 00:44:29.657896+00:00,1117,3
2024-05-10 00:44:30.270844+00:00,1118,17
2024-05-10 00:44:30.345064+00:00,1759,2
2024-05-10 00:44:30.593410+00:00,1174,15
2024-05-10 00:44:30.651198+00:00,1122,1
2024-05-10 00:44:30.654527+00:00,1320,1
2024-05-10 00:44:30.901690+00:00,1122,13
2024-05-10 00:44:30.905103+00:00,1321,2
2024-05-10 00:44:31.152249+00:00,1085,3
2024-05-10 00:44:31.155193+00:00,1320,2
2024-05-10 00:44:31.400671+00:00,1122,4
2024-05-10 00:44:31.402394+00:00,1801,93
2024-05-10 00:44:31.402776+00:00,1320,3
2024-05-10 00:44:31.651061+00:00,1117,3
2024-05-10 00:44:31.905670+00:00,1280,1
2024-05-10 00:44:31.909460+00:00,1319,4
2024-05-10 00:44:32.006690+00:00,1994,1
2024-05-10 00:44:32.007714+00:00,1301,9
2024-05-10 00:44:32.266793+00:00,1416,9
2024-05-10 00:44:32.402456+00:00,1087,26
2024-05-10 00:44:32.651573+00:00,1583,11
2024-05-10 00:44:32.762403+00:00,1256,9
2024-05-10 00:44:32.841957+00:00,1321,3
2024-05-10 00:44:32.904420+00:00,1317,4
2024-05-10 00:44:32.905534+00:00,1648,54
2024-05-10 00:44:33.009765+00:00,1121,14
2024-05-10 00:44:33.012825+00:00,1447,1
2024-05-10 00:44:33.025800+00:00,1275,46
2024-05-10 00:44:33.254913+00:00,1256,3
2024-05-10 00:44:33.400962+00:00,1088,35
2024-05-10 00:44:33.902597+00:00,1319,4
2024-05-10 00:44:34.009914+00:00,1995,2
2024-05-10 00:44:34.400813+00:00,1583,3
2024-05-10 00:44:34.651554+00:00,1648,18
2024-05-10 00:44:34.893457+00:00,1635,4
2024-05-10 00:44:35.292843+00:00,1572,238
2024-05-10 00:44:36.012265+00:00,1124,3
2024-05-10 00:44:36.013007+00:00,1800,5
2024-05-10 00:44:36.152071+00:00,1119,5
2024-05-10 00:44:36.404643+00:00,1320,1
2024-05-10 00:44:36.536884+00:00,1488,1
2024-05-10 00:44:36.584170+00:00,1319,3
2024-05-10 00:44:36.650438+00:00,1119,27
2024-05-10 00:44:36.652941+00:00,1320,3
2024-05-10 00:44:36.902251+00:00,1119,35
2024-05-10 00:44:37.041237+00:00,1641,9
2024-05-10 00:44:37.151035+00:00,1119,1
2024-05-10 00:44:37.400828+00:00,1583,11
2024-05-10 00:44:37.401686+00:00,1119,52
2024-05-10 00:44:37.403992+00:00,1320,3
2024-05-10 00:44:37.405077+00:00,1649,12
2024-05-10 00:44:37.517731+00:00,1564,3
2024-05-10 00:44:37.583433+00:00,1758,3
2024-05-10 00:44:37.651403+00:00,1583,8
2024-05-10 00:44:37.900797+00:00,1760,3
2024-05-10 00:44:37.902927+00:00,1650,17
2024-05-10 00:44:38.158468+00:00,1582,9
2024-05-10 00:44:38.258649+00:00,1124,3
2024-05-10 00:44:38.834554+00:00,1758,3
2024-05-10 00:44:38.902254+00:00,1791,69
2024-05-10 00:44:39.268976+00:00,1204,1
2024-05-10 00:44:40.400663+00:00,1286,22
2024-05-10 00:44:41.401793+00:00,1583,16
2024-05-10 00:44:41.403996+00:00,1650,16
2024-05-10 00:44:41.605880+00:00,1173,73
2024-05-10 00:44:41.771198+00:00,1213,12
2024-05-10 00:44:41.836486+00:00,1763,16
2024-05-10 00:44:42.082923+00:00,1175,10
2024-05-10 00:44:42.141851+00:00,1608,118
2024-05-10 00:44:42.151784+00:00,1583,7
2024-05-10 00:44:42.586482+00:00,1177,29
2024-05-10 00:44:42.651251+00:00,1264,7
2024-05-10 00:44:44.252903+00:00,1617,8
2024-05-10 00:44:44.254547+00:00,1406,4
2024-05-10 00:44:44.775026+00:00,1596,2
2024-05-10 00:44:44.833323+00:00,1765,1
2024-05-10 00:44:44.901743+00:00,1293,15
2024-05-10 00:44:45.002893+00:00,1406,8
2024-05-10 00:44:45.003076+00:00,1260,79
2024-05-10 00:44:45.151253+00:00,1383,178
2024-05-10 00:44:45.185393+00:00,1383,142
2024-05-10 00:44:45.401782+00:00,1585,2
2024-05-10 00:44:45.504256+00:00,1406,11
2024-05-10 00:44:45.517092+00:00,1595,1
2024-05-10 00:44:45.650961+00:00,1585,6
2024-05-10 00:44:45.902003+00:00,1781,49
2024-05-10 00:44:46.082548+00:00,1179,15
2024-05-10 00:44:46.151332+00:00,1120,1
2024-05-10 00:44:46.304532+00:00,1952,1
2024-05-10 00:44:46.594027+00:00,1769,54
2024-05-10 00:44:46.797837+00:00,1953,8
2024-05-10 00:44:47.005797+00:00,1262,134
2024-05-10 00:44:47.598913+00:00,1769,5
2024-05-10 00:44:47.653812+00:00,1784,3
2024-05-10 00:44:47.654472+00:00,1795,6
2024-05-10 00:44:47.757079+00:00,1263,1
2024-05-10 00:44:47.840934+00:00,1120,121
2024-05-10 00:44:48.005279+00:00,1263,10
2024-05-10 00:44:48.152612+00:00,1387,292
2024-05-10 00:44:48.257972+00:00,1263,5
2024-05-10 00:44:48.278383+00:00,2011,22
2024-05-10 00:44:48.518388+00:00,1213,34
2024-05-10 00:44:49.155166+00:00,1391,6
2024-05-10 00:44:49.401077+00:00,1391,7
2024-05-10 00:44:49.651104+00:00,1589,4
2024-05-10 00:44:49.754663+00:00,1590,30
2024-05-10 00:44:49.836984+00:00,1616,7
2024-05-10 00:44:50.140299+00:00,1341,5
2024-05-10 00:44:50.340579+00:00,1744,3
2024-05-10 00:44:50.383045+00:00,1262,57
2024-05-10 00:44:50.506665+00:00,1264,164
2024-05-10 00:44:50.589442+00:00,1751,3
2024-05-10 00:44:51.009780+00:00,1265,44
2024-05-10 00:44:51.151733+00:00,1055,3
2024-05-10 00:44:51.152777+00:00,1784,3
2024-05-10 00:44:52.014429+00:00,1626,37
2024-05-10 00:44:52.018108+00:00,1265,126
2024-05-10 00:44:52.262654+00:00,2016,1
2024-05-10 00:44:52.511765+00:00,2016,16
2024-05-10 00:44:52.511842+00:00,1626,11
2024-05-10 00:44:52.593431+00:00,1311,3
2024-05-10 00:44:52.656962+00:00,1787,70
2024-05-10 00:44:52.900790+00:00,1389,130
2024-05-10 00:44:53.009455+00:00,1591,2
2024-05-10 00:44:53.338814+00:00,1313,10
2024-05-10 00:44:53.594902+00:00,1316,18
2024-05-10 00:44:54.093144+00:00,1183,7
2024-05-10 00:44:54.093731+00:00,1470,33
2024-05-10 00:44:54.341438+00:00,1184,3
2024-05-10 00:44:54.520904+00:00,1220,1
2024-05-10 00:44:55.024916+00:00,1284,162
2024-05-10 00:44:55.134621+00:00,1152,9
2024-05-10 00:44:55.400653+00:00,1336,6
2024-05-10 00:44:56.787785+00:00,1597,45
2024-05-10 00:44:57.288763+00:00,1597,19
2024-05-10 00:44:57.516787+00:00,1580,4
2024-05-10 00:44:57.519027+00:00,1216,16
2024-05-10 00:44:57.768946+00:00,1336,10
2024-05-10 00:44:57.789448+00:00,1785,29
2024-05-10 00:44:58.018333+00:00,1216,19
2024-05-10 00:44:58.381625+00:00,1152,115
2024-05-10 00:44:58.408084+00:00,1132,20
2024-05-10 00:44:58.517473+00:00,1217,17
2024-05-10 00:44:58.660762+00:00,1132,41
2024-05-10 00:44:58.906307+00:00,1797,2
2024-05-10 00:44:59.268436+00:00,1270,4
2024-05-10 00:44:59.291024+00:00,1465,1
2024-05-10 00:44:59.341715+00:00,1476,53
2024-05-10 00:44:59.768887+00:00,1270,49
2024-05-10 00:44:59.786649+00:00,1465,1
2024-05-10 00:44:59.839173+00:00,2012,34
2024-05-10 00:45:00.009845+00:00,1628,215
2024-05-10 00:45:00.090737+00:00,1660,154
2024-05-10 00:45:00.265031+00:00,2019,1
2024-05-10 00:45:00.270277+00:00,1271,122
2024-05-10 00:45:00.511771+00:00,2020,16
2024-05-10 00:45:00.584079+00:00,2012,34
2024-05-10 00:45:00.766573+00:00,1420,2
2024-05-10 00:45:00.834522+00:00,1873,3
2024-05-10 00:45:01.841066+00:00,1470,59
2024-05-10 00:45:02.158267+00:00,1592,92
2024-05-10 00:45:02.266316+00:00,1635,268
2024-05-10 00:45:02.267946+00:00,1577,16
2024-05-10 00:45:02.388024+00:00,1702,5
2024-05-10 00:45:02.406443+00:00,1922,39
2024-05-10 00:45:02.590827+00:00,1345,2
2024-05-10 00:45:02.787024+00:00,1465,7
2024-05-10 00:45:02.789521+00:00,1961,24
2024-05-10 00:45:03.152704+00:00,1797,1
2024-05-10 00:45:03.389681+00:00,1701,6
2024-05-10 00:45:03.537706+00:00,1962,60
2024-05-10 00:45:03.538661+00:00,1581,16
2024-05-10 00:45:04.158191+00:00,1874,14
2024-05-10 00:45:04.287947+00:00,1961,15
2024-05-10 00:45:04.416017+00:00,1874,14
2024-05-10 00:45:04.663883+00:00,1795,3
2024-05-10 00:45:04.843735+00:00,1459,9
2024-05-10 00:45:04.920597+00:00,1874,14
2024-05-10 00:45:05.084836+00:00,2013,32
2024-05-10 00:45:05.539823+00:00,1961,15
2024-05-10 00:45:06.153589+00:00,1970,16
2024-05-10 00:45:06.294995+00:00,1954,73
2024-05-10 00:45:06.297431+00:00,1962,43
2024-05-10 00:45:06.389024+00:00,1704,3
2024-05-10 00:45:06.402779+00:00,1798,4
2024-05-10 00:45:06.504894+00:00,1272,2
2024-05-10 00:45:06.545367+00:00,1617,1
2024-05-10 00:45:06.901113+00:00,1608,1
2024-05-10 00:45:06.902064+00:00,1798,1
2024-05-10 00:45:07.150549+00:00,1798,2
2024-05-10 00:45:07.150637+00:00,1319,52
2024-05-10 00:45:07.402048+00:00,1972,31
2024-05-10 00:45:07.551456+00:00,1962,13
2024-05-10 00:45:07.553342+00:00,1962,12
2024-05-10 00:45:07.653046+00:00,1321,4
2024-05-10 00:45:07.767521+00:00,1938,2
2024-05-10 00:45:07.884354+00:00,1782,129
2024-05-10 00:45:08.087356+00:00,1129,10
2024-05-10 00:45:08.151557+00:00,1321,4
2024-05-10 00:45:08.402883+00:00,1798,2
2024-05-10 00:45:08.504497+00:00,1273,120
2024-05-10 00:45:08.593909+00:00,1321,12
2024-05-10 00:45:08.651984+00:00,1305,21
2024-05-10 00:45:08.845692+00:00,1776,3
2024-05-10 00:45:09.043079+00:00,1469,27
2024-05-10 00:45:09.092680+00:00,1129,101
2024-05-10 00:45:09.838342+00:00,1181,16
2024-05-10 00:45:09.901085+00:00,1609,25
2024-05-10 00:45:10.845417+00:00,1475,7
2024-05-10 00:45:10.848299+00:00,1775,112
2024-05-10 00:45:10.903523+00:00,1305,17
2024-05-10 00:45:11.021244+00:00,1286,141
2024-05-10 00:45:11.402830+00:00,1311,9
2024-05-10 00:45:12.153443+00:00,1324,3
2024-05-10 00:45:12.544747+00:00,1125,15
2024-05-10 00:45:12.755473+00:00,1688,3
2024-05-10 00:45:13.152337+00:00,1507,21
2024-05-10 00:45:13.340130+00:00,1817,9
2024-05-10 00:45:13.842531+00:00,1819,1
2024-05-10 00:45:13.843186+00:00,2019,1
2024-05-10 00:45:14.338408+00:00,1820,4
2024-05-10 00:45:14.339520+00:00,1474,47
2024-05-10 00:45:14.339866+00:00,2019,18
2024-05-10 00:45:14.402349+00:00,1127,23
2024-05-10 00:45:14.405392+00:00,1325,1
2024-05-10 00:45:14.650471+00:00,1325,2
2024-05-10 00:45:14.770294+00:00,1966,4
2024-05-10 00:45:14.901482+00:00,1132,15
2024-05-10 00:45:15.028347+00:00,1966,3
2024-05-10 00:45:15.153020+00:00,1325,2
2024-05-10 00:45:15.339272+00:00,1183,32
2024-05-10 00:45:15.505013+00:00,1508,6
2024-05-10 00:45:15.655267+00:00,1132,19
2024-05-10 00:45:15.842716+00:00,1534,3
2024-05-10 00:45:15.906032+00:00,1132,11
2024-05-10 00:45:15.907996+00:00,1325,1
2024-05-10 00:45:16.034996+00:00,1539,4
2024-05-10 00:45:16.159491+00:00,1132,4
2024-05-10 00:45:16.411698+00:00,1132,1
2024-05-10 00:45:16.504104+00:00,1770,15
2024-05-10 00:45:16.659494+00:00,1241,32
2024-05-10 00:45:16.662544+00:00,1325,1
2024-05-10 00:45:16.908842+00:00,1325,2
2024-05-10 00:45:17.086622+00:00,1777,2
2024-05-10 00:45:17.154180+00:00,1326,2
2024-05-10 00:45:17.276432+00:00,1238,12
2024-05-10 00:45:17.284959+00:00,1289,157
2024-05-10 00:45:17.667008+00:00,1326,2
2024-05-10 00:45:18.083894+00:00,1042,2
2024-05-10 00:45:18.151822+00:00,1326,2
2024-05-10 00:45:18.553093+00:00,1995,18
2024-05-10 00:45:19.336730+00:00,1091,3
2024-05-10 00:45:19.338402+00:00,1747,2
2024-05-10 00:45:19.402164+00:00,1133,22
2024-05-10 00:45:19.583953+00:00,2019,12
2024-05-10 00:45:19.832466+00:00,1820,5
2024-05-10 00:45:20.081884+00:00,1093,2
2024-05-10 00:45:20.336141+00:00,2019,18
2024-05-10 00:45:20.583197+00:00,1820,1
2024-05-10 00:45:20.832530+00:00,1099,4
2024-05-10 00:45:21.153220+00:00,1097,3
2024-05-10 00:45:21.269925+00:00,1589,22
2024-05-10 00:45:21.583934+00:00,1101,2
2024-05-10 00:45:21.836754+00:00,1747,2
2024-05-10 00:45:22.260580+00:00,1750,6
2024-05-10 00:45:22.401231+00:00,1579,9
2024-05-10 00:45:22.402098+00:00,1808,37
2024-05-10 00:45:22.635748+00:00,1060,2
2024-05-10 00:45:22.652284+00:00,1134,45
2024-05-10 00:45:22.900580+00:00,1100,8
2024-05-10 00:45:23.009316+00:00,1471,34
2024-05-10 00:45:23.150507+00:00,1579,1
2024-05-10 00:45:23.255990+00:00,1471,16
2024-05-10 00:45:23.400901+00:00,1810,9
2024-05-10 00:45:23.753894+00:00,1473,1
2024-05-10 00:45:23.901646+00:00,1099,13
2024-05-10 00:45:24.334562+00:00,1060,49
2024-05-10 00:45:24.400368+00:00,1134,22
2024-05-10 00:45:24.583117+00:00,1822,1
2024-05-10 00:45:24.652611+00:00,1103,9
2024-05-10 00:45:25.003034+00:00,1476,36
2024-05-10 00:45:25.018642+00:00,1290,1
2024-05-10 00:45:25.334160+00:00,1824,8
2024-05-10 00:45:25.336112+00:00,1746,12
2024-05-10 00:45:25.502925+00:00,1476,17
2024-05-10 00:45:25.504471+00:00,1300,9
2024-05-10 00:45:25.652841+00:00,1103,9
2024-05-10 00:45:25.753290+00:00,1355,34
2024-05-10 00:45:25.789007+00:00,1481,9
2024-05-10 00:45:26.002544+00:00,1477,1
2024-05-10 00:45:26.161409+00:00,1811,50
2024-05-10 00:45:26.279869+00:00,1539,4
2024-05-10 00:45:26.288020+00:00,2018,9
2024-05-10 00:45:26.332406+00:00,1824,6
2024-05-10 00:45:26.334558+00:00,1747,14
2024-05-10 00:45:26.502476+00:00,1477,14
2024-05-10 00:45:26.507428+00:00,1753,3
2024-05-10 00:45:26.517741+00:00,1713,15
2024-05-10 00:45:26.526365+00:00,1922,100
2024-05-10 00:45:26.653333+00:00,1104,8
2024-05-10 00:45:26.753658+00:00,1301,3
2024-05-10 00:45:26.753942+00:00,1477,33
2024-05-10 00:45:26.767259+00:00,1291,126
2024-05-10 00:45:27.332908+00:00,1747,12
2024-05-10 00:45:27.416718+00:00,1325,49
2024-05-10 00:45:27.657852+00:00,1811,52
2024-05-10 00:45:27.754778+00:00,1479,30
2024-05-10 00:45:27.834642+00:00,1747,18
2024-05-10 00:45:28.085180+00:00,1747,86
2024-05-10 00:45:28.252612+00:00,1301,7
2024-05-10 00:45:28.503132+00:00,1301,7
2024-05-10 00:45:28.536743+00:00,1458,2
2024-05-10 00:45:29.332380+00:00,1181,21
2024-05-10 00:45:29.584776+00:00,1833,5
2024-05-10 00:45:29.651237+00:00,1136,16
2024-05-10 00:45:29.652407+00:00,1818,47
2024-05-10 00:45:29.752768+00:00,1476,22
2024-05-10 00:45:29.901537+00:00,1136,19
2024-05-10 00:45:30.152025+00:00,1136,39
2024-05-10 00:45:30.254098+00:00,1477,24
2024-05-10 00:45:30.503390+00:00,1181,140
2024-05-10 00:45:30.901090+00:00,1330,4
2024-05-10 00:45:31.023104+00:00,1971,8
2024-05-10 00:45:31.153527+00:00,1136,20
2024-05-10 00:45:31.552200+00:00,1484,1
2024-05-10 00:45:31.651605+00:00,1137,19
2024-05-10 00:45:32.050842+00:00,1485,3
2024-05-10 00:45:32.298734+00:00,1025,9
2024-05-10 00:45:32.332808+00:00,1255,3
2024-05-10 00:45:32.652582+00:00,1137,40
2024-05-10 00:45:33.402816+00:00,1139,20
2024-05-10 00:45:33.543112+00:00,1025,6
2024-05-10 00:45:34.541678+00:00,1961,6
2024-05-10 00:45:34.542852+00:00,1961,10
2024-05-10 00:45:34.585026+00:00,1863,30
2024-05-10 00:45:34.653582+00:00,1112,14
2024-05-10 00:45:34.795589+00:00,1961,10
2024-05-10 00:45:35.041899+00:00,1962,12
2024-05-10 00:45:35.291520+00:00,1026,4
2024-05-10 00:45:35.547610+00:00,1378,42
2024-05-10 00:45:35.634109+00:00,1209,43
2024-05-10 00:45:35.759677+00:00,1356,20
2024-05-10 00:45:35.799022+00:00,1580,5
2024-05-10 00:45:35.906321+00:00,1820,7
2024-05-10 00:45:36.038251+00:00,1962,9
2024-05-10 00:45:36.260399+00:00,1182,40
2024-05-10 00:45:36.289975+00:00,1963,19
2024-05-10 00:45:36.387173+00:00,1209,192
2024-05-10 00:45:36.539829+00:00,1964,8
2024-05-10 00:45:36.583760+00:00,1091,3
2024-05-10 00:45:36.789044+00:00,1964,15
2024-05-10 00:45:37.504797+00:00,1585,9
2024-05-10 00:45:37.540021+00:00,1964,4
2024-05-10 00:45:37.656504+00:00,1873,20
2024-05-10 00:45:37.794441+00:00,1584,49
2024-05-10 00:45:37.795120+00:00,1962,2
2024-05-10 00:45:38.047078+00:00,1962,6
2024-05-10 00:45:38.536756+00:00,1961,4
2024-05-10 00:45:38.656418+00:00,1823,39
2024-05-10 00:45:38.786836+00:00,1025,3
2024-05-10 00:45:38.788193+00:00,1961,12
2024-05-10 00:45:38.789453+00:00,1961,12
2024-05-10 00:45:39.083121+00:00,1093,13
2024-05-10 00:45:39.257117+00:00,1587,170
2024-05-10 00:45:39.301970+00:00,1961,9
2024-05-10 00:45:39.549372+00:00,1961,6
2024-05-10 00:45:39.633202+00:00,1497,4
2024-05-10 00:45:39.659129+00:00,1934,30
2024-05-10 00:45:39.793858+00:00,1028,1
2024-05-10 00:45:39.797349+00:00,1961,9
2024-05-10 00:45:40.040474+00:00,1962,8
2024-05-10 00:45:40.292416+00:00,1029,3
2024-05-10 00:45:40.533647+00:00,1974,1
2024-05-10 00:45:41.332947+00:00,1486,6
2024-05-10 00:45:41.509063+00:00,1184,60
2024-05-10 00:45:41.788628+00:00,1586,4
2024-05-10 00:45:42.297686+00:00,1032,7
2024-05-10 00:45:42.300878+00:00,1586,4
2024-05-10 00:45:43.510560+00:00,1595,15
2024-05-10 00:45:44.259833+00:00,1598,9
2024-05-10 00:45:44.778677+00:00,1297,18
2024-05-10 00:45:45.286747+00:00,1507,31
2024-05-10 00:45:45.402675+00:00,1095,3
2024-05-10 00:45:46.023674+00:00,1736,11
2024-05-10 00:45:46.037987+00:00,1040,4
2024-05-10 00:45:46.902051+00:00,1613,12
2024-05-10 00:45:47.286798+00:00,1487,9
2024-05-10 00:45:47.287997+00:00,1614,3
2024-05-10 00:45:47.508046+00:00,1598,6
2024-05-10 00:45:47.587199+00:00,1776,1
2024-05-10 00:45:49.017552+00:00,1046,3
2024-05-10 00:45:49.544454+00:00,1490,3
2024-05-10 00:45:49.545077+00:00,1490,1
2024-05-10 00:45:49.792013+00:00,1043,5
2024-05-10 00:45:49.793703+00:00,1616,7
2024-05-10 00:45:50.272024+00:00,1978,6
2024-05-10 00:45:50.288824+00:00,1491,6
2024-05-10 00:45:50.406780+00:00,1932,12
2024-05-10 00:45:50.407578+00:00,1329,50
2024-05-10 00:45:50.522578+00:00,1978,10
2024-05-10 00:45:50.657126+00:00,1934,13
2024-05-10 00:45:50.755684+00:00,1202,2
2024-05-10 00:45:51.006987+00:00,1599,1
2024-05-10 00:45:51.007235+00:00,1883,1
2024-05-10 00:45:51.024412+00:00,1979,7
2024-05-10 00:45:51.406236+00:00,1330,3
2024-05-10 00:45:51.507949+00:00,1884,6
2024-05-10 00:45:51.543651+00:00,1617,6
2024-05-10 00:45:51.762957+00:00,1599,10
2024-05-10 00:45:51.766711+00:00,1098,1
2024-05-10 00:45:52.025105+00:00,1633,9
2024-05-10 00:45:52.048931+00:00,1617,6
2024-05-10 00:45:52.049481+00:00,1582,13
2024-05-10 00:45:52.260637+00:00,1599,13
2024-05-10 00:45:52.266232+00:00,1046,3
2024-05-10 00:45:52.300184+00:00,1617,42
2024-05-10 00:45:52.509280+00:00,1885,3
2024-05-10 00:45:52.546833+00:00,2022,7
2024-05-10 00:45:52.771996+00:00,1981,5
2024-05-10 00:45:53.020593+00:00,1600,18
2024-05-10 00:45:53.155959+00:00,1347,2
2024-05-10 00:45:53.268546+00:00,1982,1
2024-05-10 00:45:53.524599+00:00,1982,3
2024-05-10 00:45:53.538501+00:00,1044,5
2024-05-10 00:45:53.770448+00:00,1983,3
2024-05-10 00:45:53.832328+00:00,1491,6
2024-05-10 00:45:54.133072+00:00,1223,36
2024-05-10 00:45:55.040270+00:00,1617,2
2024-05-10 00:45:55.040650+00:00,1617,1
2024-05-10 00:45:55.151250+00:00,1860,3
2024-05-10 00:45:55.277984+00:00,1988,2
2024-05-10 00:45:55.296107+00:00,1618,6
2024-05-10 00:45:55.296167+00:00,2024,4
2024-05-10 00:45:55.402147+00:00,1331,3
2024-05-10 00:45:55.542926+00:00,1502,8
2024-05-10 00:45:55.843007+00:00,1776,6
2024-05-10 00:45:55.901640+00:00,1331,9
2024-05-10 00:45:56.038703+00:00,1099,2
2024-05-10 00:45:56.286960+00:00,2023,4
2024-05-10 00:45:56.529688+00:00,1990,1
2024-05-10 00:45:56.538144+00:00,1101,3
2024-05-10 00:45:56.653394+00:00,1385,5
2024-05-10 00:45:56.777008+00:00,1996,1
2024-05-10 00:45:56.787882+00:00,2024,3
2024-05-10 00:45:57.038071+00:00,1100,2
2024-05-10 00:45:57.151742+00:00,1611,2
2024-05-10 00:45:57.287849+00:00,1618,2
2024-05-10 00:45:57.401288+00:00,1332,3
2024-05-10 00:45:57.537296+00:00,1099,2
2024-05-10 00:45:57.786692+00:00,1100,3
2024-05-10 00:45:57.900610+00:00,1611,2
2024-05-10 00:45:58.038158+00:00,1099,2
2024-05-10 00:45:58.287105+00:00,1099,2
2024-05-10 00:45:58.537703+00:00,1099,1
2024-05-10 00:45:58.786864+00:00,1099,2
2024-05-10 00:45:59.280264+00:00,1313,2
2024-05-10 00:45:59.336173+00:00,1973,9
2024-05-10 00:45:59.511869+00:00,1233,133
2024-05-10 00:45:59.519734+00:00,1047,3
2024-05-10 00:45:59.769315+00:00,1046,3
2024-05-10 00:45:59.772052+00:00,1312,3
2024-05-10 00:45:59.832232+00:00,1760,2
2024-05-10 00:45:59.902785+00:00,1334,5
2024-05-10 00:46:00.152899+00:00,1377,3
2024-05-10 00:46:00.155523+00:00,1936,1
2024-05-10 00:46:00.170266+00:00,1614,4
2024-05-10 00:46:00.288675+00:00,2037,2
2024-05-10 00:46:00.509936+00:00,1662,1
2024-05-10 00:46:00.652610+00:00,1935,9
2024-05-10 00:46:00.761660+00:00,1661,5
2024-05-10 00:46:00.901470+00:00,1934,15
2024-05-10 00:46:00.903157+00:00,1332,3
2024-05-10 00:46:01.011767+00:00,1222,54
2024-05-10 00:46:01.020091+00:00,1314,1
2024-05-10 00:46:01.042191+00:00,2026,1
2024-05-10 00:46:01.151804+00:00,1612,8
2024-05-10 00:46:01.255631+00:00,1273,37
2024-05-10 00:46:01.276372+00:00,1314,1
2024-05-10 00:46:01.286365+00:00,1507,9
2024-05-10 00:46:01.332975+00:00,1975,4
2024-05-10 00:46:01.400559+00:00,1379,1
2024-05-10 00:46:01.650736+00:00,1381,1
2024-05-10 00:46:02.026632+00:00,1042,8
2024-05-10 00:46:02.150443+00:00,1615,18
2024-05-10 00:46:02.403470+00:00,1380,34
2024-05-10 00:46:03.131227+00:00,1232,19
2024-05-10 00:46:03.384103+00:00,1232,25
2024-05-10 00:46:03.409995+00:00,1615,3
2024-05-10 00:46:03.631849+00:00,1232,9
2024-05-10 00:46:03.659670+00:00,1615,3
2024-05-10 00:46:03.661816+00:00,1334,244
2024-05-10 00:46:03.663242+00:00,1335,4
2024-05-10 00:46:03.758091+00:00,2032,4
2024-05-10 00:46:03.906146+00:00,1616,10
2024-05-10 00:46:04.025816+00:00,1289,7
2024-05-10 00:46:04.252862+00:00,1645,202
2024-05-10 00:46:04.257295+00:00,1797,3
2024-05-10 00:46:04.545278+00:00,1620,33
2024-05-10 00:46:05.006985+00:00,1798,2
2024-05-10 00:46:05.257760+00:00,1235,1
2024-05-10 00:46:05.502965+00:00,1235,1
2024-05-10 00:46:05.504116+00:00,1797,3
2024-05-10 00:46:05.539840+00:00,1513,4
2024-05-10 00:46:05.753858+00:00,1235,12
2024-05-10 00:46:06.003600+00:00,1235,1
2024-05-10 00:46:06.254658+00:00,1235,14
2024-05-10 00:46:06.516872+00:00,1292,6
2024-05-10 00:46:06.631667+00:00,1110,10
2024-05-10 00:46:06.756653+00:00,1236,13
2024-05-10 00:46:06.834607+00:00,1776,1
2024-05-10 00:46:06.882407+00:00,1110,14
2024-05-10 00:46:06.906850+00:00,1337,1
2024-05-10 00:46:07.156950+00:00,1338,1
2024-05-10 00:46:07.403643+00:00,1810,5
2024-05-10 00:46:07.503208+00:00,1273,61
2024-05-10 00:46:07.592596+00:00,1549,3
2024-05-10 00:46:07.630789+00:00,1592,1
2024-05-10 00:46:07.754450+00:00,1810,4
2024-05-10 00:46:07.833968+00:00,1309,5
2024-05-10 00:46:08.002950+00:00,1594,10
2024-05-10 00:46:08.131816+00:00,1039,52
2024-05-10 00:46:08.255801+00:00,1236,6
2024-05-10 00:46:08.334956+00:00,1313,3
2024-05-10 00:46:08.504305+00:00,1595,3
2024-05-10 00:46:08.584413+00:00,1313,6
2024-05-10 00:46:08.756099+00:00,1237,3
2024-05-10 00:46:08.772655+00:00,1810,4
2024-05-10 00:46:09.002761+00:00,1595,12
2024-05-10 00:46:09.004091+00:00,1236,6
2024-05-10 00:46:09.132043+00:00,1041,2
2024-05-10 00:46:09.253628+00:00,1596,25
2024-05-10 00:46:09.296881+00:00,1242,1
2024-05-10 00:46:09.505040+00:00,1596,13
2024-05-10 00:46:09.507017+00:00,1237,1
2024-05-10 00:46:09.651067+00:00,1623,6
2024-05-10 00:46:09.651521+00:00,1927,12
2024-05-10 00:46:09.652153+00:00,1311,10
2024-05-10 00:46:09.655951+00:00,1095,3
2024-05-10 00:46:09.755236+00:00,1237,5
2024-05-10 00:46:10.002532+00:00,1882,1
2024-05-10 00:46:10.004699+00:00,1661,77
2024-05-10 00:46:10.004889+00:00,1597,12
2024-05-10 00:46:10.253080+00:00,1237,5
2024-05-10 00:46:10.254002+00:00,1491,10
2024-05-10 00:46:10.503211+00:00,1883,7
2024-05-10 00:46:10.503507+00:00,1596,5
2024-05-10 00:46:10.653300+00:00,1314,1
2024-05-10 00:46:10.756265+00:00,1597,12
2024-05-10 00:46:10.769594+00:00,1315,1
2024-05-10 00:46:11.004920+00:00,1493,9
2024-05-10 00:46:11.151627+00:00,1314,1
2024-05-10 00:46:11.259649+00:00,1884,4
2024-05-10 00:46:11.266606+00:00,1300,3
2024-05-10 00:46:11.269587+00:00,1316,1
2024-05-10 00:46:11.400876+00:00,1314,1
2024-05-10 00:46:11.503293+00:00,1884,4
2024-05-10 00:46:11.505702+00:00,1244,8
2024-05-10 00:46:11.651028+00:00,1314,9
2024-05-10 00:46:11.652725+00:00,1095,3
2024-05-10 00:46:11.753436+00:00,1599,10
2024-05-10 00:46:11.753957+00:00,1884,4
2024-05-10 00:46:11.755980+00:00,1282,42
2024-05-10 00:46:11.757071+00:00,1491,11
2024-05-10 00:46:11.771917+00:00,1316,7
2024-05-10 00:46:11.835078+00:00,1086,3
2024-05-10 00:46:11.835993+00:00,1974,2
2024-05-10 00:46:12.134810+00:00,1114,2
2024-05-10 00:46:12.252931+00:00,1600,9
2024-05-10 00:46:12.255784+00:00,1242,5
2024-05-10 00:46:12.269836+00:00,1316,7
2024-05-10 00:46:12.651150+00:00,1315,8
2024-05-10 00:46:13.018308+00:00,1493,9
2024-05-10 00:46:13.023379+00:00,1640,2
2024-05-10 00:46:13.151312+00:00,1315,1
2024-05-10 00:46:13.152348+00:00,1315,8
2024-05-10 00:46:13.258936+00:00,1601,3
2024-05-10 00:46:13.266268+00:00,1300,4
2024-05-10 00:46:13.386170+00:00,1580,25
2024-05-10 00:46:13.584638+00:00,1316,2
2024-05-10 00:46:14.005916+00:00,1236,5
2024-05-10 00:46:14.006925+00:00,1236,8
2024-05-10 00:46:14.261935+00:00,1236,1
2024-05-10 00:46:14.262067+00:00,1493,9
2024-05-10 00:46:14.508736+00:00,1236,6
2024-05-10 00:46:14.761346+00:00,1236,1
2024-05-10 00:46:14.900609+00:00,1317,6
2024-05-10 00:46:15.008189+00:00,1236,1
2024-05-10 00:46:15.009815+00:00,1494,64
2024-05-10 00:46:15.157571+00:00,1317,6
2024-05-10 00:46:15.763630+00:00,1723,22
2024-05-10 00:46:16.008216+00:00,1493,10
2024-05-10 00:46:16.049084+00:00,1622,1
2024-05-10 00:46:16.300298+00:00,1622,42
2024-05-10 00:46:16.405526+00:00,1831,23
2024-05-10 00:46:16.507529+00:00,1236,8
2024-05-10 00:46:16.590955+00:00,1971,3
2024-05-10 00:46:16.632526+00:00,1600,2
2024-05-10 00:46:16.903868+00:00,1289,11
2024-05-10 00:46:17.004345+00:00,1602,1
2024-05-10 00:46:17.334882+00:00,1973,43
2024-05-10 00:46:17.505960+00:00,1603,1
2024-05-10 00:46:17.507395+00:00,1495,1
2024-05-10 00:46:17.756432+00:00,1237,5
2024-05-10 00:46:18.007538+00:00,1603,4
2024-05-10 00:46:18.009857+00:00,1237,5
2024-05-10 00:46:18.017898+00:00,1294,4
2024-05-10 00:46:18.402375+00:00,1337,1
2024-05-10 00:46:18.403413+00:00,1810,4
2024-05-10 00:46:18.519708+00:00,1634,2
2024-05-10 00:46:18.585093+00:00,1632,3
2024-05-10 00:46:18.650985+00:00,1337,2
2024-05-10 00:46:18.755345+00:00,1606,2
2024-05-10 00:46:18.900818+00:00,1337,2
2024-05-10 00:46:19.338098+00:00,1745,3
2024-05-10 00:46:20.004352+00:00,1500,104
2024-05-10 00:46:20.260903+00:00,1238,1
2024-05-10 00:46:20.404590+00:00,1338,2
2024-05-10 00:46:20.511663+00:00,1369,29
2024-05-10 00:46:20.514619+00:00,1499,37
2024-05-10 00:46:20.638686+00:00,1189,1
2024-05-10 00:46:20.903868+00:00,1338,2
2024-05-10 00:46:21.005057+00:00,1501,1
2024-05-10 00:46:21.156031+00:00,1338,2
2024-05-10 00:46:21.334790+00:00,1491,6
2024-05-10 00:46:21.586594+00:00,1494,8
2024-05-10 00:46:21.650124+00:00,1810,3
2024-05-10 00:46:21.758135+00:00,1502,1
2024-05-10 00:46:21.758947+00:00,1239,4
2024-05-10 00:46:22.009831+00:00,1439,15
2024-05-10 00:46:22.011497+00:00,1502,6
2024-05-10 00:46:22.506100+00:00,1588,9
2024-05-10 00:46:22.760857+00:00,1501,10
2024-05-10 00:46:22.761079+00:00,1726,21
2024-05-10 00:46:23.508210+00:00,1791,7
2024-05-10 00:46:23.509537+00:00,1725,15
2024-05-10 00:46:23.776038+00:00,1321,36
2024-05-10 00:46:24.291663+00:00,1626,9
2024-05-10 00:46:24.505942+00:00,1726,19
2024-05-10 00:46:24.539328+00:00,1626,9
2024-05-10 00:46:24.753410+00:00,1765,9
2024-05-10 00:46:24.766521+00:00,1102,3
2024-05-10 00:46:24.836112+00:00,1132,13
2024-05-10 00:46:25.003183+00:00,1771,9
2024-05-10 00:46:25.044264+00:00,1626,7
2024-05-10 00:46:25.259119+00:00,1504,19
2024-05-10 00:46:25.650944+00:00,1340,3
2024-05-10 00:46:25.757601+00:00,1725,1
2024-05-10 00:46:25.757730+00:00,1503,60
2024-05-10 00:46:25.769467+00:00,1603,27
2024-05-10 00:46:25.773012+00:00,1323,20
2024-05-10 00:46:25.904013+00:00,1217,52
2024-05-10 00:46:26.139338+00:00,1143,41
2024-05-10 00:46:26.521805+00:00,1634,2
2024-05-10 00:46:26.638365+00:00,1143,18
2024-05-10 00:46:26.902688+00:00,1220,2
2024-05-10 00:46:27.003829+00:00,1503,48
2024-05-10 00:46:27.402481+00:00,1933,20
2024-05-10 00:46:27.583668+00:00,1134,85
2024-05-10 00:46:27.587769+00:00,1774,122
2024-05-10 00:46:27.633584+00:00,1447,3
2024-05-10 00:46:27.655052+00:00,1962,13
2024-05-10 00:46:27.901648+00:00,1221,6
2024-05-10 00:46:27.902114+00:00,1340,2
2024-05-10 00:46:28.003181+00:00,1501,67
2024-05-10 00:46:28.137652+00:00,1447,3
2024-05-10 00:46:28.400780+00:00,1341,2
2024-05-10 00:46:28.503975+00:00,1771,3
2024-05-10 00:46:28.540884+00:00,1521,7
2024-05-10 00:46:28.786909+00:00,1627,7
2024-05-10 00:46:28.901035+00:00,1341,1
2024-05-10 00:46:29.156584+00:00,1341,1
2024-05-10 00:46:29.253719+00:00,1501,12
2024-05-10 00:46:29.402312+00:00,1340,2
2024-05-10 00:46:29.650838+00:00,1954,16
2024-05-10 00:46:30.003804+00:00,1245,316
2024-05-10 00:46:30.256006+00:00,1501,10
2024-05-10 00:46:30.525290+00:00,1327,21
2024-05-10 00:46:30.545635+00:00,1627,6
2024-05-10 00:46:30.633328+00:00,1591,13
2024-05-10 00:46:30.834612+00:00,1303,7
2024-05-10 00:46:31.025460+00:00,1328,6
2024-05-10 00:46:31.043009+00:00,1627,8
2024-05-10 00:46:31.266972+00:00,1373,17
2024-05-10 00:46:31.267291+00:00,1509,75
2024-05-10 00:46:31.401461+00:00,1916,29
2024-05-10 00:46:31.531247+00:00,1328,6
2024-05-10 00:46:31.639440+00:00,1790,6
2024-05-10 00:46:31.640704+00:00,1307,9
2024-05-10 00:46:31.642382+00:00,1184,29
2024-05-10 00:46:32.758139+00:00,1789,11
2024-05-10 00:46:32.790833+00:00,1977,19
2024-05-10 00:46:33.543226+00:00,1980,3
2024-05-10 00:46:33.764577+00:00,1518,40
2024-05-10 00:46:34.083049+00:00,1113,119
2024-05-10 00:46:34.258479+00:00,1520,1
2024-05-10 00:46:34.512789+00:00,1379,5
2024-05-10 00:46:34.764059+00:00,1520,52
2024-05-10 00:46:34.770086+00:00,1346,9
2024-05-10 00:46:35.295783+00:00,1982,1
2024-05-10 00:46:35.504117+00:00,1346,9
2024-05-10 00:46:35.846099+00:00,1136,83
2024-05-10 00:46:36.021121+00:00,1160,16
2024-05-10 00:46:36.278831+00:00,1329,4
2024-05-10 00:46:36.279936+00:00,1162,2
2024-05-10 00:46:36.756736+00:00,1287,9
2024-05-10 00:46:36.771146+00:00,1162,2
2024-05-10 00:46:37.151484+00:00,1417,3
2024-05-10 00:46:37.337296+00:00,1775,12
2024-05-10 00:46:37.517903+00:00,1163,1
2024-05-10 00:46:37.582508+00:00,1135,63
2024-05-10 00:46:37.762233+00:00,1501,12
2024-05-10 00:46:37.762555+00:00,1289,14
2024-05-10 00:46:37.767314+00:00,1164,1
2024-05-10 00:46:38.019296+00:00,1164,5
2024-05-10 00:46:38.264766+00:00,1501,49
2024-05-10 00:46:38.267907+00:00,1164,1
2024-05-10 00:46:38.650658+00:00,1424,52
2024-05-10 00:46:38.769170+00:00,1164,5
2024-05-10 00:46:38.833327+00:00,1777,17
2024-05-10 00:46:39.017588+00:00,1579,11
2024-05-10 00:46:39.256158+00:00,1502,1
2024-05-10 00:46:39.756157+00:00,1287,9
2024-05-10 00:46:39.832296+00:00,1842,2
2024-05-10 00:46:40.267074+00:00,1805,2
2024-05-10 00:46:40.267114+00:00,1503,27
2024-05-10 00:46:40.336329+00:00,1843,12
2024-05-10 00:46:40.505799+00:00,1730,33
2024-05-10 00:46:40.650610+00:00,1804,3
2024-05-10 00:46:41.337426+00:00,1848,2
2024-05-10 00:46:41.504441+00:00,1502,9
2024-05-10 00:46:41.755985+00:00,1287,32
2024-05-10 00:46:42.089035+00:00,1114,252
2024-05-10 00:46:42.090375+00:00,1150,18
2024-05-10 00:46:42.505621+00:00,1289,6
2024-05-10 00:46:42.517956+00:00,1295,41
2024-05-10 00:46:43.010400+00:00,1502,40
2024-05-10 00:46:43.087568+00:00,1116,19
2024-05-10 00:46:43.537239+00:00,1619,1
2024-05-10 00:46:43.588869+00:00,1116,25
2024-05-10 00:46:44.038135+00:00,1996,7
2024-05-10 00:46:44.253774+00:00,1505,40
2024-05-10 00:46:44.584925+00:00,1503,9
2024-05-10 00:46:44.585459+00:00,1126,13
2024-05-10 00:46:45.003496+00:00,1506,6
2024-05-10 00:46:45.003608+00:00,1738,4
2024-05-10 00:46:45.039080+00:00,1806,89
2024-05-10 00:46:45.153502+00:00,1587,9
2024-05-10 00:46:45.258319+00:00,1823,5
2024-05-10 00:46:45.503637+00:00,1507,5
2024-05-10 00:46:45.516523+00:00,1454,1
2024-05-10 00:46:45.538757+00:00,1618,8
2024-05-10 00:46:45.585086+00:00,1503,9
2024-05-10 00:46:45.650578+00:00,1061,8
2024-05-10 00:46:45.651226+00:00,1329,1
2024-05-10 00:46:45.754699+00:00,1506,6
2024-05-10 00:46:46.002541+00:00,1823,5
2024-05-10 00:46:46.017626+00:00,1455,5
2024-05-10 00:46:46.041334+00:00,1619,7
2024-05-10 00:46:46.130893+00:00,1610,2
2024-05-10 00:46:46.151248+00:00,1329,2
2024-05-10 00:46:46.253515+00:00,1824,4
2024-05-10 00:46:46.256524+00:00,1292,38
2024-05-10 00:46:46.290374+00:00,1619,7
2024-05-10 00:46:46.655789+00:00,1590,12
2024-05-10 00:46:46.754404+00:00,1293,37
2024-05-10 00:46:47.006527+00:00,1506,6
2024-05-10 00:46:47.516800+00:00,1301,1
2024-05-10 00:46:48.153346+00:00,1590,45
2024-05-10 00:46:48.382145+00:00,1739,18
2024-05-10 00:46:48.401234+00:00,1444,1
2024-05-10 00:46:48.502307+00:00,1286,57
2024-05-10 00:46:48.503048+00:00,1294,32
2024-05-10 00:46:48.651703+00:00,1444,12
2024-05-10 00:46:49.004007+00:00,1285,52
2024-05-10 00:46:49.155179+00:00,1444,7
2024-05-10 00:46:49.254753+00:00,1285,40
2024-05-10 00:46:49.516827+00:00,1301,2
2024-05-10 00:46:49.772067+00:00,1339,5
2024-05-10 00:46:49.901194+00:00,1449,26
2024-05-10 00:46:50.003968+00:00,1285,214
2024-05-10 00:46:50.018617+00:00,1455,8
2024-05-10 00:46:50.134704+00:00,1735,9
2024-05-10 00:46:50.651334+00:00,1592,49
2024-05-10 00:46:50.787021+00:00,1996,1
2024-05-10 00:46:50.882872+00:00,1409,9
2024-05-10 00:46:51.011055+00:00,1512,19
2024-05-10 00:46:51.037556+00:00,1622,1
2024-05-10 00:46:51.152272+00:00,1446,16
2024-05-10 00:46:51.289474+00:00,1622,1
2024-05-10 00:46:51.332877+00:00,1747,14
2024-05-10 00:46:51.402087+00:00,1447,4
2024-05-10 00:46:51.538048+00:00,1622,1
2024-05-10 00:46:51.588809+00:00,1747,2
2024-05-10 00:46:51.630564+00:00,1409,9
2024-05-10 00:46:51.882243+00:00,1409,9
2024-05-10 00:46:52.007124+00:00,1513,2
2024-05-10 00:46:52.038954+00:00,1042,3
2024-05-10 00:46:52.151767+00:00,1447,12
2024-05-10 00:46:52.401012+00:00,1447,12
2024-05-10 00:46:52.517524+00:00,1206,3
2024-05-10 00:46:52.524016+00:00,1341,7
2024-05-10 00:46:52.587046+00:00,1747,2
2024-05-10 00:46:52.637299+00:00,1727,9
2024-05-10 00:46:52.767833+00:00,1784,19
2024-05-10 00:46:52.768531+00:00,1588,3
2024-05-10 00:46:52.789740+00:00,1623,75
2024-05-10 00:46:53.081965+00:00,1763,2
2024-05-10 00:46:53.154436+00:00,1595,55
2024-05-10 00:46:53.383328+00:00,1791,22
2024-05-10 00:46:53.511577+00:00,1285,58
2024-05-10 00:46:54.018262+00:00,1784,9
2024-05-10 00:46:54.381935+00:00,1409,9
2024-05-10 00:46:54.516112+00:00,1800,4
2024-05-10 00:46:54.631026+00:00,1040,30
2024-05-10 00:46:54.911594+00:00,1448,23
2024-05-10 00:46:55.506010+00:00,1514,6
2024-05-10 00:46:55.885207+00:00,1411,8
2024-05-10 00:46:56.503187+00:00,1209,1
2024-05-10 00:46:56.504846+00:00,1978,9
2024-05-10 00:46:56.516867+00:00,1259,18
2024-05-10 00:46:56.654280+00:00,1924,18
2024-05-10 00:46:57.136302+00:00,1043,3
2024-05-10 00:46:57.136343+00:00,1794,17
2024-05-10 00:46:57.138434+00:00,1259,18
2024-05-10 00:46:57.256086+00:00,1289,8
2024-05-10 00:46:57.517959+00:00,1893,35
2024-05-10 00:46:57.584246+00:00,1747,2
2024-05-10 00:46:57.632324+00:00,1044,2
2024-05-10 00:46:57.753807+00:00,1289,3
2024-05-10 00:46:58.004620+00:00,1289,8
2024-05-10 00:46:58.023687+00:00,2018,16
2024-05-10 00:46:58.137324+00:00,1301,2
2024-05-10 00:46:58.267019+00:00,1289,8
2024-05-10 00:46:58.267660+00:00,1894,94
2024-05-10 00:46:58.333078+00:00,1518,11
2024-05-10 00:46:58.386318+00:00,1301,2
2024-05-10 00:46:59.003918+00:00,1514,14
2024-05-10 00:46:59.146829+00:00,1258,17
2024-05-10 00:46:59.296691+00:00,1996,34
2024-05-10 00:46:59.654254+00:00,1342,405
2024-05-10 00:47:00.003370+00:00,1212,11
2024-05-10 00:47:00.005329+00:00,1515,1
2024-05-10 00:47:00.019769+00:00,1342,6
2024-05-10 00:47:00.085900+00:00,1129,9
2024-05-10 00:47:00.086264+00:00,1520,19
2024-05-10 00:47:00.393737+00:00,1412,11
2024-05-10 00:47:00.655541+00:00,1340,28
2024-05-10 00:47:00.767331+00:00,1800,4
2024-05-10 00:47:01.133605+00:00,1412,7
2024-05-10 00:47:01.885298+00:00,1412,1
2024-05-10 00:47:02.018089+00:00,1800,4
2024-05-10 00:47:02.139455+00:00,1413,1
2024-05-10 00:47:02.152273+00:00,1340,64
2024-05-10 00:47:02.395434+00:00,1413,11
2024-05-10 00:47:02.595482+00:00,1322,1
2024-05-10 00:47:02.595916+00:00,1874,62
2024-05-10 00:47:02.651234+00:00,1339,1
2024-05-10 00:47:02.787459+00:00,1531,4
2024-05-10 00:47:03.089460+00:00,1322,5
2024-05-10 00:47:03.402173+00:00,1341,1
2024-05-10 00:47:04.005430+00:00,1291,2
2024-05-10 00:47:04.138366+00:00,1258,19
2024-05-10 00:47:04.401011+00:00,1342,185
2024-05-10 00:47:04.593195+00:00,1320,75
2024-05-10 00:47:05.633745+00:00,1793,3
2024-05-10 00:47:05.766664+00:00,1800,4
2024-05-10 00:47:05.848092+00:00,1514,56
2024-05-10 00:47:05.884122+00:00,1254,18
2024-05-10 00:47:06.296384+00:00,1644,12
2024-05-10 00:47:06.632399+00:00,1254,17
2024-05-10 00:47:06.655933+00:00,1345,141
2024-05-10 00:47:07.382167+00:00,1254,18
2024-05-10 00:47:07.520720+00:00,1343,14
2024-05-10 00:47:07.760814+00:00,1825,1
2024-05-10 00:47:07.762703+00:00,1292,28
2024-05-10 00:47:07.840255+00:00,1322,1
2024-05-10 00:47:08.006501+00:00,1826,1
2024-05-10 00:47:08.089022+00:00,1322,1
2024-05-10 00:47:08.256856+00:00,1524,5
2024-05-10 00:47:08.794487+00:00,1539,6
2024-05-10 00:47:08.916325+00:00,1268,34
2024-05-10 00:47:09.017831+00:00,1800,4
2024-05-10 00:47:09.041270+00:00,1325,10
2024-05-10 00:47:09.264822+00:00,1294,4
2024-05-10 00:47:09.514742+00:00,1294,6
2024-05-10 00:47:09.762809+00:00,1294,1
2024-05-10 00:47:09.763242+00:00,1524,1
2024-05-10 00:47:10.262773+00:00,1294,6
2024-05-10 00:47:10.343095+00:00,1525,19
2024-05-10 00:47:10.412320+00:00,1279,21
2024-05-10 00:47:10.659551+00:00,1537,5
2024-05-10 00:47:10.766500+00:00,1801,3
2024-05-10 00:47:11.163239+00:00,1055,3
2024-05-10 00:47:11.408488+00:00,1055,3
2024-05-10 00:47:11.589647+00:00,1628,3
2024-05-10 00:47:12.017721+00:00,1576,14
2024-05-10 00:47:12.503860+00:00,1528,3
2024-05-10 00:47:13.027770+00:00,1589,25
2024-05-10 00:47:13.801890+00:00,1833,6
2024-05-10 00:47:13.836791+00:00,1526,192
2024-05-10 00:47:14.160691+00:00,1056,6
2024-05-10 00:47:14.273527+00:00,1807,34
2024-05-10 00:47:15.656618+00:00,2034,1
2024-05-10 00:47:15.790853+00:00,1644,12
2024-05-10 00:47:16.026060+00:00,1590,419
2024-05-10 00:47:16.288196+00:00,1354,4
2024-05-10 00:47:16.288886+00:00,1996,2
2024-05-10 00:47:16.504080+00:00,1296,4
2024-05-10 00:47:17.004231+00:00,1296,4
2024-05-10 00:47:17.270717+00:00,1592,8
2024-05-10 00:47:17.505216+00:00,1296,1
2024-05-10 00:47:17.759069+00:00,1297,3
2024-05-10 00:47:18.261245+00:00,1297,1
2024-05-10 00:47:18.510127+00:00,1707,2
2024-05-10 00:47:18.512498+00:00,1297,3
2024-05-10 00:47:18.513369+00:00,1295,205
2024-05-10 00:47:18.756164+00:00,1707,1
2024-05-10 00:47:19.007471+00:00,1297,3
2024-05-10 00:47:19.008235+00:00,1295,43
2024-05-10 00:47:19.256880+00:00,1297,3
2024-05-10 00:47:19.281381+00:00,1845,66
2024-05-10 00:47:19.394844+00:00,1419,6
2024-05-10 00:47:19.904136+00:00,1374,2
2024-05-10 00:47:20.756858+00:00,1295,9
2024-05-10 00:47:21.131103+00:00,1420,6
2024-05-10 00:47:21.387420+00:00,1420,6
2024-05-10 00:47:21.512475+00:00,1297,18
2024-05-10 00:47:22.007381+00:00,1297,15
2024-05-10 00:47:22.043926+00:00,1179,6
2024-05-10 00:47:22.153016+00:00,1373,3
2024-05-10 00:47:22.908238+00:00,1055,21
2024-05-10 00:47:23.339367+00:00,1149,52
2024-05-10 00:47:23.585997+00:00,1859,1
2024-05-10 00:47:23.661148+00:00,1923,17
2024-05-10 00:47:23.753864+00:00,1819,3
2024-05-10 00:47:23.790696+00:00,1179,34
2024-05-10 00:47:23.907300+00:00,1758,13
2024-05-10 00:47:23.909643+00:00,1937,10
2024-05-10 00:47:24.589341+00:00,1860,3
2024-05-10 00:47:24.633439+00:00,1421,8
2024-05-10 00:47:24.651660+00:00,1374,4
2024-05-10 00:47:24.757546+00:00,1298,57
2024-05-10 00:47:24.757690+00:00,1298,37
2024-05-10 00:47:24.837073+00:00,1863,4
2024-05-10 00:47:25.014326+00:00,1299,11
2024-05-10 00:47:25.050352+00:00,1172,15
2024-05-10 00:47:25.586550+00:00,1747,22
2024-05-10 00:47:25.638385+00:00,1421,1
2024-05-10 00:47:25.889223+00:00,1421,5
2024-05-10 00:47:25.903104+00:00,1374,70
2024-05-10 00:47:26.019471+00:00,1915,1
2024-05-10 00:47:26.540971+00:00,1326,12
2024-05-10 00:47:26.653766+00:00,1377,12
2024-05-10 00:47:26.762637+00:00,1300,46
2024-05-10 00:47:26.894456+00:00,1728,4
2024-05-10 00:47:27.007126+00:00,1705,3
2024-05-10 00:47:27.142265+00:00,1421,5
2024-05-10 00:47:27.340177+00:00,1227,4
2024-05-10 00:47:27.504641+00:00,1300,28
2024-05-10 00:47:27.758566+00:00,1300,10
2024-05-10 00:47:28.259123+00:00,1301,13
2024-05-10 00:47:28.646148+00:00,1026,71
2024-05-10 00:47:28.901839+00:00,1060,20
2024-05-10 00:47:29.756677+00:00,1649,66
2024-05-10 00:47:29.786543+00:00,1138,31
2024-05-10 00:47:30.509063+00:00,1652,106
2024-05-10 00:47:31.651195+00:00,1457,12
2024-05-10 00:47:31.757003+00:00,1299,28
2024-05-10 00:47:32.258105+00:00,1798,9
2024-05-10 00:47:32.332994+00:00,1129,9
2024-05-10 00:47:32.401446+00:00,1457,19
2024-05-10 00:47:32.537578+00:00,1240,21
2024-05-10 00:47:32.787817+00:00,1324,21
2024-05-10 00:47:32.831764+00:00,1522,3
2024-05-10 00:47:33.263745+00:00,1301,1
2024-05-10 00:47:33.507647+00:00,1301,13
2024-05-10 00:47:34.009285+00:00,1743,13
2024-05-10 00:47:34.010545+00:00,1301,14
2024-05-10 00:47:34.292764+00:00,1560,291
2024-05-10 00:47:34.511528+00:00,1302,13
2024-05-10 00:47:34.777201+00:00,1599,6
2024-05-10 00:47:34.900531+00:00,1940,3
2024-05-10 00:47:35.049484+00:00,1558,188
2024-05-10 00:47:35.342774+00:00,1131,21
2024-05-10 00:47:35.401635+00:00,1940,3
2024-05-10 00:47:35.506108+00:00,1302,6
2024-05-10 00:47:35.755526+00:00,1302,6
2024-05-10 00:47:35.838292+00:00,1756,21
2024-05-10 00:47:35.902806+00:00,1387,1
2024-05-10 00:47:36.004455+00:00,1302,6
2024-05-10 00:47:36.289145+00:00,1364,6
2024-05-10 00:47:36.346483+00:00,1757,19
2024-05-10 00:47:36.544172+00:00,1366,19
2024-05-10 00:47:36.546669+00:00,1332,14
2024-05-10 00:47:36.657191+00:00,1387,1
2024-05-10 00:47:36.800359+00:00,1062,3
2024-05-10 00:47:36.903817+00:00,1387,2
2024-05-10 00:47:37.044642+00:00,1388,22
2024-05-10 00:47:37.541606+00:00,1367,1
2024-05-10 00:47:37.652075+00:00,1387,2
2024-05-10 00:47:38.025268+00:00,1876,33
2024-05-10 00:47:38.038433+00:00,1368,55
2024-05-10 00:47:38.792134+00:00,1334,13
2024-05-10 00:47:39.011343+00:00,1705,31
2024-05-10 00:47:39.024798+00:00,1613,12
2024-05-10 00:47:39.026665+00:00,1420,76
2024-05-10 00:47:39.256392+00:00,1336,3
2024-05-10 00:47:39.506363+00:00,1712,11
2024-05-10 00:47:39.585912+00:00,1621,1
2024-05-10 00:47:39.905518+00:00,1926,20
2024-05-10 00:47:40.406739+00:00,1484,18
2024-05-10 00:47:40.583691+00:00,1134,20
2024-05-10 00:47:40.769042+00:00,1898,2
2024-05-10 00:47:41.005876+00:00,1589,5
2024-05-10 00:47:41.083113+00:00,1622,1
2024-05-10 00:47:41.405543+00:00,1486,18
2024-05-10 00:47:41.757108+00:00,1719,10
2024-05-10 00:47:42.005016+00:00,1336,4
2024-05-10 00:47:42.046472+00:00,1588,1
2024-05-10 00:47:42.051130+00:00,1333,15
2024-05-10 00:47:42.405449+00:00,1490,6
2024-05-10 00:47:42.406967+00:00,1271,3
2024-05-10 00:47:42.654128+00:00,1271,3
2024-05-10 00:47:42.771108+00:00,1920,13
2024-05-10 00:47:43.152043+00:00,1272,2
2024-05-10 00:47:43.796182+00:00,1589,136
2024-05-10 00:47:43.799099+00:00,1333,12
2024-05-10 00:47:44.030029+00:00,1932,57
2024-05-10 00:47:44.403225+00:00,1491,1
2024-05-10 00:47:44.404402+00:00,1273,1
2024-05-10 00:47:44.526378+00:00,1246,4
2024-05-10 00:47:44.538445+00:00,1457,9
2024-05-10 00:47:45.264124+00:00,1726,3
2024-05-10 00:47:45.404058+00:00,1491,18
2024-05-10 00:47:45.836025+00:00,1295,5
2024-05-10 00:47:46.261772+00:00,1489,1
2024-05-10 00:47:46.292462+00:00,1590,40
2024-05-10 00:47:46.293180+00:00,1457,9
2024-05-10 00:47:46.547057+00:00,1034,40
2024-05-10 00:47:46.798403+00:00,1333,13
2024-05-10 00:47:47.012562+00:00,1490,52
2024-05-10 00:47:47.044476+00:00,1460,4
2024-05-10 00:47:47.045069+00:00,1240,8
2024-05-10 00:47:47.261071+00:00,1490,1
2024-05-10 00:47:47.262199+00:00,1490,1
2024-05-10 00:47:47.543364+00:00,1460,1
2024-05-10 00:47:47.662019+00:00,1491,18
2024-05-10 00:47:48.022201+00:00,1309,6
2024-05-10 00:47:48.258885+00:00,1491,52
2024-05-10 00:47:48.261736+00:00,1530,3
2024-05-10 00:47:48.505014+00:00,1490,20
2024-05-10 00:47:48.531236+00:00,1313,25
2024-05-10 00:47:48.544240+00:00,1035,17
2024-05-10 00:47:48.672928+00:00,1492,4
2024-05-10 00:47:48.761103+00:00,1491,91
2024-05-10 00:47:48.793647+00:00,1036,18
2024-05-10 00:47:48.903818+00:00,1494,8
2024-05-10 00:47:49.004254+00:00,1595,3
2024-05-10 00:47:49.272590+00:00,1313,16
2024-05-10 00:47:49.302584+00:00,1334,14
2024-05-10 00:47:49.529428+00:00,1313,29
2024-05-10 00:47:49.543387+00:00,1036,18
2024-05-10 00:47:50.043917+00:00,1035,17
2024-05-10 00:47:50.333365+00:00,1467,3
2024-05-10 00:47:50.407764+00:00,1461,18
2024-05-10 00:47:50.542121+00:00,1460,9
2024-05-10 00:47:50.774714+00:00,1313,18
2024-05-10 00:47:51.282925+00:00,1313,21
2024-05-10 00:47:51.507072+00:00,1492,271
2024-05-10 00:47:51.507661+00:00,1800,81
2024-05-10 00:47:51.779028+00:00,1214,1
2024-05-10 00:47:51.779151+00:00,1315,4
2024-05-10 00:47:52.036372+00:00,1215,6
2024-05-10 00:47:52.154836+00:00,1492,3
2024-05-10 00:47:52.259681+00:00,1494,76
2024-05-10 00:47:52.295437+00:00,1036,13
2024-05-10 00:47:52.523058+00:00,1891,4
2024-05-10 00:47:52.524136+00:00,1315,18
2024-05-10 00:47:52.589082+00:00,1769,28
2024-05-10 00:47:52.660310+00:00,1494,17
2024-05-10 00:47:52.660881+00:00,1435,3
2024-05-10 00:47:52.832229+00:00,1469,1
2024-05-10 00:47:53.082774+00:00,1469,4
2024-05-10 00:47:53.503668+00:00,1778,78
2024-05-10 00:47:53.533647+00:00,1316,1
2024-05-10 00:47:53.835463+00:00,1769,12
2024-05-10 00:47:54.026995+00:00,1316,44
2024-05-10 00:47:54.084882+00:00,1770,15
2024-05-10 00:47:54.154798+00:00,1437,1
2024-05-10 00:47:54.526853+00:00,1316,19
2024-05-10 00:47:54.778149+00:00,1316,5
2024-05-10 00:47:54.793650+00:00,1458,3
2024-05-10 00:47:55.046719+00:00,1461,7
2024-05-10 00:47:55.082589+00:00,1469,11
2024-05-10 00:47:55.085697+00:00,1769,1
2024-05-10 00:47:55.771195+00:00,1316,3
2024-05-10 00:47:55.798651+00:00,1037,3
2024-05-10 00:47:55.900429+00:00,1440,10
2024-05-10 00:47:55.902756+00:00,1208,19
2024-05-10 00:47:56.045545+00:00,1461,14
2024-05-10 00:47:56.253038+00:00,1637,9
2024-05-10 00:47:56.281363+00:00,1319,15
2024-05-10 00:47:56.333856+00:00,1773,20
2024-05-10 00:47:56.547744+00:00,1037,17
2024-05-10 00:47:56.650469+00:00,1492,18
2024-05-10 00:47:56.652087+00:00,1440,16
2024-05-10 00:47:56.754974+00:00,1264,225
2024-05-10 00:47:56.755182+00:00,1595,19
2024-05-10 00:47:57.151714+00:00,1440,16
2024-05-10 00:47:57.156137+00:00,1209,7
2024-05-10 00:47:57.253344+00:00,1266,1
2024-05-10 00:47:57.385858+00:00,1181,6
2024-05-10 00:47:57.543482+00:00,1461,8
2024-05-10 00:47:57.655033+00:00,1209,21
2024-05-10 00:47:57.754513+00:00,1901,18
2024-05-10 00:47:57.832754+00:00,1776,15
2024-05-10 00:47:57.901664+00:00,1538,16
2024-05-10 00:47:58.002994+00:00,1597,7
2024-05-10 00:47:58.083078+00:00,1170,16
2024-05-10 00:47:58.156672+00:00,1209,12
2024-05-10 00:47:58.408814+00:00,1494,13
2024-05-10 00:47:58.411115+00:00,1208,8
2024-05-10 00:47:58.634129+00:00,1427,9
2024-05-10 00:47:58.753978+00:00,1597,21
2024-05-10 00:47:58.888564+00:00,1182,6
2024-05-10 00:47:58.890096+00:00,1381,13
2024-05-10 00:47:59.002785+00:00,1614,9
2024-05-10 00:47:59.390219+00:00,1381,2
2024-05-10 00:47:59.882896+00:00,1183,3
2024-05-10 00:48:00.276656+00:00,1318,12
2024-05-10 00:48:00.394723+00:00,1380,1
2024-05-10 00:48:00.525228+00:00,1189,8
2024-05-10 00:48:00.883687+00:00,1196,2
2024-05-10 00:48:01.161068+00:00,1386,138
2024-05-10 00:48:01.253799+00:00,1266,1
2024-05-10 00:48:01.253986+00:00,1896,36
2024-05-10 00:48:01.584316+00:00,1104,3
2024-05-10 00:48:01.792434+00:00,1039,16
2024-05-10 00:48:01.795237+00:00,1137,34
2024-05-10 00:48:02.003465+00:00,1264,52
2024-05-10 00:48:02.048970+00:00,1039,17
2024-05-10 00:48:02.294862+00:00,1375,7
2024-05-10 00:48:02.789699+00:00,1065,4
2024-05-10 00:48:03.410554+00:00,1208,22
2024-05-10 00:48:03.788019+00:00,1068,2
2024-05-10 00:48:03.838849+00:00,1410,5
2024-05-10 00:48:04.002665+00:00,1730,9
2024-05-10 00:48:04.003663+00:00,1908,24
2024-05-10 00:48:04.006669+00:00,1266,1
2024-05-10 00:48:04.039372+00:00,1590,5
2024-05-10 00:48:04.335082+00:00,1410,5
2024-05-10 00:48:04.403582+00:00,1442,3
2024-05-10 00:48:04.504413+00:00,1773,8
2024-05-10 00:48:04.540948+00:00,1593,1
2024-05-10 00:48:04.635209+00:00,1430,4
2024-05-10 00:48:04.655492+00:00,1286,5
2024-05-10 00:48:04.655959+00:00,1469,1
2024-05-10 00:48:04.753568+00:00,1732,1
2024-05-10 00:48:04.793112+00:00,1593,1
2024-05-10 00:48:04.902738+00:00,1465,3
2024-05-10 00:48:05.002941+00:00,1732,6
2024-05-10 00:48:05.025472+00:00,1894,27
2024-05-10 00:48:05.287983+00:00,1594,1
2024-05-10 00:48:05.406955+00:00,1442,3
2024-05-10 00:48:05.655758+00:00,1287,1
2024-05-10 00:48:05.657340+00:00,1466,5
2024-05-10 00:48:05.788122+00:00,1069,2
2024-05-10 00:48:05.841488+00:00,1040,3
2024-05-10 00:48:05.911796+00:00,1470,22
2024-05-10 00:48:06.341050+00:00,1040,43
2024-05-10 00:48:06.657178+00:00,1288,1
2024-05-10 00:48:06.881047+00:00,1108,12
2024-05-10 00:48:06.907283+00:00,1288,10
2024-05-10 00:48:07.253463+00:00,1737,1
2024-05-10 00:48:07.788763+00:00,1069,3
2024-05-10 00:48:07.843564+00:00,1876,13
2024-05-10 00:48:07.843679+00:00,1136,7
2024-05-10 00:48:07.847014+00:00,1776,14
2024-05-10 00:48:07.906478+00:00,1289,10
2024-05-10 00:48:08.155476+00:00,1271,3
2024-05-10 00:48:08.268189+00:00,1137,6
2024-05-10 00:48:08.403647+00:00,1289,5
2024-05-10 00:48:08.517989+00:00,1193,4
2024-05-10 00:48:08.655659+00:00,1218,20
2024-05-10 00:48:08.902468+00:00,1291,2
2024-05-10 00:48:09.002643+00:00,1905,15
2024-05-10 00:48:09.042073+00:00,1043,1
2024-05-10 00:48:09.252820+00:00,1784,5
2024-05-10 00:48:09.541835+00:00,1043,1
2024-05-10 00:48:10.090624+00:00,1135,13
2024-05-10 00:48:10.158149+00:00,1917,5
2024-05-10 00:48:10.158694+00:00,2025,2
2024-05-10 00:48:10.252573+00:00,1139,8
2024-05-10 00:48:10.405722+00:00,1471,24
2024-05-10 00:48:10.503209+00:00,1174,9
2024-05-10 00:48:10.522419+00:00,1138,5
2024-05-10 00:48:11.004465+00:00,1739,9
2024-05-10 00:48:11.266849+00:00,1289,8
2024-05-10 00:48:11.539591+00:00,1139,7
2024-05-10 00:48:11.664149+00:00,1135,15
2024-05-10 00:48:11.756704+00:00,1176,5
2024-05-10 00:48:11.789592+00:00,1039,1
2024-05-10 00:48:11.910282+00:00,1141,8
2024-05-10 00:48:11.911352+00:00,1140,9
2024-05-10 00:48:12.017616+00:00,1424,9
2024-05-10 00:48:12.018533+00:00,1289,10
2024-05-10 00:48:12.291785+00:00,1039,1
2024-05-10 00:48:12.519809+00:00,1391,23
2024-05-10 00:48:12.595305+00:00,1882,37
2024-05-10 00:48:12.669517+00:00,1467,4
2024-05-10 00:48:12.766824+00:00,1289,10
2024-05-10 00:48:13.010938+00:00,1139,8
2024-05-10 00:48:13.162827+00:00,1139,7
2024-05-10 00:48:13.165658+00:00,1221,1
2024-05-10 00:48:13.266339+00:00,1286,1
2024-05-10 00:48:13.413707+00:00,1222,18
2024-05-10 00:48:13.590944+00:00,1778,23
2024-05-10 00:48:14.011547+00:00,1175,6
2024-05-10 00:48:14.085813+00:00,1702,1
2024-05-10 00:48:14.169580+00:00,1223,23
2024-05-10 00:48:14.273563+00:00,1140,7
2024-05-10 00:48:14.384152+00:00,1436,3
2024-05-10 00:48:14.589029+00:00,1140,5
2024-05-10 00:48:14.767156+00:00,1287,11
2024-05-10 00:48:14.908025+00:00,1140,5
2024-05-10 00:48:14.911186+00:00,1223,18
2024-05-10 00:48:15.266507+00:00,1288,14
2024-05-10 00:48:15.339868+00:00,1889,40
2024-05-10 00:48:15.341763+00:00,1622,9
2024-05-10 00:48:15.509395+00:00,1769,64
2024-05-10 00:48:15.588073+00:00,1781,14
2024-05-10 00:48:15.843844+00:00,1622,3
2024-05-10 00:48:15.903326+00:00,1240,3
2024-05-10 00:48:16.138313+00:00,1143,1
2024-05-10 00:48:16.269831+00:00,1289,1
2024-05-10 00:48:16.519523+00:00,1290,2
2024-05-10 00:48:17.020099+00:00,1141,4
2024-05-10 00:48:17.084703+00:00,1048,12
2024-05-10 00:48:17.162462+00:00,1241,6
2024-05-10 00:48:17.167472+00:00,1275,24
2024-05-10 00:48:17.410821+00:00,1241,1
2024-05-10 00:48:17.787467+00:00,1583,1
2024-05-10 00:48:17.787925+00:00,1086,2
2024-05-10 00:48:18.038447+00:00,1583,2
2024-05-10 00:48:18.039001+00:00,1087,9
2024-05-10 00:48:18.156095+00:00,1241,10
2024-05-10 00:48:18.268151+00:00,1580,4
2024-05-10 00:48:18.286856+00:00,1291,9
2024-05-10 00:48:18.405403+00:00,1242,9
2024-05-10 00:48:18.537140+00:00,1583,1
2024-05-10 00:48:18.537600+00:00,1087,9
2024-05-10 00:48:18.539368+00:00,1292,8
2024-05-10 00:48:19.038996+00:00,1051,17
2024-05-10 00:48:19.158520+00:00,1243,3
2024-05-10 00:48:19.335979+00:00,1171,57
2024-05-10 00:48:19.403449+00:00,2027,18
2024-05-10 00:48:19.522707+00:00,1580,9
2024-05-10 00:48:19.786590+00:00,1051,21
2024-05-10 00:48:19.790287+00:00,1613,1
2024-05-10 00:48:19.790755+00:00,1295,8
2024-05-10 00:48:19.836503+00:00,1755,15
2024-05-10 00:48:19.905401+00:00,2027,11
2024-05-10 00:48:20.040742+00:00,1614,1
2024-05-10 00:48:20.161539+00:00,1243,1
2024-05-10 00:48:20.289397+00:00,1614,1
2024-05-10 00:48:20.402315+00:00,1484,12
2024-05-10 00:48:20.402573+00:00,2028,15
2024-05-10 00:48:20.538925+00:00,1584,67
2024-05-10 00:48:20.660612+00:00,1243,3
2024-05-10 00:48:20.661796+00:00,2027,15
2024-05-10 00:48:20.662245+00:00,1244,2
2024-05-10 00:48:20.665880+00:00,1277,20
2024-05-10 00:48:20.787341+00:00,1295,10
2024-05-10 00:48:20.908250+00:00,1486,20
2024-05-10 00:48:20.909213+00:00,1244,2
2024-05-10 00:48:21.085826+00:00,1755,11
2024-05-10 00:48:21.154675+00:00,2028,14
2024-05-10 00:48:21.253076+00:00,1606,3
2024-05-10 00:48:21.276316+00:00,1589,18
2024-05-10 00:48:21.287080+00:00,1087,9
2024-05-10 00:48:21.289480+00:00,1508,8
2024-05-10 00:48:21.289638+00:00,1779,13
2024-05-10 00:48:21.406775+00:00,1258,2
2024-05-10 00:48:21.757333+00:00,1615,3
2024-05-10 00:48:21.786861+00:00,1089,4
2024-05-10 00:48:21.789951+00:00,1509,1
2024-05-10 00:48:22.042297+00:00,1510,4
2024-05-10 00:48:22.160055+00:00,1490,13
2024-05-10 00:48:22.289986+00:00,1594,101
2024-05-10 00:48:22.510323+00:00,1171,10
2024-05-10 00:48:22.654101+00:00,1931,9
2024-05-10 00:48:22.786451+00:00,1059,19
2024-05-10 00:48:22.884032+00:00,1150,11
2024-05-10 00:48:23.040321+00:00,1510,1
2024-05-10 00:48:23.157213+00:00,1932,6
2024-05-10 00:48:23.289442+00:00,1510,8
2024-05-10 00:48:23.381951+00:00,1434,6
2024-05-10 00:48:23.382026+00:00,1151,16
2024-05-10 00:48:23.404932+00:00,1145,8
2024-05-10 00:48:23.540673+00:00,1512,8
2024-05-10 00:48:23.631676+00:00,1434,7
2024-05-10 00:48:23.835414+00:00,1754,3
2024-05-10 00:48:24.037955+00:00,1062,1
2024-05-10 00:48:24.155918+00:00,1491,1
2024-05-10 00:48:24.287874+00:00,1091,3
2024-05-10 00:48:24.288819+00:00,1068,33
2024-05-10 00:48:24.505081+00:00,1062,21
2024-05-10 00:48:24.542689+00:00,1048,2
2024-05-10 00:48:24.655389+00:00,1491,16
2024-05-10 00:48:24.787596+00:00,1615,199
2024-05-10 00:48:25.268391+00:00,1050,3
2024-05-10 00:48:25.287122+00:00,1513,2
2024-05-10 00:48:25.400777+00:00,1468,4
2024-05-10 00:48:25.506199+00:00,1592,62
2024-05-10 00:48:25.538614+00:00,1175,12
2024-05-10 00:48:25.788721+00:00,1089,35
2024-05-10 00:48:25.901715+00:00,1492,7
2024-05-10 00:48:26.009941+00:00,1701,73
2024-05-10 00:48:26.293589+00:00,1515,118
2024-05-10 00:48:26.334418+00:00,1148,24
2024-05-10 00:48:26.401482+00:00,1494,13
2024-05-10 00:48:26.642941+00:00,1404,8
2024-05-10 00:48:27.134553+00:00,1405,7
2024-05-10 00:48:27.266583+00:00,1051,1
2024-05-10 00:48:27.516900+00:00,1051,1
2024-05-10 00:48:27.794261+00:00,1113,39
2024-05-10 00:48:27.838580+00:00,1380,3
2024-05-10 00:48:28.262362+00:00,1742,108
2024-05-10 00:48:28.266467+00:00,1052,3
2024-05-10 00:48:28.292605+00:00,1675,6
2024-05-10 00:48:28.514473+00:00,1595,34
2024-05-10 00:48:28.635131+00:00,1436,75
2024-05-10 00:48:28.767404+00:00,1052,3
2024-05-10 00:48:28.792370+00:00,1675,6
2024-05-10 00:48:28.900573+00:00,1492,1
2024-05-10 00:48:29.009718+00:00,1741,145
2024-05-10 00:48:29.156261+00:00,1261,4
2024-05-10 00:48:29.261667+00:00,1785,9
2024-05-10 00:48:29.507076+00:00,1744,30
2024-05-10 00:48:29.650824+00:00,1934,5
2024-05-10 00:48:29.755735+00:00,1789,3
2024-05-10 00:48:30.047571+00:00,1077,59
2024-05-10 00:48:30.082489+00:00,1755,2
2024-05-10 00:48:30.152250+00:00,1838,3
2024-05-10 00:48:30.293171+00:00,1681,70
2024-05-10 00:48:30.766202+00:00,1055,7
2024-05-10 00:48:30.832742+00:00,1382,105
2024-05-10 00:48:31.300873+00:00,1077,147
2024-05-10 00:48:31.333388+00:00,1177,19
2024-05-10 00:48:31.546491+00:00,1272,94
2024-05-10 00:48:31.588059+00:00,1785,2
2024-05-10 00:48:31.651822+00:00,1468,2
2024-05-10 00:48:31.763878+00:00,1716,28
2024-05-10 00:48:31.764974+00:00,1595,20
2024-05-10 00:48:31.796552+00:00,1078,1
2024-05-10 00:48:32.304774+00:00,1176,6
2024-05-10 00:48:32.507847+00:00,1793,5
2024-05-10 00:48:32.548588+00:00,1177,5
2024-05-10 00:48:32.651263+00:00,1469,1
2024-05-10 00:48:32.757182+00:00,1744,14
2024-05-10 00:48:32.833975+00:00,1363,2
2024-05-10 00:48:32.900812+00:00,1469,2
2024-05-10 00:48:33.048842+00:00,1294,233
2024-05-10 00:48:33.051200+00:00,1178,5
2024-05-10 00:48:33.133615+00:00,1152,14
2024-05-10 00:48:33.254444+00:00,1829,3
2024-05-10 00:48:33.401971+00:00,1492,20
2024-05-10 00:48:33.633822+00:00,1153,14
2024-05-10 00:48:33.650601+00:00,1920,31
2024-05-10 00:48:33.651183+00:00,1154,1
2024-05-10 00:48:33.652801+00:00,1469,2
2024-05-10 00:48:33.791070+00:00,1134,5
2024-05-10 00:48:34.018284+00:00,1051,52
2024-05-10 00:48:34.039917+00:00,1178,3
2024-05-10 00:48:34.651732+00:00,1469,2
2024-05-10 00:48:34.763759+00:00,1882,8
2024-05-10 00:48:34.836216+00:00,1897,25
2024-05-10 00:48:34.900875+00:00,1493,8
2024-05-10 00:48:34.903457+00:00,1469,2
2024-05-10 00:48:35.025972+00:00,1058,46
2024-05-10 00:48:35.758903+00:00,1717,319
2024-05-10 00:48:35.847823+00:00,1580,55
2024-05-10 00:48:35.848072+00:00,1181,14
2024-05-10 00:48:35.851958+00:00,1784,2
2024-05-10 00:48:36.021975+00:00,1320,42
2024-05-10 00:48:36.022084+00:00,1256,20
2024-05-10 00:48:36.401770+00:00,1895,10
2024-05-10 00:48:36.529648+00:00,1056,1
2024-05-10 00:48:36.545161+00:00,1363,614
2024-05-10 00:48:36.547518+00:00,1177,3
2024-05-10 00:48:36.596253+00:00,1783,17
2024-05-10 00:48:36.840825+00:00,1701,1
2024-05-10 00:48:36.901678+00:00,1254,11
2024-05-10 00:48:37.022772+00:00,1055,43
2024-05-10 00:48:37.048485+00:00,1136,1
2024-05-10 00:48:37.051287+00:00,1177,3
2024-05-10 00:48:37.292862+00:00,1137,15
2024-05-10 00:48:37.400718+00:00,1254,3
2024-05-10 00:48:37.505523+00:00,1622,5
2024-05-10 00:48:37.525921+00:00,1077,35
2024-05-10 00:48:37.526294+00:00,1055,3
2024-05-10 00:48:37.757669+00:00,1623,4
2024-05-10 00:48:37.787834+00:00,1137,20
2024-05-10 00:48:37.901831+00:00,1253,36
2024-05-10 00:48:38.042376+00:00,1178,2
2024-05-10 00:48:38.151911+00:00,1494,13
2024-05-10 00:48:38.263912+00:00,1829,19
2024-05-10 00:48:38.265001+00:00,1623,4
2024-05-10 00:48:38.290867+00:00,1137,18
2024-05-10 00:48:38.401520+00:00,1494,14
2024-05-10 00:48:38.521135+00:00,1055,66
2024-05-10 00:48:38.762087+00:00,1717,5
2024-05-10 00:48:39.011850+00:00,1717,1
2024-05-10 00:48:39.512738+00:00,1717,11
2024-05-10 00:48:39.765228+00:00,1718,10
2024-05-10 00:48:40.042799+00:00,1141,17
2024-05-10 00:48:40.044559+00:00,1179,61
2024-05-10 00:48:40.650780+00:00,1895,12
2024-05-10 00:48:41.006166+00:00,1802,2
2024-05-10 00:48:42.252663+00:00,1602,310
2024-05-10 00:48:42.400770+00:00,1994,7
2024-05-10 00:48:42.589007+00:00,1961,5
2024-05-10 00:48:42.651050+00:00,1024,2
2024-05-10 00:48:42.754836+00:00,1801,1
2024-05-10 00:48:43.287899+00:00,1148,20
2024-05-10 00:48:43.650513+00:00,1026,2
2024-05-10 00:48:43.754294+00:00,1802,1
2024-05-10 00:48:43.884022+00:00,1158,13
2024-05-10 00:48:44.019153+00:00,1061,3
2024-05-10 00:48:44.087835+00:00,1754,20
2024-05-10 00:48:44.256913+00:00,1803,22
2024-05-10 00:48:44.287925+00:00,1152,20
2024-05-10 00:48:44.400389+00:00,1028,1
2024-05-10 00:48:45.004509+00:00,1803,235
2024-05-10 00:48:45.337242+00:00,1046,30
2024-05-10 00:48:46.006058+00:00,1806,2
2024-05-10 00:48:46.276147+00:00,1051,33
2024-05-10 00:48:46.584259+00:00,1046,2
2024-05-10 00:48:46.631705+00:00,1306,30
2024-05-10 00:48:47.004062+00:00,1605,2
2024-05-10 00:48:47.037883+00:00,1156,18
2024-05-10 00:48:47.274803+00:00,1054,63
2024-05-10 00:48:47.282181+00:00,1664,13
2024-05-10 00:48:47.503320+00:00,1605,6
2024-05-10 00:48:47.521142+00:00,1664,4
2024-05-10 00:48:47.633330+00:00,1459,9
2024-05-10 00:48:47.769966+00:00,1768,4
2024-05-10 00:48:48.003302+00:00,1604,7
2024-05-10 00:48:48.082225+00:00,1907,46
2024-05-10 00:48:48.288568+00:00,1165,33
2024-05-10 00:48:48.504016+00:00,1602,17
2024-05-10 00:48:48.767016+00:00,1070,7
2024-05-10 00:48:48.832208+00:00,1047,70
2024-05-10 00:48:48.900517+00:00,1224,20
2024-05-10 00:48:49.633903+00:00,1461,12
2024-05-10 00:48:49.754508+00:00,1605,9
2024-05-10 00:48:50.041952+00:00,1186,40
2024-05-10 00:48:50.339369+00:00,1047,426
2024-05-10 00:48:50.341199+00:00,1408,12
2024-05-10 00:48:50.502644+00:00,1606,5
2024-05-10 00:48:50.517064+00:00,1070,1
2024-05-10 00:48:50.586088+00:00,1908,4
2024-05-10 00:48:50.587146+00:00,1408,9
2024-05-10 00:48:51.086999+00:00,1738,13
2024-05-10 00:48:51.087050+00:00,1761,1
2024-05-10 00:48:51.267208+00:00,1070,1
2024-05-10 00:48:51.295616+00:00,1212,39
2024-05-10 00:48:52.013838+00:00,1629,12
2024-05-10 00:48:52.018368+00:00,1070,6
2024-05-10 00:48:52.085847+00:00,1738,26
2024-05-10 00:48:52.086539+00:00,1763,5
2024-05-10 00:48:52.541912+00:00,1238,14
2024-05-10 00:48:52.788536+00:00,1558,4
2024-05-10 00:48:52.900520+00:00,1252,25
2024-05-10 00:48:53.258300+00:00,1629,9
2024-05-10 00:48:53.651696+00:00,1254,1
2024-05-10 00:48:53.767620+00:00,1591,9
2024-05-10 00:48:53.777412+00:00,2008,3
2024-05-10 00:48:54.005840+00:00,1630,23
2024-05-10 00:48:54.039497+00:00,1194,6
2024-05-10 00:48:54.261366+00:00,1631,3
2024-05-10 00:48:54.401979+00:00,1254,59
2024-05-10 00:48:54.514470+00:00,1635,23
2024-05-10 00:48:54.516642+00:00,1533,1
2024-05-10 00:48:54.585760+00:00,1908,4
2024-05-10 00:48:54.886072+00:00,1713,3
2024-05-10 00:48:54.905693+00:00,1224,8
2024-05-10 00:48:55.084366+00:00,1763,2
2024-05-10 00:48:55.406913+00:00,1254,59
2024-05-10 00:48:55.658482+00:00,1769,5
2024-05-10 00:48:55.770660+00:00,1158,6
2024-05-10 00:48:56.286807+00:00,1194,4
2024-05-10 00:48:56.511150+00:00,2040,4
2024-05-10 00:48:56.653374+00:00,1257,54
2024-05-10 00:48:56.788054+00:00,1195,3
2024-05-10 00:48:57.007828+00:00,1160,12
2024-05-10 00:48:57.277058+00:00,1398,72
2024-05-10 00:48:58.267383+00:00,1534,3
2024-05-10 00:48:58.382829+00:00,1613,8
2024-05-10 00:48:58.387648+00:00,1161,13
2024-05-10 00:48:58.758197+00:00,2039,1
2024-05-10 00:48:59.008070+00:00,2039,6
2024-05-10 00:48:59.267400+00:00,1537,2
2024-05-10 00:48:59.406216+00:00,1210,20
2024-05-10 00:48:59.758941+00:00,1932,9
2024-05-10 00:48:59.760946+00:00,1815,9
2024-05-10 00:48:59.769050+00:00,1604,9
2024-05-10 00:48:59.770466+00:00,1398,72
2024-05-10 00:48:59.904839+00:00,1210,20
2024-05-10 00:49:00.257419+00:00,1814,37
2024-05-10 00:49:00.286770+00:00,1707,2
2024-05-10 00:49:00.401137+00:00,1516,18
2024-05-10 00:49:00.403812+00:00,1993,8
2024-05-10 00:49:00.651487+00:00,1993,2
2024-05-10 00:49:00.786615+00:00,1708,1
2024-05-10 00:49:00.902030+00:00,1770,4
2024-05-10 00:49:01.005351+00:00,2028,1
2024-05-10 00:49:01.084711+00:00,1767,1
2024-05-10 00:49:01.139484+00:00,1463,1
2024-05-10 00:49:01.254169+00:00,1806,19
2024-05-10 00:49:01.286753+00:00,1709,3
2024-05-10 00:49:01.287969+00:00,1191,4
2024-05-10 00:49:01.333247+00:00,1768,1
2024-05-10 00:49:01.391511+00:00,1463,1
2024-05-10 00:49:01.506096+00:00,1808,1
2024-05-10 00:49:01.584749+00:00,1768,1
2024-05-10 00:49:01.644429+00:00,1463,8
2024-05-10 00:49:01.786659+00:00,1192,3
2024-05-10 00:49:02.036805+00:00,1709,2
2024-05-10 00:49:02.135483+00:00,1463,16
2024-05-10 00:49:02.273151+00:00,1201,2
2024-05-10 00:49:03.537289+00:00,1193,2
2024-05-10 00:49:04.151473+00:00,1773,3
2024-05-10 00:49:04.256967+00:00,1706,3
2024-05-10 00:49:05.037443+00:00,1245,41
2024-05-10 00:49:05.287044+00:00,1326,3
2024-05-10 00:49:05.347022+00:00,1769,99
2024-05-10 00:49:05.412861+00:00,1275,30
2024-05-10 00:49:06.503107+00:00,1933,8
2024-05-10 00:49:06.753024+00:00,1933,5
2024-05-10 00:49:06.788297+00:00,1244,42
2024-05-10 00:49:07.253007+00:00,1933,7
2024-05-10 00:49:07.286400+00:00,1242,3
2024-05-10 00:49:07.503317+00:00,1933,8
2024-05-10 00:49:07.517991+00:00,1077,35
2024-05-10 00:49:07.537969+00:00,1242,3
2024-05-10 00:49:08.003135+00:00,1935,6
2024-05-10 00:49:08.136866+00:00,1102,141
2024-05-10 00:49:08.263728+00:00,1935,6
2024-05-10 00:49:08.267371+00:00,2034,1
2024-05-10 00:49:08.287038+00:00,1243,3
2024-05-10 00:49:08.287288+00:00,1550,2
2024-05-10 00:49:08.289257+00:00,1337,25
2024-05-10 00:49:08.511656+00:00,1679,7
2024-05-10 00:49:08.512767+00:00,1935,1
2024-05-10 00:49:08.761889+00:00,1935,1
2024-05-10 00:49:08.788647+00:00,1588,13
2024-05-10 00:49:09.011261+00:00,1682,7
2024-05-10 00:49:09.011893+00:00,1936,5
2024-05-10 00:49:09.037554+00:00,1243,8
2024-05-10 00:49:09.038839+00:00,1322,7
2024-05-10 00:49:09.291306+00:00,1243,8
2024-05-10 00:49:09.788936+00:00,1323,17
2024-05-10 00:49:10.009531+00:00,1931,27
2024-05-10 00:49:10.256682+00:00,1670,1
2024-05-10 00:49:10.508349+00:00,1931,9
2024-05-10 00:49:10.509978+00:00,1820,49
2024-05-10 00:49:10.587599+00:00,1789,4
2024-05-10 00:49:10.754746+00:00,1142,3
2024-05-10 00:49:10.788162+00:00,1339,14
2024-05-10 00:49:10.843996+00:00,1788,13
2024-05-10 00:49:10.892053+00:00,1988,1
2024-05-10 00:49:11.006817+00:00,1821,75
2024-05-10 00:49:11.037909+00:00,1323,2
2024-05-10 00:49:11.252703+00:00,1671,39
2024-05-10 00:49:11.254997+00:00,1822,40
2024-05-10 00:49:11.271817+00:00,1523,69
2024-05-10 00:49:11.509726+00:00,1672,5
2024-05-10 00:49:11.640384+00:00,1989,6
2024-05-10 00:49:12.089887+00:00,1137,2
2024-05-10 00:49:12.290243+00:00,1323,2
2024-05-10 00:49:12.401879+00:00,1484,12
2024-05-10 00:49:12.402463+00:00,1248,3
2024-05-10 00:49:12.536998+00:00,1248,28
2024-05-10 00:49:12.789712+00:00,1340,27
2024-05-10 00:49:13.003719+00:00,1673,117
2024-05-10 00:49:13.150779+00:00,1248,3
2024-05-10 00:49:13.274196+00:00,1533,39
2024-05-10 00:49:13.401455+00:00,1494,18
2024-05-10 00:49:13.506923+00:00,2027,9
2024-05-10 00:49:13.522630+00:00,1618,9
2024-05-10 00:49:13.539368+00:00,1173,7
2024-05-10 00:49:14.002755+00:00,1676,154
2024-05-10 00:49:14.005796+00:00,1600,27
2024-05-10 00:49:14.022635+00:00,1618,9
2024-05-10 00:49:14.042120+00:00,1342,34
2024-05-10 00:49:14.151610+00:00,1248,15
2024-05-10 00:49:14.272663+00:00,1618,9
2024-05-10 00:49:14.338116+00:00,1788,46
2024-05-10 00:49:14.651486+00:00,1492,18
2024-05-10 00:49:14.839423+00:00,1796,3
2024-05-10 00:49:14.888758+00:00,1989,3
2024-05-10 00:49:15.003317+00:00,1924,9
2024-05-10 00:49:15.005943+00:00,1601,17
2024-05-10 00:49:15.638025+00:00,1990,5
2024-05-10 00:49:16.136859+00:00,1991,3
2024-05-10 00:49:16.538980+00:00,1264,27
2024-05-10 00:49:16.904279+00:00,1228,74
2024-05-10 00:49:17.151996+00:00,1246,32
2024-05-10 00:49:17.267187+00:00,1618,9
2024-05-10 00:49:17.339605+00:00,1829,12
2024-05-10 00:49:17.537242+00:00,1448,9
2024-05-10 00:49:17.836191+00:00,1884,9
2024-05-10 00:49:17.902844+00:00,1273,10
2024-05-10 00:49:18.152153+00:00,1243,43
2024-05-10 00:49:18.583971+00:00,1382,1
2024-05-10 00:49:19.038505+00:00,1358,13
2024-05-10 00:49:19.293307+00:00,1618,1
2024-05-10 00:49:19.295074+00:00,1618,6
2024-05-10 00:49:19.332071+00:00,1903,9
2024-05-10 00:49:19.383007+00:00,1992,2
2024-05-10 00:49:19.516714+00:00,1618,9
2024-05-10 00:49:19.786333+00:00,1622,3
2024-05-10 00:49:19.846127+00:00,1384,81
2024-05-10 00:49:20.039482+00:00,1621,2
2024-05-10 00:49:20.252969+00:00,1926,15
2024-05-10 00:49:20.591776+00:00,1829,12
2024-05-10 00:49:21.253142+00:00,1886,6
2024-05-10 00:49:21.289939+00:00,1627,2
2024-05-10 00:49:21.402790+00:00,1258,22
2024-05-10 00:49:22.395779+00:00,1162,17
2024-05-10 00:49:23.038118+00:00,1070,65
2024-05-10 00:49:23.150526+00:00,1275,3
2024-05-10 00:49:23.151444+00:00,1492,18
2024-05-10 00:49:23.787940+00:00,1628,7
2024-05-10 00:49:23.843521+00:00,1472,6
2024-05-10 00:49:23.887641+00:00,1164,23
2024-05-10 00:49:24.252614+00:00,1791,18
2024-05-10 00:49:24.266795+00:00,1106,3
2024-05-10 00:49:24.383937+00:00,1164,2
2024-05-10 00:49:24.502642+00:00,2023,1
2024-05-10 00:49:24.517959+00:00,1105,3
2024-05-10 00:49:24.642475+00:00,1164,12
2024-05-10 00:49:24.786612+00:00,1191,3
2024-05-10 00:49:25.257447+00:00,1168,7
2024-05-10 00:49:25.402708+00:00,1164,29
2024-05-10 00:49:25.503831+00:00,1168,10
2024-05-10 00:49:25.643278+00:00,1164,95
2024-05-10 00:49:25.754205+00:00,1610,4
2024-05-10 00:49:26.137701+00:00,1783,3
2024-05-10 00:49:26.907989+00:00,1494,4
2024-05-10 00:49:27.266648+00:00,1107,1
2024-05-10 00:49:27.406268+00:00,1494,19
2024-05-10 00:49:27.660592+00:00,1494,1
2024-05-10 00:49:27.754045+00:00,1929,9
2024-05-10 00:49:28.293263+00:00,1405,3
2024-05-10 00:49:28.407181+00:00,1495,18
2024-05-10 00:49:28.503146+00:00,1168,5
2024-05-10 00:49:28.540949+00:00,1366,90
2024-05-10 00:49:28.753736+00:00,1929,9
2024-05-10 00:49:28.766767+00:00,1108,2
2024-05-10 00:49:29.002667+00:00,1640,5
2024-05-10 00:49:29.147453+00:00,1214,32
2024-05-10 00:49:29.252928+00:00,1558,1
2024-05-10 00:49:29.503149+00:00,1556,5
2024-05-10 00:49:29.752997+00:00,1929,9
2024-05-10 00:49:30.153333+00:00,1964,6
2024-05-10 00:49:30.254150+00:00,1168,1
2024-05-10 00:49:30.504104+00:00,1169,4
2024-05-10 00:49:30.754745+00:00,1856,12
2024-05-10 00:49:31.004056+00:00,1640,2
2024-05-10 00:49:31.252777+00:00,1640,2
2024-05-10 00:49:31.504105+00:00,1856,12
2024-05-10 00:49:31.832117+00:00,1603,1
2024-05-10 00:49:32.297363+00:00,1953,11
2024-05-10 00:49:32.297973+00:00,1115,20
2024-05-10 00:49:32.503743+00:00,1048,3
2024-05-10 00:49:33.503082+00:00,1175,10
2024-05-10 00:49:34.082254+00:00,1606,4
2024-05-10 00:49:34.526810+00:00,1117,16
2024-05-10 00:49:34.755913+00:00,1184,10
2024-05-10 00:49:34.832008+00:00,1607,1
2024-05-10 00:49:35.082038+00:00,1606,7
2024-05-10 00:49:35.333103+00:00,1607,16
2024-05-10 00:49:36.003091+00:00,1931,18
2024-05-10 00:49:36.040248+00:00,1368,76
2024-05-10 00:49:36.273324+00:00,1119,41
2024-05-10 00:49:36.332030+00:00,1607,1
2024-05-10 00:49:36.504282+00:00,1191,7
2024-05-10 00:49:36.753227+00:00,1933,8
2024-05-10 00:49:36.832199+00:00,1608,1
2024-05-10 00:49:36.905765+00:00,1486,1
2024-05-10 00:49:36.908294+00:00,1992,3
2024-05-10 00:49:37.002632+00:00,1933,5
2024-05-10 00:49:37.005198+00:00,1846,52
2024-05-10 00:49:37.169193+00:00,1991,2
2024-05-10 00:49:37.253390+00:00,1935,5
2024-05-10 00:49:37.410722+00:00,1490,17
2024-05-10 00:49:37.414541+00:00,1991,1
2024-05-10 00:49:37.415405+00:00,1990,5
2024-05-10 00:49:37.502586+00:00,1935,2
2024-05-10 00:49:37.541731+00:00,1155,37
2024-05-10 00:49:37.661700+00:00,1490,19
2024-05-10 00:49:37.664653+00:00,1988,3
2024-05-10 00:49:37.832293+00:00,1609,1
2024-05-10 00:49:37.885088+00:00,1205,2
2024-05-10 00:49:38.038125+00:00,1590,4
2024-05-10 00:49:38.157014+00:00,1987,4
2024-05-10 00:49:38.334523+00:00,1808,116
2024-05-10 00:49:38.334711+00:00,1386,4
2024-05-10 00:49:38.582768+00:00,1609,1
2024-05-10 00:49:38.657366+00:00,1490,19
2024-05-10 00:49:38.661584+00:00,1987,4
2024-05-10 00:49:38.891156+00:00,1626,5
2024-05-10 00:49:38.906303+00:00,1491,20
2024-05-10 00:49:39.085872+00:00,1810,57
2024-05-10 00:49:39.086481+00:00,1902,2
2024-05-10 00:49:39.159793+00:00,1986,5
2024-05-10 00:49:39.258194+00:00,1591,3
2024-05-10 00:49:39.409145+00:00,1986,5
2024-05-10 00:49:39.754374+00:00,1940,9
2024-05-10 00:49:40.084613+00:00,1809,35
2024-05-10 00:49:40.660675+00:00,1492,21
2024-05-10 00:49:41.152017+00:00,1973,6
2024-05-10 00:49:42.154772+00:00,1987,1
2024-05-10 00:49:42.155634+00:00,1986,3
2024-05-10 00:49:42.536929+00:00,1082,1
2024-05-10 00:49:42.643050+00:00,1204,9
2024-05-10 00:49:42.753818+00:00,1941,2
2024-05-10 00:49:42.903110+00:00,1973,2
2024-05-10 00:49:43.262046+00:00,1775,1
2024-05-10 00:49:43.336781+00:00,1807,101
2024-05-10 00:49:43.540397+00:00,1369,1
2024-05-10 00:49:43.646083+00:00,1209,1
2024-05-10 00:49:43.660948+00:00,1490,21
2024-05-10 00:49:43.753228+00:00,1776,16
2024-05-10 00:49:44.253259+00:00,1779,13
2024-05-10 00:49:45.156707+00:00,1491,19
2024-05-10 00:49:45.502685+00:00,1791,1
2024-05-10 00:49:45.755395+00:00,1178,7
2024-05-10 00:49:46.003768+00:00,1443,30
2024-05-10 00:49:46.655800+00:00,1492,19
2024-05-10 00:49:46.887627+00:00,1792,3
2024-05-10 00:49:47.755816+00:00,1048,7
2024-05-10 00:49:48.254754+00:00,1446,30
2024-05-10 00:49:48.284645+00:00,1606,337
2024-05-10 00:49:48.528619+00:00,1606,1
2024-05-10 00:49:49.036255+00:00,1606,1
2024-05-10 00:49:50.141657+00:00,1987,9
2024-05-10 00:49:50.156039+00:00,1386,1
2024-05-10 00:49:50.508334+00:00,1055,3
2024-05-10 00:49:50.540401+00:00,1709,14
2024-05-10 00:49:50.906576+00:00,1989,2
2024-05-10 00:49:51.884961+00:00,1795,5
2024-05-10 00:49:51.910530+00:00,1989,2
2024-05-10 00:49:52.156481+00:00,1350,1
2024-05-10 00:49:52.156785+00:00,1492,15
2024-05-10 00:49:52.158737+00:00,1989,2
2024-05-10 00:49:52.258612+00:00,1054,1
2024-05-10 00:49:52.404153+00:00,1350,5
2024-05-10 00:49:52.902179+00:00,1351,4
2024-05-10 00:49:53.260275+00:00,1464,14
2024-05-10 00:49:53.405458+00:00,2031,6
2024-05-10 00:49:53.537741+00:00,1075,1
2024-05-10 00:49:53.655785+00:00,2034,5
2024-05-10 00:49:54.039558+00:00,1303,8
2024-05-10 00:49:54.259369+00:00,1186,2
2024-05-10 00:49:54.288900+00:00,1247,5
2024-05-10 00:49:54.516757+00:00,1103,31
2024-05-10 00:49:54.537950+00:00,1142,19
2024-05-10 00:49:54.583357+00:00,1475,19
2024-05-10 00:49:54.663040+00:00,1354,1
2024-05-10 00:49:54.766162+00:00,1187,7
2024-05-10 00:49:54.786424+00:00,1076,1
2024-05-10 00:49:55.037961+00:00,1077,4
2024-05-10 00:49:55.287138+00:00,1252,6
2024-05-10 00:49:55.514573+00:00,1192,9
2024-05-10 00:49:55.658769+00:00,1642,3
2024-05-10 00:49:55.786860+00:00,1253,5
2024-05-10 00:49:55.789269+00:00,1145,2
2024-05-10 00:49:56.041697+00:00,1309,5
2024-05-10 00:49:56.262468+00:00,1857,9
2024-05-10 00:49:56.402822+00:00,1644,22
2024-05-10 00:49:56.540651+00:00,1310,5
2024-05-10 00:49:56.652860+00:00,1644,3
2024-05-10 00:49:56.903145+00:00,1647,3
2024-05-10 00:49:57.042793+00:00,1147,2
2024-05-10 00:49:57.755334+00:00,1593,2
2024-05-10 00:49:57.889108+00:00,1307,4
2024-05-10 00:49:57.902195+00:00,2039,1
2024-05-10 00:49:58.008501+00:00,1047,8
2024-05-10 00:49:58.043044+00:00,1258,5
2024-05-10 00:49:58.389255+00:00,1570,70
2024-05-10 00:49:58.408553+00:00,1937,15
2024-05-10 00:49:58.409270+00:00,2039,1
2024-05-10 00:49:58.838538+00:00,1477,322
2024-05-10 00:49:58.911239+00:00,1646,1
2024-05-10 00:49:59.010368+00:00,1032,3
2024-05-10 00:49:59.019080+00:00,1247,4
2024-05-10 00:49:59.167992+00:00,1644,2
2024-05-10 00:49:59.266202+00:00,1248,1
2024-05-10 00:49:59.408927+00:00,1644,9
2024-05-10 00:49:59.511928+00:00,1859,14
2024-05-10 00:50:00.007970+00:00,1033,4
2024-05-10 00:50:00.017025+00:00,1421,9
2024-05-10 00:50:00.040572+00:00,1258,3
2024-05-10 00:50:00.163659+00:00,1667,22
2024-05-10 00:50:00.510375+00:00,1862,17
2024-05-10 00:50:00.759926+00:00,1862,8
2024-05-10 00:50:00.840731+00:00,1478,13
2024-05-10 00:50:01.008644+00:00,1862,3
2024-05-10 00:50:01.037475+00:00,1258,2
2024-05-10 00:50:01.261467+00:00,1418,6
2024-05-10 00:50:01.264477+00:00,1033,4
2024-05-10 00:50:01.288251+00:00,1258,1
2024-05-10 00:50:01.412164+00:00,1090,9
2024-05-10 00:50:01.414308+00:00,1298,123
2024-05-10 00:50:01.504992+00:00,1812,10
2024-05-10 00:50:01.527459+00:00,1158,14
2024-05-10 00:50:01.661148+00:00,1383,138
2024-05-10 00:50:01.756792+00:00,1035,3
2024-05-10 00:50:01.790885+00:00,1137,12
2024-05-10 00:50:01.791138+00:00,1152,34
2024-05-10 00:50:01.908348+00:00,1983,6
2024-05-10 00:50:02.041766+00:00,1257,4
2024-05-10 00:50:02.266335+00:00,1423,4
2024-05-10 00:50:02.294536+00:00,1152,79
2024-05-10 00:50:02.345163+00:00,1479,99
2024-05-10 00:50:02.504320+00:00,1033,1
2024-05-10 00:50:02.538660+00:00,1275,11
2024-05-10 00:50:02.653569+00:00,1985,1
2024-05-10 00:50:02.758055+00:00,1033,4
2024-05-10 00:50:02.791942+00:00,1152,79
2024-05-10 00:50:03.517485+00:00,1035,7
2024-05-10 00:50:03.539923+00:00,1140,9
2024-05-10 00:50:03.643075+00:00,1829,15
2024-05-10 00:50:03.662482+00:00,1988,46
2024-05-10 00:50:03.890470+00:00,1669,13
2024-05-10 00:50:03.908962+00:00,1410,13
2024-05-10 00:50:04.038095+00:00,1490,98
2024-05-10 00:50:04.406676+00:00,1989,1
2024-05-10 00:50:04.757228+00:00,1467,253
2024-05-10 00:50:04.914395+00:00,1178,2
2024-05-10 00:50:05.039205+00:00,1143,6
2024-05-10 00:50:05.402439+00:00,1178,4
2024-05-10 00:50:05.403080+00:00,1179,3
2024-05-10 00:50:05.523028+00:00,1361,12
2024-05-10 00:50:05.599778+00:00,1674,1
2024-05-10 00:50:05.656204+00:00,1178,4
2024-05-10 00:50:05.766691+00:00,1406,1
2024-05-10 00:50:05.845214+00:00,1452,496
2024-05-10 00:50:06.273024+00:00,1406,1
2024-05-10 00:50:06.344325+00:00,1675,51
2024-05-10 00:50:06.410332+00:00,1993,4
2024-05-10 00:50:06.840451+00:00,1904,102
2024-05-10 00:50:07.338713+00:00,1906,85
2024-05-10 00:50:07.339351+00:00,1317,2
2024-05-10 00:50:07.389662+00:00,1645,236
2024-05-10 00:50:07.755227+00:00,1869,5
2024-05-10 00:50:07.886954+00:00,1669,22
2024-05-10 00:50:08.156694+00:00,1422,4
2024-05-10 00:50:08.411031+00:00,1387,121
2024-05-10 00:50:08.592937+00:00,1907,86
2024-05-10 00:50:09.332830+00:00,1565,1
2024-05-10 00:50:09.658084+00:00,1258,24
2024-05-10 00:50:10.152532+00:00,1432,4
2024-05-10 00:50:10.756627+00:00,1871,2
2024-05-10 00:50:10.786746+00:00,1495,1
2024-05-10 00:50:11.334374+00:00,1908,1
2024-05-10 00:50:11.503671+00:00,1052,3
2024-05-10 00:50:12.082406+00:00,1462,55
2024-05-10 00:50:12.254891+00:00,1467,21
2024-05-10 00:50:12.791152+00:00,1389,4
2024-05-10 00:50:13.047263+00:00,1498,2
2024-05-10 00:50:13.059326+00:00,1796,5
2024-05-10 00:50:13.254259+00:00,1058,9
2024-05-10 00:50:13.536784+00:00,1796,5
2024-05-10 00:50:13.538726+00:00,1172,21
2024-05-10 00:50:13.755669+00:00,1058,9
2024-05-10 00:50:13.831849+00:00,1472,70
2024-05-10 00:50:14.003905+00:00,1041,4
2024-05-10 00:50:14.254475+00:00,1600,9
2024-05-10 00:50:14.650295+00:00,1360,1
2024-05-10 00:50:14.790644+00:00,1178,6
2024-05-10 00:50:14.882174+00:00,1671,21
2024-05-10 00:50:15.018979+00:00,1313,13
2024-05-10 00:50:15.039184+00:00,1179,8
2024-05-10 00:50:15.516891+00:00,1380,2
2024-05-10 00:50:15.537166+00:00,1179,8
2024-05-10 00:50:16.086053+00:00,1665,42
2024-05-10 00:50:17.301817+00:00,1289,50
2024-05-10 00:50:17.390127+00:00,1217,32
2024-05-10 00:50:17.766787+00:00,1313,2
2024-05-10 00:50:17.895349+00:00,1216,24
2024-05-10 00:50:18.141691+00:00,1810,2
2024-05-10 00:50:18.141839+00:00,1216,10
2024-05-10 00:50:18.502841+00:00,1286,13
2024-05-10 00:50:18.644851+00:00,1216,32
2024-05-10 00:50:18.753225+00:00,1587,55
2024-05-10 00:50:19.004230+00:00,1041,1
2024-05-10 00:50:19.154403+00:00,1773,3
2024-05-10 00:50:19.401893+00:00,1953,5
2024-05-10 00:50:19.833102+00:00,1489,1
2024-05-10 00:50:20.018428+00:00,1379,3
2024-05-10 00:50:20.047997+00:00,1277,12
2024-05-10 00:50:20.401703+00:00,1773,3
2024-05-10 00:50:20.583768+00:00,1489,8
2024-05-10 00:50:20.790459+00:00,1497,9
2024-05-10 00:50:21.023461+00:00,1268,2
2024-05-10 00:50:21.267106+00:00,1379,3
2024-05-10 00:50:21.583509+00:00,1956,1
2024-05-10 00:50:21.583769+00:00,1707,6
2024-05-10 00:50:22.294776+00:00,1508,12
2024-05-10 00:50:22.334849+00:00,1707,19
2024-05-10 00:50:22.652052+00:00,1965,22
2024-05-10 00:50:22.902645+00:00,1965,34
2024-05-10 00:50:23.037796+00:00,1498,36
2024-05-10 00:50:23.252912+00:00,1043,2
2024-05-10 00:50:23.537322+00:00,1960,6
2024-05-10 00:50:23.900650+00:00,1773,3
2024-05-10 00:50:24.640883+00:00,1644,8
2024-05-10 00:50:24.758176+00:00,2027,13
2024-05-10 00:50:24.832538+00:00,1497,9
2024-05-10 00:50:25.386596+00:00,1647,22
2024-05-10 00:50:25.403174+00:00,2006,3
2024-05-10 00:50:25.654314+00:00,2007,12
2024-05-10 00:50:25.843985+00:00,1721,18
2024-05-10 00:50:25.882110+00:00,1648,1
2024-05-10 00:50:25.883298+00:00,1812,15
2024-05-10 00:50:26.385017+00:00,1649,29
2024-05-10 00:50:26.588140+00:00,1498,8
2024-05-10 00:50:27.037801+00:00,1286,1
2024-05-10 00:50:27.090269+00:00,1498,8
2024-05-10 00:50:27.093020+00:00,1033,3
2024-05-10 00:50:27.159480+00:00,2017,2
2024-05-10 00:50:27.631106+00:00,1171,8
2024-05-10 00:50:27.657503+00:00,1389,14
2024-05-10 00:50:27.882675+00:00,1649,19
2024-05-10 00:50:28.027496+00:00,1604,2
2024-05-10 00:50:28.382403+00:00,1171,8
2024-05-10 00:50:29.267644+00:00,1213,2
2024-05-10 00:50:29.632162+00:00,1219,22
2024-05-10 00:50:30.026734+00:00,1215,1
2024-05-10 00:50:30.583141+00:00,1942,9
2024-05-10 00:50:31.286476+00:00,1960,7
2024-05-10 00:50:31.786922+00:00,1961,5
2024-05-10 00:50:32.382280+00:00,1223,9
2024-05-10 00:50:32.536644+00:00,1237,1
2024-05-10 00:50:32.635605+00:00,1228,25
2024-05-10 00:50:32.787351+00:00,1962,2
2024-05-10 00:50:33.288063+00:00,1963,1
2024-05-10 00:50:33.631913+00:00,1996,3
2024-05-10 00:50:34.536631+00:00,1964,3
2024-05-10 00:50:34.841206+00:00,1943,77
2024-05-10 00:50:35.040301+00:00,1964,4
2024-05-10 00:50:35.162165+00:00,1696,5
2024-05-10 00:50:35.262846+00:00,1534,54
2024-05-10 00:50:35.287121+00:00,1519,1
2024-05-10 00:50:35.292737+00:00,1451,14
2024-05-10 00:50:35.293476+00:00,1315,6
2024-05-10 00:50:35.414113+00:00,1697,3
2024-05-10 00:50:36.020718+00:00,1213,2
2024-05-10 00:50:36.046837+00:00,1966,1
2024-05-10 00:50:36.155895+00:00,1697,1
2024-05-10 00:50:36.155989+00:00,1063,13
2024-05-10 00:50:36.157984+00:00,1845,1
2024-05-10 00:50:36.253509+00:00,1288,13
2024-05-10 00:50:36.504123+00:00,1288,16
2024-05-10 00:50:36.525108+00:00,1213,2
2024-05-10 00:50:36.632996+00:00,1293,3
2024-05-10 00:50:36.652705+00:00,1698,3
2024-05-10 00:50:36.773372+00:00,1213,2
2024-05-10 00:50:37.003778+00:00,1288,16
2024-05-10 00:50:37.519569+00:00,1213,9
2024-05-10 00:50:37.540244+00:00,1632,3
2024-05-10 00:50:38.263407+00:00,1510,56
2024-05-10 00:50:38.521969+00:00,2022,3
2024-05-10 00:50:38.587644+00:00,1809,2
2024-05-10 00:50:38.588885+00:00,1993,15
2024-05-10 00:50:38.662319+00:00,1700,1
2024-05-10 00:50:38.787780+00:00,1317,23
2024-05-10 00:50:38.894073+00:00,1229,31
2024-05-10 00:50:40.045355+00:00,1296,2
2024-05-10 00:50:40.253270+00:00,1604,3
2024-05-10 00:50:40.548050+00:00,1316,46
2024-05-10 00:50:40.586486+00:00,1566,1
2024-05-10 00:50:40.755175+00:00,1474,53
2024-05-10 00:50:41.043209+00:00,1316,13
2024-05-10 00:50:41.290717+00:00,1299,13
2024-05-10 00:50:41.658775+00:00,1958,12
2024-05-10 00:50:41.795690+00:00,1333,70
2024-05-10 00:50:41.915149+00:00,1958,12
2024-05-10 00:50:42.018470+00:00,1214,6
2024-05-10 00:50:42.042271+00:00,1236,3
2024-05-10 00:50:42.043145+00:00,1299,1
2024-05-10 00:50:42.300919+00:00,1316,29
2024-05-10 00:50:42.388014+00:00,1996,3
2024-05-10 00:50:42.405479+00:00,1962,8
2024-05-10 00:50:42.541262+00:00,1296,148
2024-05-10 00:50:42.835150+00:00,1716,1
2024-05-10 00:50:43.007014+00:00,1938,9
2024-05-10 00:50:43.048682+00:00,1299,8
2024-05-10 00:50:43.269646+00:00,1214,8
2024-05-10 00:50:43.404881+00:00,1777,8
2024-05-10 00:50:43.505182+00:00,1599,13
2024-05-10 00:50:43.833320+00:00,1563,4
2024-05-10 00:50:43.882599+00:00,1648,1
2024-05-10 00:50:44.638247+00:00,1649,29
2024-05-10 00:50:44.790970+00:00,1340,54
2024-05-10 00:50:45.002693+00:00,1940,5
2024-05-10 00:50:45.005252+00:00,1611,4
2024-05-10 00:50:45.087513+00:00,1717,1
2024-05-10 00:50:45.089142+00:00,1717,1
2024-05-10 00:50:45.256811+00:00,1941,4
2024-05-10 00:50:45.505240+00:00,1513,13
2024-05-10 00:50:45.582775+00:00,1718,1
2024-05-10 00:50:45.754034+00:00,1942,3
2024-05-10 00:50:46.003275+00:00,1615,4
2024-05-10 00:50:46.041495+00:00,1298,4
2024-05-10 00:50:46.254348+00:00,1944,67
2024-05-10 00:50:46.503141+00:00,1329,3
2024-05-10 00:50:46.636955+00:00,1814,15
2024-05-10 00:50:46.653142+00:00,1405,87
2024-05-10 00:50:47.039082+00:00,1300,1
2024-05-10 00:50:47.151485+00:00,1781,16
2024-05-10 00:50:47.292187+00:00,1345,13
2024-05-10 00:50:47.386441+00:00,1178,28
2024-05-10 00:50:47.538816+00:00,1221,1
2024-05-10 00:50:47.539005+00:00,1313,16
2024-05-10 00:50:47.791015+00:00,1342,20
2024-05-10 00:50:48.004439+00:00,1612,2
2024-05-10 00:50:48.082399+00:00,1813,52
2024-05-10 00:50:48.293191+00:00,1313,6
2024-05-10 00:50:48.293484+00:00,1221,5
2024-05-10 00:50:48.333976+00:00,1814,1
2024-05-10 00:50:48.502973+00:00,1944,1
2024-05-10 00:50:48.539303+00:00,1947,9
2024-05-10 00:50:48.583916+00:00,1814,20
2024-05-10 00:50:48.651404+00:00,1740,14
2024-05-10 00:50:48.754375+00:00,1944,67
2024-05-10 00:50:48.900488+00:00,1740,1
2024-05-10 00:50:49.004641+00:00,1613,42
2024-05-10 00:50:49.158524+00:00,1741,6
2024-05-10 00:50:49.254014+00:00,1945,90
2024-05-10 00:50:49.401852+00:00,1559,1
2024-05-10 00:50:49.502832+00:00,1319,13
2024-05-10 00:50:49.909150+00:00,1963,1
2024-05-10 00:50:50.044383+00:00,1226,1
2024-05-10 00:50:50.155885+00:00,1963,6
2024-05-10 00:50:50.383992+00:00,1293,16
2024-05-10 00:50:50.583412+00:00,1816,31
2024-05-10 00:50:50.652273+00:00,1963,6
2024-05-10 00:50:50.901661+00:00,1963,3
2024-05-10 00:50:51.132711+00:00,1214,256
2024-05-10 00:50:52.048805+00:00,1289,14
2024-05-10 00:50:52.082095+00:00,1492,32
2024-05-10 00:50:52.131049+00:00,1306,3
2024-05-10 00:50:52.881961+00:00,1306,3
2024-05-10 00:50:52.918837+00:00,1963,6
2024-05-10 00:50:53.007711+00:00,1329,3
2024-05-10 00:50:53.151606+00:00,1963,5
2024-05-10 00:50:55.257225+00:00,1945,3
2024-05-10 00:50:55.503809+00:00,1946,2
2024-05-10 00:50:56.141323+00:00,1233,12
2024-05-10 00:50:56.151725+00:00,1778,5
2024-05-10 00:50:56.152321+00:00,1214,9
2024-05-10 00:50:56.153782+00:00,1415,8
2024-05-10 00:50:56.252674+00:00,1947,13
2024-05-10 00:50:56.271494+00:00,1685,3
2024-05-10 00:50:56.522623+00:00,1221,1
2024-05-10 00:50:56.586442+00:00,1505,9
2024-05-10 00:50:56.651103+00:00,1484,12
2024-05-10 00:50:57.252447+00:00,1949,70
2024-05-10 00:50:57.270933+00:00,1685,3
2024-05-10 00:50:57.503085+00:00,1205,3
2024-05-10 00:50:57.537220+00:00,1948,28
2024-05-10 00:50:57.651466+00:00,1559,3
2024-05-10 00:50:57.753716+00:00,1949,9
2024-05-10 00:50:57.754818+00:00,1790,21
2024-05-10 00:50:57.792483+00:00,1207,4
2024-05-10 00:50:57.888955+00:00,1178,25
2024-05-10 00:50:58.383244+00:00,1233,12
2024-05-10 00:50:58.400897+00:00,1561,3
2024-05-10 00:50:58.403205+00:00,1965,3
2024-05-10 00:50:58.504180+00:00,1949,63
2024-05-10 00:50:58.516709+00:00,1221,4
2024-05-10 00:50:58.651185+00:00,1561,15
2024-05-10 00:50:58.770876+00:00,1685,5
2024-05-10 00:50:58.901345+00:00,1562,16
2024-05-10 00:50:59.018202+00:00,1586,20
2024-05-10 00:50:59.252764+00:00,1540,16
2024-05-10 00:50:59.253761+00:00,1791,18
2024-05-10 00:50:59.266596+00:00,1222,1
2024-05-10 00:50:59.385511+00:00,1828,7
2024-05-10 00:50:59.401148+00:00,1562,25
2024-05-10 00:50:59.503696+00:00,1951,6
2024-05-10 00:50:59.517110+00:00,1222,4
2024-05-10 00:50:59.525991+00:00,1685,3
2024-05-10 00:50:59.537465+00:00,1349,6
2024-05-10 00:50:59.767835+00:00,1589,10
2024-05-10 00:51:00.002571+00:00,1792,1
2024-05-10 00:51:00.040837+00:00,1210,3
2024-05-10 00:51:00.139645+00:00,1233,18
2024-05-10 00:51:00.153998+00:00,1562,16
2024-05-10 00:51:00.267769+00:00,1589,17
2024-05-10 00:51:00.503157+00:00,1810,3
2024-05-10 00:51:00.837898+00:00,1513,376
2024-05-10 00:51:00.901426+00:00,1562,15
2024-05-10 00:51:01.266874+00:00,1428,1
2024-05-10 00:51:01.387798+00:00,1846,1
2024-05-10 00:51:01.650830+00:00,1782,3
2024-05-10 00:51:01.887721+00:00,1834,4
2024-05-10 00:51:01.888124+00:00,1846,1
2024-05-10 00:51:01.902207+00:00,1563,18
2024-05-10 00:51:02.002431+00:00,1810,14
2024-05-10 00:51:02.003129+00:00,1635,1
2024-05-10 00:51:02.134775+00:00,1847,2
2024-05-10 00:51:02.400738+00:00,1564,18
2024-05-10 00:51:02.503640+00:00,1612,1
2024-05-10 00:51:02.537855+00:00,1953,1
2024-05-10 00:51:02.838917+00:00,1382,1
2024-05-10 00:51:02.900273+00:00,1565,1
2024-05-10 00:51:02.905713+00:00,1967,3
2024-05-10 00:51:03.152354+00:00,1433,5
2024-05-10 00:51:03.155839+00:00,1967,3
2024-05-10 00:51:03.402664+00:00,1566,23
2024-05-10 00:51:03.505069+00:00,1613,6
2024-05-10 00:51:03.520099+00:00,1562,3
2024-05-10 00:51:03.656204+00:00,1967,3
2024-05-10 00:51:03.755043+00:00,1812,15
2024-05-10 00:51:03.797204+00:00,1354,1
2024-05-10 00:51:03.906775+00:00,1965,42
2024-05-10 00:51:04.006838+00:00,1812,12
2024-05-10 00:51:04.168944+00:00,1967,3
2024-05-10 00:51:04.411763+00:00,1967,3
2024-05-10 00:51:04.542157+00:00,1958,1
2024-05-10 00:51:05.382175+00:00,1024,7
2024-05-10 00:51:05.409352+00:00,1780,3
2024-05-10 00:51:05.410593+00:00,1437,98
2024-05-10 00:51:05.502689+00:00,1813,47
2024-05-10 00:51:05.632667+00:00,1871,19
2024-05-10 00:51:05.771178+00:00,1226,9
2024-05-10 00:51:05.792106+00:00,1918,1
2024-05-10 00:51:05.906042+00:00,1780,3
2024-05-10 00:51:06.025133+00:00,1871,1
2024-05-10 00:51:06.166340+00:00,1969,30
2024-05-10 00:51:06.288322+00:00,1916,24
2024-05-10 00:51:07.042554+00:00,1916,18
2024-05-10 00:51:07.662518+00:00,1971,1
2024-05-10 00:51:07.837438+00:00,1568,2
2024-05-10 00:51:08.503555+00:00,1517,10
2024-05-10 00:51:08.753708+00:00,1640,4
2024-05-10 00:51:09.152938+00:00,1973,4
2024-05-10 00:51:09.153899+00:00,1973,4
2024-05-10 00:51:09.387703+00:00,1650,25
2024-05-10 00:51:09.650703+00:00,1569,7
2024-05-10 00:51:09.839813+00:00,1838,24
2024-05-10 00:51:09.885655+00:00,1651,1
2024-05-10 00:51:10.008384+00:00,1521,7
2024-05-10 00:51:10.152171+00:00,1569,8
2024-05-10 00:51:10.632202+00:00,1026,5
2024-05-10 00:51:10.651697+00:00,1570,9
2024-05-10 00:51:11.635279+00:00,1655,1
2024-05-10 00:51:11.650332+00:00,1832,2
2024-05-10 00:51:11.905202+00:00,1975,65
2024-05-10 00:51:12.024395+00:00,1332,9
2024-05-10 00:51:12.152485+00:00,1975,53
2024-05-10 00:51:12.153644+00:00,1975,1
2024-05-10 00:51:12.252294+00:00,1969,45
2024-05-10 00:51:12.382981+00:00,1027,1
2024-05-10 00:51:12.400962+00:00,1570,8
2024-05-10 00:51:12.651058+00:00,1777,1
2024-05-10 00:51:12.839740+00:00,1559,197
2024-05-10 00:51:12.884698+00:00,1657,19
2024-05-10 00:51:13.010197+00:00,1609,5
2024-05-10 00:51:13.087496+00:00,1214,89
2024-05-10 00:51:13.517566+00:00,1429,3
2024-05-10 00:51:13.650337+00:00,1452,29
2024-05-10 00:51:14.088201+00:00,1235,16
2024-05-10 00:51:14.152853+00:00,1452,28
2024-05-10 00:51:14.400714+00:00,1979,1
2024-05-10 00:51:14.401535+00:00,1979,3
2024-05-10 00:51:14.650645+00:00,1979,3
2024-05-10 00:51:14.902627+00:00,1979,3
2024-05-10 00:51:15.087388+00:00,1620,9
2024-05-10 00:51:15.903187+00:00,1569,7
2024-05-10 00:51:16.408870+00:00,1569,11
2024-05-10 00:51:16.412882+00:00,1983,5
2024-05-10 00:51:16.639681+00:00,1024,7
2024-05-10 00:51:16.660124+00:00,1570,10
2024-05-10 00:51:16.662818+00:00,1982,5
2024-05-10 00:51:17.022711+00:00,1238,12
2024-05-10 00:51:17.152048+00:00,1570,1
